Workbook

Sheet Standings
A1: Players | B1: Wins | D1: Requested features:
A2: {=sort(A13:B22,2,false)} -> Jacob | B2: 82 | D2: add an "advice" button that always returned "hey nico, don't pick stanford" - you could change it each week to insult someone new
A3: Josh R. | B3: 72 | D3: bug fix: remove repeated games from day filtered views
A4: Nick A. | B4: 70
A5: Vu | B5: 65
A6: Justin | B6: 65
A7: Nico | B7: 65
A8: Frank | B8: 63
A9: Brad | B9: 63
A10: Josh T. | B10: 63
A11: Gary | B11: 58
A12: 50582 | B12: 0
A13: Frank | B13: =sumif('Current Week'!A:A,A13,'Current Week'!C:C) -> 63
A14: Brad | B14: =sumif('Current Week'!A:A,A14,'Current Week'!C:C) -> 63
A15: Vu | B15: =sumif('Current Week'!A:A,A15,'Current Week'!C:C) -> 65
A16: Nick A. | B16: =sumif('Current Week'!A:A,A16,'Current Week'!C:C) -> 70
A17: Jacob | B17: =sumif('Current Week'!A:A,A17,'Current Week'!C:C) -> 82
A18: Justin | B18: =sumif('Current Week'!A:A,A18,'Current Week'!C:C) -> 65
A19: Gary | B19: =sumif('Current Week'!A:A,A19,'Current Week'!C:C) -> 58
A20: Josh R. | B20: =sumif('Current Week'!A:A,A20,'Current Week'!C:C) -> 72
A21: Nico | B21: =sumif('Current Week'!A:A,A21,'Current Week'!C:C) -> 65
A22: Josh T. | B22: =sumif('Current Week'!A:A,A22,'Current Week'!C:C) -> 63

Sheet Draft Evaluation Work
A1: Team | B1: Conf | C1: Player | D1: Draft Positions | E1: Current Wins | F1: Front of Run Weighted | G1: End of Run Weighted
A2: Clemson | B2: ACC | C2: Gary | D2: 1 | E2: =VLOOKUP(A2,'Current Week'!B:C,2,0) -> 11 | F2: =iferror(VLOOKUP(A2,DraftTracker!F:AU,3,0)+if((VLOOKUP(A2,DraftTracker!F:AU,4,0)-VLOOKUP(A2,DraftTracker!F:AU,3,0))>0,(VLOOKUP(A2,DraftTracker!F:AU,4,0)-VLOOKUP(A2,DraftTracker!F:AU,3,0)),0)*0.5,"") -> 1.5 | G2: =iferror(VLOOKUP(A2,DraftTracker!F:AW,5,0)+if((VLOOKUP(A2,DraftTracker!F:AW,6,0)-VLOOKUP(A2,DraftTracker!F:AW,5,0))>0,(VLOOKUP(A2,DraftTracker!F:AW,6,0)-VLOOKUP(A2,DraftTracker!F:AW,5,0)),0)*0.5,"") -> 0
A3: Houston | B3: AAC | C3: Josh R. | D3: 2 | E3: =VLOOKUP(A3,'Current Week'!B:C,2,0) -> 9 | F3: =iferror(VLOOKUP(A3,DraftTracker!F:AU,3,0)+if((VLOOKUP(A3,DraftTracker!F:AU,4,0)-VLOOKUP(A3,DraftTracker!F:AU,3,0))>0,(VLOOKUP(A3,DraftTracker!F:AU,4,0)-VLOOKUP(A3,DraftTracker!F:AU,3,0)),0)*0.5,"") -> 0 | G3: =iferror(VLOOKUP(A3,DraftTracker!F:AW,5,0)+if((VLOOKUP(A3,DraftTracker!F:AW,6,0)-VLOOKUP(A3,DraftTracker!F:AW,5,0))>0,(VLOOKUP(A3,DraftTracker!F:AW,6,0)-VLOOKUP(A3,DraftTracker!F:AW,5,0)),0)*0.5,"") -> 0
A4: Alabama | B4: SEC | C4: Jacob | D4: 3 | E4: =VLOOKUP(A4,'Current Week'!B:C,2,0) -> 12 | F4: =iferror(VLOOKUP(A4,DraftTracker!F:AU,3,0)+if((VLOOKUP(A4,DraftTracker!F:AU,4,0)-VLOOKUP(A4,DraftTracker!F:AU,3,0))>0,(VLOOKUP(A4,DraftTracker!F:AU,4,0)-VLOOKUP(A4,DraftTracker!F:AU,3,0)),0)*0.5,"") -> 2 | G4: =iferror(VLOOKUP(A4,DraftTracker!F:AW,5,0)+if((VLOOKUP(A4,DraftTracker!F:AW,6,0)-VLOOKUP(A4,DraftTracker!F:AW,5,0))>0,(VLOOKUP(A4,DraftTracker!F:AW,6,0)-VLOOKUP(A4,DraftTracker!F:AW,5,0)),0)*0.5,"") -> 0
A5: Oklahoma | B5: Big 12 | C5: Brad | D5: 4 | E5: =VLOOKUP(A5,'Current Week'!B:C,2,0) -> 10 | F5: =iferror(VLOOKUP(A5,DraftTracker!F:AU,3,0)+if((VLOOKUP(A5,DraftTracker!F:AU,4,0)-VLOOKUP(A5,DraftTracker!F:AU,3,0))>0,(VLOOKUP(A5,DraftTracker!F:AU,4,0)-VLOOKUP(A5,DraftTracker!F:AU,3,0)),0)*0.5,"") -> 4 | G5: =iferror(VLOOKUP(A5,DraftTracker!F:AW,5,0)+if((VLOOKUP(A5,DraftTracker!F:AW,6,0)-VLOOKUP(A5,DraftTracker!F:AW,5,0))>0,(VLOOKUP(A5,DraftTracker!F:AW,6,0)-VLOOKUP(A5,DraftTracker!F:AW,5,0)),0)*0.5,"") -> 0
A6: Boise State | B6: MWC | C6: Nico | D6: 5 | E6: =VLOOKUP(A6,'Current Week'!B:C,2,0) -> 10 | F6: =iferror(VLOOKUP(A6,DraftTracker!F:AU,3,0)+if((VLOOKUP(A6,DraftTracker!F:AU,4,0)-VLOOKUP(A6,DraftTracker!F:AU,3,0))>0,(VLOOKUP(A6,DraftTracker!F:AU,4,0)-VLOOKUP(A6,DraftTracker!F:AU,3,0)),0)*0.5,"") -> 1.5 | G6: =iferror(VLOOKUP(A6,DraftTracker!F:AW,5,0)+if((VLOOKUP(A6,DraftTracker!F:AW,6,0)-VLOOKUP(A6,DraftTracker!F:AW,5,0))>0,(VLOOKUP(A6,DraftTracker!F:AW,6,0)-VLOOKUP(A6,DraftTracker!F:AW,5,0)),0)*0.5,"") -> 0
A7: Florida State | B7: ACC | C7: Vu | D7: 6 | E7: =VLOOKUP(A7,'Current Week'!B:C,2,0) -> 9 | F7: =iferror(VLOOKUP(A7,DraftTracker!F:AU,3,0)+if((VLOOKUP(A7,DraftTracker!F:AU,4,0)-VLOOKUP(A7,DraftTracker!F:AU,3,0))>0,(VLOOKUP(A7,DraftTracker!F:AU,4,0)-VLOOKUP(A7,DraftTracker!F:AU,3,0)),0)*0.5,"") -> 1 | G7: =iferror(VLOOKUP(A7,DraftTracker!F:AW,5,0)+if((VLOOKUP(A7,DraftTracker!F:AW,6,0)-VLOOKUP(A7,DraftTracker!F:AW,5,0))>0,(VLOOKUP(A7,DraftTracker!F:AW,6,0)-VLOOKUP(A7,DraftTracker!F:AW,5,0)),0)*0.5,"") -> 0
A8: LSU | B8: SEC | C8: Josh T. | D8: 7 | E8: =VLOOKUP(A8,'Current Week'!B:C,2,0) -> 7 | F8: =iferror(VLOOKUP(A8,DraftTracker!F:AU,3,0)+if((VLOOKUP(A8,DraftTracker!F:AU,4,0)-VLOOKUP(A8,DraftTracker!F:AU,3,0))>0,(VLOOKUP(A8,DraftTracker!F:AU,4,0)-VLOOKUP(A8,DraftTracker!F:AU,3,0)),0)*0.5,"") -> 1 | G8: =iferror(VLOOKUP(A8,DraftTracker!F:AW,5,0)+if((VLOOKUP(A8,DraftTracker!F:AW,6,0)-VLOOKUP(A8,DraftTracker!F:AW,5,0))>0,(VLOOKUP(A8,DraftTracker!F:AW,6,0)-VLOOKUP(A8,DraftTracker!F:AW,5,0)),0)*0.5,"") -> 0
A9: Ohio State | B9: Big Ten | C9: Justin | D9: 8 | E9: =VLOOKUP(A9,'Current Week'!B:C,2,0) -> 11 | F9: =iferror(VLOOKUP(A9,DraftTracker!F:AU,3,0)+if((VLOOKUP(A9,DraftTracker!F:AU,4,0)-VLOOKUP(A9,DraftTracker!F:AU,3,0))>0,(VLOOKUP(A9,DraftTracker!F:AU,4,0)-VLOOKUP(A9,DraftTracker!F:AU,3,0)),0)*0.5,"") -> 2 | G9: =iferror(VLOOKUP(A9,DraftTracker!F:AW,5,0)+if((VLOOKUP(A9,DraftTracker!F:AW,6,0)-VLOOKUP(A9,DraftTracker!F:AW,5,0))>0,(VLOOKUP(A9,DraftTracker!F:AW,6,0)-VLOOKUP(A9,DraftTracker!F:AW,5,0)),0)*0.5,"") -> 0
A10: Stanford | B10: Pac12 | C10: Frank | D10: 9 | E10: =VLOOKUP(A10,'Current Week'!B:C,2,0) -> 9 | F10: =iferror(VLOOKUP(A10,DraftTracker!F:AU,3,0)+if((VLOOKUP(A10,DraftTracker!F:AU,4,0)-VLOOKUP(A10,DraftTracker!F:AU,3,0))>0,(VLOOKUP(A10,DraftTracker!F:AU,4,0)-VLOOKUP(A10,DraftTracker!F:AU,3,0)),0)*0.5,"") -> 1 | G10: =iferror(VLOOKUP(A10,DraftTracker!F:AW,5,0)+if((VLOOKUP(A10,DraftTracker!F:AW,6,0)-VLOOKUP(A10,DraftTracker!F:AW,5,0))>0,(VLOOKUP(A10,DraftTracker!F:AW,6,0)-VLOOKUP(A10,DraftTracker!F:AW,5,0)),0)*0.5,"") -> 0
A11: Baylor | B11: Big 12 | C11: Nick A. | D11: 10 | E11: =VLOOKUP(A11,'Current Week'!B:C,2,0) -> 6 | F11: =iferror(VLOOKUP(A11,DraftTracker!F:AU,3,0)+if((VLOOKUP(A11,DraftTracker!F:AU,4,0)-VLOOKUP(A11,DraftTracker!F:AU,3,0))>0,(VLOOKUP(A11,DraftTracker!F:AU,4,0)-VLOOKUP(A11,DraftTracker!F:AU,3,0)),0)*0.5,"") -> 3.5 | G11: =iferror(VLOOKUP(A11,DraftTracker!F:AW,5,0)+if((VLOOKUP(A11,DraftTracker!F:AW,6,0)-VLOOKUP(A11,DraftTracker!F:AW,5,0))>0,(VLOOKUP(A11,DraftTracker!F:AW,6,0)-VLOOKUP(A11,DraftTracker!F:AW,5,0)),0)*0.5,"") -> 0
A12: Michigan | B12: Big Ten | C12: Nick A. | D12: 11 | E12: =VLOOKUP(A12,'Current Week'!B:C,2,0) -> 10 | F12: =iferror(VLOOKUP(A12,DraftTracker!F:AU,3,0)+if((VLOOKUP(A12,DraftTracker!F:AU,4,0)-VLOOKUP(A12,DraftTracker!F:AU,3,0))>0,(VLOOKUP(A12,DraftTracker!F:AU,4,0)-VLOOKUP(A12,DraftTracker!F:AU,3,0)),0)*0.5,"") -> 1.5 | G12: =iferror(VLOOKUP(A12,DraftTracker!F:AW,5,0)+if((VLOOKUP(A12,DraftTracker!F:AW,6,0)-VLOOKUP(A12,DraftTracker!F:AW,5,0))>0,(VLOOKUP(A12,DraftTracker!F:AW,6,0)-VLOOKUP(A12,DraftTracker!F:AW,5,0)),0)*0.5,"") -> 1
A13: Tennessee | B13: SEC | C13: Frank | D13: 12 | E13: =VLOOKUP(A13,'Current Week'!B:C,2,0) -> 8 | F13: =iferror(VLOOKUP(A13,DraftTracker!F:AU,3,0)+if((VLOOKUP(A13,DraftTracker!F:AU,4,0)-VLOOKUP(A13,DraftTracker!F:AU,3,0))>0,(VLOOKUP(A13,DraftTracker!F:AU,4,0)-VLOOKUP(A13,DraftTracker!F:AU,3,0)),0)*0.5,"") -> 0 | G13: =iferror(VLOOKUP(A13,DraftTracker!F:AW,5,0)+if((VLOOKUP(A13,DraftTracker!F:AW,6,0)-VLOOKUP(A13,DraftTracker!F:AW,5,0))>0,(VLOOKUP(A13,DraftTracker!F:AW,6,0)-VLOOKUP(A13,DraftTracker!F:AW,5,0)),0)*0.5,"") -> 2
... A101: Kent State | B101: MAC | C101: Gary | D101: 100 | E101: =VLOOKUP(A101,'Current Week'!B:C,2,0) -> 3 | F101: =iferror(VLOOKUP(A101,DraftTracker!F:AU,3,0)+if((VLOOKUP(A101,DraftTracker!F:AU,4,0)-VLOOKUP(A101,DraftTracker!F:AU,3,0))>0,(VLOOKUP(A101,DraftTracker!F:AU,4,0)-VLOOKUP(A101,DraftTracker!F:AU,3,0)),0)*0.5,"") -> 2 | G101: =iferror(VLOOKUP(A101,DraftTracker!F:AW,5,0)+if((VLOOKUP(A101,DraftTracker!F:AW,6,0)-VLOOKUP(A101,DraftTracker!F:AW,5,0))>0,(VLOOKUP(A101,DraftTracker!F:AW,6,0)-VLOOKUP(A101,DraftTracker!F:AW,5,0)),0)*0.5,"") -> 1.5

Sheet Current Week
A1: Player | B1: Team | C1: W | D1: L | E1: Network | F1: Match Up | G1: Time Left/Start | H1: Line | I1: Over/Under | J1: Opponent | K1: Sort
A2: Gary | B2: TCU | C2: 6 | D2: =IFERROR(__xludf.DUMMYFUNCTION("index(split(FILTER(Sheet34!B:B,arrayformula(not(iserror(find(B2,Sheet34!A:A)))),arrayformula(value(iferror(REGEXEXTRACT(Sheet34!E:E,""(\d{1,2})-""),99))=value(C2))),""-""),1,2)"),5.0) -> 5 | E2: ESPN | F2: BYE | H2: 1 | I2: No Line | K2: 9999
A3: Gary | B3: Florida | C3: 8 | D3: 4 | E3: CBS | F3: BYE | H3: -2½ | I3: No Line | K3: 9999
A4: Gary | B4: Texas State | C4: 2 | D4: =IFERROR(__xludf.DUMMYFUNCTION("index(split(FILTER(Sheet34!B:B,arrayformula(not(iserror(find(B4,Sheet34!A:A)))),arrayformula(value(iferror(REGEXEXTRACT(Sheet34!E:E,""(\d{1,2})-""),99))=value(C4))),""-""),1,2)"),8.0) -> 8 | E4: NA | F4: BYE | H4: bye | I4: bye | K4: 9999
A5: Gary | B5: Clemson | C5: 11 | D5: 1 | E5: ACC | F5: BYE | H5: -3½ | I5: No Line | K5: 9999
A6: Gary | B6: Kent State | C6: 3 | D6: =IFERROR(__xludf.DUMMYFUNCTION("index(split(FILTER(Sheet34!B:B,arrayformula(not(iserror(find(B6,Sheet34!A:A)))),arrayformula(value(iferror(REGEXEXTRACT(Sheet34!E:E,""(\d{1,2})-""),99))=value(C6))),""-""),1,2)"),6.0) -> 6 | E6: ESPN3 | F6: BYE | H6: bye | I6: bye | K6: 9999
A7: Gary | B7: Iowa | C7: 8 | D7: =IFERROR(__xludf.DUMMYFUNCTION("index(split(FILTER(Sheet34!B:B,arrayformula(not(iserror(find(B7,Sheet34!A:A)))),arrayformula(value(iferror(REGEXEXTRACT(Sheet34!E:E,""(\d{1,2})-""),99))=value(C7))),""-""),1,2)"),3.0) -> 3 | E7: BTN | F7: BYE | H7: 2½ | I7: No Line | K7: 9999
A8: Gary | B8: Cincinnati | C8: 4 | D8: =IFERROR(__xludf.DUMMYFUNCTION("index(split(FILTER(Sheet34!B:B,arrayformula(not(iserror(find(B8,Sheet34!A:A)))),arrayformula(value(iferror(REGEXEXTRACT(Sheet34!E:E,""(\d{1,2})-""),99))=value(C8))),""-""),1,2)"),7.0) -> 7 | E8: BTN | F8: BYE | H8: bye | I8: bye | K8: 9999
A9: Gary | B9: Arizona State | C9: 5 | D9: =IFERROR(__xludf.DUMMYFUNCTION("index(split(FILTER(Sheet34!B:B,arrayformula(not(iserror(find(B9,Sheet34!A:A)))),arrayformula(value(iferror(REGEXEXTRACT(Sheet34!E:E,""(\d{1,2})-""),99))=value(C9))),""-""),1,2)"),7.0) -> 7 | E9: FS1 | F9: BYE | H9: bye | I9: bye | K9: 9999
A10: Gary | B10: Marshall | C10: 3 | D10: =IFERROR(__xludf.DUMMYFUNCTION("index(split(FILTER(Sheet34!B:B,arrayformula(not(iserror(find(B10,Sheet34!A:A)))),arrayformula(value(iferror(REGEXEXTRACT(Sheet34!E:E,""(\d{1,2})-""),99))=value(C10))),""-""),1,2)"),6.0) -> 6 | E10: beIN Sports | F10: BYE | H10: bye | I10: bye | K10: 9999
A11: Gary | B11: New Mexico | C11: 8 | D11: 4 | E11: AggieVision | F11: BYE | H11: -7 | I11: No Line | K11: 9999
A12: Player | B12: Team | C12: W | E12: Network | F12: Match Up | G12: Time Left/Start | H12: Line | I12: Over/Under | J12: Opponent | K12: Sort
A13: Josh R. | B13: Troy | C13: 9 | D13: 3 | E13: ACC | F13: BYE | H13: -3½ | I13: No Line | K13: 9999
A14: Josh R. | B14: Akron | C14: 5 | D14: =IFERROR(__xludf.DUMMYFUNCTION("index(split(FILTER(Sheet34!B:B,arrayformula(not(iserror(find(B14,Sheet34!A:A)))),arrayformula(value(iferror(REGEXEXTRACT(Sheet34!E:E,""(\d{1,2})-""),99))=value(C14))),""-""),1,2)"),5.0) -> 5 | E14: BTN | F14: BYE | H14: bye | I14: bye | K14: 9999
A15: Josh R. | B15: Houston | C15: 9 | D15: =IFERROR(__xludf.DUMMYFUNCTION("index(split(FILTER(Sheet34!B:B,arrayformula(not(iserror(find(B15,Sheet34!A:A)))),arrayformula(value(iferror(REGEXEXTRACT(Sheet34!E:E,""(\d{1,2})-""),99))=value(C15))),""-""),1,2)"),3.0) -> 3 | E15: American Sports | F15: BYE | H15: 3 | I15: No Line | K15: 9999
A16: Josh R. | B16: Air Force | C16: 9 | D16: =IFERROR(__xludf.DUMMYFUNCTION("iferror(index(split(FILTER(Sheet34!B:B,arrayformula(not(iserror(find(B16,Sheet34!A:A)))),arrayformula(value(iferror(REGEXEXTRACT(Sheet34!E:E,""(\d{1,2})-""),99))=value(C16))),""-""),1,2),12-C16)"),3.0) -> 3 | E16: Campus Insiders | F16: BYE | H16: -12½ | I16: No Line | K16: 9999
A17: Josh R. | B17: Texas | C17: 5 | D17: =IFERROR(__xludf.DUMMYFUNCTION("iferror(index(split(FILTER(Sheet34!B:B,arrayformula(not(iserror(find(B17,Sheet34!A:A)))),arrayformula(value(iferror(REGEXEXTRACT(Sheet34!E:E,""(\d{1,2})-""),99))=value(C17))),""-""),1,2),12-C17)"),6.0) -> 6 | E17: Longhorn | F17: BYE | H17: bye | I17: bye | K17: 9999
A18: Josh R. | B18: Arizona | C18: 3 | D18: =IFERROR(__xludf.DUMMYFUNCTION("iferror(index(split(FILTER(Sheet34!B:B,arrayformula(not(iserror(find(B18,Sheet34!A:A)))),arrayformula(value(iferror(REGEXEXTRACT(Sheet34!E:E,""(\d{1,2})-""),99))=value(C18))),""-""),1,2),12-C18)"),8.0) -> 8 | E18: Pac-12 | F18: BYE | H18: bye | I18: bye | K18: 9999
A19: Josh R. | B19: Auburn | C19: 8 | D19: =IFERROR(__xludf.DUMMYFUNCTION("iferror(index(split(FILTER(Sheet34!B:B,arrayformula(not(iserror(find(B19,Sheet34!A:A)))),arrayformula(value(iferror(REGEXEXTRACT(Sheet34!E:E,""(\d{1,2})-""),99))=value(C19))),""-""),1,2),12-C19)"),3.0) -> 3 | E19: SEC | F19: BYE | H19: 4½ | I19: No Line | K19: 9999
A20: Josh R. | B20: Minnesota | C20: 8 | D20: =IFERROR(__xludf.DUMMYFUNCTION("iferror(index(split(FILTER(Sheet34!B:B,arrayformula(not(iserror(find(B20,Sheet34!A:A)))),arrayformula(value(iferror(REGEXEXTRACT(Sheet34!E:E,""(\d{1,2})-""),99))=value(C20))),""-""),1,2),12-C20)"),4.0) -> 4 | E20: ESPNEWS | F20: BYE | H20: -6½ | I20: No Line | K20: 9999
A21: Josh R. | B21: Miami | C21: 8 | D21: =IFERROR(__xludf.DUMMYFUNCTION("iferror(index(split(FILTER(Sheet34!B:B,arrayformula(not(iserror(find(B21,Sheet34!A:A)))),arrayformula(value(iferror(REGEXEXTRACT(Sheet34!E:E,""(\d{1,2})-""),99))=value(C21))),""-""),1,2),12-C21)"),4.0) -> 4 | E21: ACC Extra | F21: BYE | H21: bye | I21: bye | K21: 9999
A22: Josh R. | B22: Middle Tennessee | C22: 8 | D22: =IFERROR(__xludf.DUMMYFUNCTION("iferror(index(split(FILTER(Sheet34!B:B,arrayformula(not(iserror(find(B22,Sheet34!A:A)))),arrayformula(value(iferror(REGEXEXTRACT(Sheet34!E:E,""(\d{1,2})-""),99))=value(C22))),""-""),1,2),12-C22)"),3.0) -> 3 | E22: SEC Alternate | F22: BYE | I22: No Line | K22: 9999
A23: Player | B23: Team | C23: W | E23: Network | F23: Match Up | G23: Time Left/Start | H23: Line | I23: Over/Under | J23: Opponent | K23: Sort
A24: Jacob | B24: Louisiana Lafayette | C24: 6 | D24: =IFERROR(__xludf.DUMMYFUNCTION("iferror(index(split(FILTER(Sheet34!B:B,arrayformula(not(iserror(find(B24,Sheet34!A:A)))),arrayformula(value(iferror(REGEXEXTRACT(Sheet34!E:E,""(\d{1,2})-""),99))=value(C24))),""-""),1,2),12-C24)"),6.0) -> 6 | E24: KLAF | F24: BYE | H24: -3 | I24: No Line | K24: 9999
A25: Jacob | B25: West Virginia | C25: 10 | D25: =IFERROR(__xludf.DUMMYFUNCTION("iferror(index(split(FILTER(Sheet34!B:B,arrayformula(not(iserror(find(B25,Sheet34!A:A)))),arrayformula(value(iferror(REGEXEXTRACT(Sheet34!E:E,""(\d{1,2})-""),99))=value(C25))),""-""),1,2),12-C25)"),2.0) -> 2 | E25: ROOT Sports Pittsburgh | F25: BYE | H25: 3 | I25: No Line | K25: 9999
A26: Jacob | B26: Alabama | C26: 12 | D26: =IFERROR(__xludf.DUMMYFUNCTION("iferror(index(split(FILTER(Sheet34!B:B,arrayformula(not(iserror(find(B26,Sheet34!A:A)))),arrayformula(value(iferror(REGEXEXTRACT(Sheet34!E:E,""(\d{1,2})-""),99))=value(C26))),""-""),1,2),12-C26)"),0.0) -> 0 | E26: ESPN2 | F26: BYE | H26: -16½ | I26: No Line | K26: 9999
A27: Jacob | B27: Penn State | C27: 10 | D27: =IFERROR(__xludf.DUMMYFUNCTION("iferror(index(split(FILTER(Sheet34!B:B,arrayformula(not(iserror(find(B27,Sheet34!A:A)))),arrayformula(value(iferror(REGEXEXTRACT(Sheet34!E:E,""(\d{1,2})-""),99))=value(C27))),""-""),1,2),12-C27)"),2.0) -> 2 | E27: ESPN | F27: BYE | H27: -7 | I27: No Line | K27: 9999
A28: Jacob | B28: Southern Mississippi | C28: 6 | D28: =IFERROR(__xludf.DUMMYFUNCTION("iferror(index(split(FILTER(Sheet34!B:B,arrayformula(not(iserror(find(B28,Sheet34!A:A)))),arrayformula(value(iferror(REGEXEXTRACT(Sheet34!E:E,""(\d{1,2})-""),99))=value(C28))),""-""),1,2),12-C28)"),6.0) -> 6 | E28: NA | F28: BYE | H28: bye | I28: bye | K28: 9999
A29: Jacob | B29: Toledo | C29: 9 | D29: =IFERROR(__xludf.DUMMYFUNCTION("iferror(index(split(FILTER(Sheet34!B:B,arrayformula(not(iserror(find(B29,Sheet34!A:A)))),arrayformula(value(iferror(REGEXEXTRACT(Sheet34!E:E,""(\d{1,2})-""),99))=value(C29))),""-""),1,2),12-C29)"),2.0) -> 2 | E29: ESPN3 | F29: BYE | H29: -1 | I29: No Line | K29: 9999
A30: Jacob | B30: Tulsa | C30: 9 | D30: =IFERROR(__xludf.DUMMYFUNCTION("iferror(index(split(FILTER(Sheet34!B:B,arrayformula(not(iserror(find(B30,Sheet34!A:A)))),arrayformula(value(iferror(REGEXEXTRACT(Sheet34!E:E,""(\d{1,2})-""),99))=value(C30))),""-""),1,2),12-C30)"),3.0) -> 3 | E30: ABC | F30: BYE | H30: -12 | I30: No Line | K30: 9999
A31: Jacob | B31: Georgia Tech | C31: 8 | D31: =IFERROR(__xludf.DUMMYFUNCTION("iferror(index(split(FILTER(Sheet34!B:B,arrayformula(not(iserror(find(B31,Sheet34!A:A)))),arrayformula(value(iferror(REGEXEXTRACT(Sheet34!E:E,""(\d{1,2})-""),99))=value(C31))),""-""),1,2),12-C31)"),4.0) -> 4 | E31: ACC Extra | F31: BYE | H31: -4 | I31: No Line | K31: 9999
A32: Jacob | B32: California | C32: 5 | D32: =IFERROR(__xludf.DUMMYFUNCTION("iferror(index(split(FILTER(Sheet34!B:B,arrayformula(not(iserror(find(B32,Sheet34!A:A)))),arrayformula(value(iferror(REGEXEXTRACT(Sheet34!E:E,""(\d{1,2})-""),99))=value(C32))),""-""),1,2),12-C32)"),6.0) -> 6 | E32: CBS Sports | F32: BYE | H32: bye | I32: bye | K32: 9999
A33: Jacob | B33: Colorado State | C33: 7 | D33: =IFERROR(__xludf.DUMMYFUNCTION("iferror(index(split(FILTER(Sheet34!B:B,arrayformula(not(iserror(find(B33,Sheet34!A:A)))),arrayformula(value(iferror(REGEXEXTRACT(Sheet34!E:E,""(\d{1,2})-""),99))=value(C33))),""-""),1,2),12-C33)"),3.0) -> 3 | E33: Campus Insiders | F33: BYE | H33: 13½ | I33: No Line | K33: 9999
A34: Player | B34: Team | C34: W | E34: Network | F34: Match Up | G34: Time Left/Start | H34: Line | I34: Over/Under | J34: Opponent | K34: Sort
A35: Brad | B35: Western Kentucky | C35: 9 | D35: =IFERROR(__xludf.DUMMYFUNCTION("iferror(index(split(FILTER(Sheet34!B:B,arrayformula(not(iserror(find(B35,Sheet34!A:A)))),arrayformula(value(iferror(REGEXEXTRACT(Sheet34!E:E,""(\d{1,2})-""),99))=value(C35))),""-""),1,2),12-C35)"),3.0) -> 3 | E35: ESPN2 | F35: BYE | H35: -4 | I35: No Line | K35: 9999
A36: Brad | B36: Oklahoma | C36: 10 | D36: =IFERROR(__xludf.DUMMYFUNCTION("iferror(index(split(FILTER(Sheet34!B:B,arrayformula(not(iserror(find(B36,Sheet34!A:A)))),arrayformula(value(iferror(REGEXEXTRACT(Sheet34!E:E,""(\d{1,2})-""),99))=value(C36))),""-""),1,2),12-C36)"),2.0) -> 2 | E36: FSN PPV | F36: BYE | H36: -4½ | I36: No Line | K36: 9999
A37: Brad | B37: Idaho | C37: 8 | D37: =IFERROR(__xludf.DUMMYFUNCTION("iferror(index(split(FILTER(Sheet34!B:B,arrayformula(not(iserror(find(B37,Sheet34!A:A)))),arrayformula(value(iferror(REGEXEXTRACT(Sheet34!E:E,""(\d{1,2})-""),99))=value(C37))),""-""),1,2),12-C37)"),4.0) -> 4 | E37: Pac-12 | F37: BYE | H37: -13½ | I37: No Line | K37: 9999
A38: Brad | B38: Bowling Green | C38: 4 | D38: =IFERROR(__xludf.DUMMYFUNCTION("iferror(index(split(FILTER(Sheet34!B:B,arrayformula(not(iserror(find(B38,Sheet34!A:A)))),arrayformula(value(iferror(REGEXEXTRACT(Sheet34!E:E,""(\d{1,2})-""),99))=value(C38))),""-""),1,2),12-C38)"),5.0) -> 5 | E38: American Sports | F38: BYE | H38: bye | I38: bye | K38: 9999
A39: Brad | B39: Nebraska | C39: 9 | D39: =IFERROR(__xludf.DUMMYFUNCTION("iferror(index(split(FILTER(Sheet34!B:B,arrayformula(not(iserror(find(B39,Sheet34!A:A)))),arrayformula(value(iferror(REGEXEXTRACT(Sheet34!E:E,""(\d{1,2})-""),99))=value(C39))),""-""),1,2),12-C39)"),3.0) -> 3 | E39: ESPN2 | F39: BYE | H39: 3 | I39: No Line | K39: 9999
A40: Brad | B40: Georgia | C40: 7 | D40: =IFERROR(__xludf.DUMMYFUNCTION("iferror(index(split(FILTER(Sheet34!B:B,arrayformula(not(iserror(find(B40,Sheet34!A:A)))),arrayformula(value(iferror(REGEXEXTRACT(Sheet34!E:E,""(\d{1,2})-""),99))=value(C40))),""-""),1,2),12-C40)"),5.0) -> 5 | E40: SEC | F40: BYE | H40: -1 | I40: No Line | K40: 9999
A41: Brad | B41: Pittsburgh | C41: 8 | D41: =IFERROR(__xludf.DUMMYFUNCTION("iferror(index(split(FILTER(Sheet34!B:B,arrayformula(not(iserror(find(B41,Sheet34!A:A)))),arrayformula(value(iferror(REGEXEXTRACT(Sheet34!E:E,""(\d{1,2})-""),99))=value(C41))),""-""),1,2),12-C41)"),3.0) -> 3 | E41: ESPN | F41: BYE | H41: -5 | I41: No Line | K41: 9999
A42: Brad | B42: Fresno State | C42: 1 | D42: =IFERROR(__xludf.DUMMYFUNCTION("iferror(index(split(FILTER(Sheet34!B:B,arrayformula(not(iserror(find(B42,Sheet34!A:A)))),arrayformula(value(iferror(REGEXEXTRACT(Sheet34!E:E,""(\d{1,2})-""),99))=value(C42))),""-""),1,2),12-C42)"),8.0) -> 8 | E42: NA | F42: BYE | H42: bye | I42: bye | K42: 9999
A43: Brad | B43: Connecticut | C43: 3 | D43: =IFERROR(__xludf.DUMMYFUNCTION("iferror(index(split(FILTER(Sheet34!B:B,arrayformula(not(iserror(find(B43,Sheet34!A:A)))),arrayformula(value(iferror(REGEXEXTRACT(Sheet34!E:E,""(\d{1,2})-""),99))=value(C43))),""-""),1,2),12-C43)"),7.0) -> 7 | E43: CBS Sports | F43: BYE | H43: bye | I43: bye | K43: 9999
A44: Brad | B44: UCLA | C44: 4 | D44: =IFERROR(__xludf.DUMMYFUNCTION("iferror(index(split(FILTER(Sheet34!B:B,arrayformula(not(iserror(find(B44,Sheet34!A:A)))),arrayformula(value(iferror(REGEXEXTRACT(Sheet34!E:E,""(\d{1,2})-""),99))=value(C44))),""-""),1,2),12-C44)"),7.0) -> 7 | E44: Pac-12 | F44: BYE | H44: bye | I44: bye | K44: 9999
A45: Player | B45: Team | C45: W | E45: Network | F45: Match Up | G45: Time Left/Start | H45: Line | I45: Over/Under | J45: Opponent | K45: Sort
A46: Nico | B46: Temple | C46: 9 | D46: =IFERROR(__xludf.DUMMYFUNCTION("iferror(index(split(FILTER(Sheet34!B:B,arrayformula(not(iserror(find(B46,Sheet34!A:A)))),arrayformula(value(iferror(REGEXEXTRACT(Sheet34!E:E,""(\d{1,2})-""),99))=value(C46))),""-""),1,2),12-C46)"),3.0) -> 3 | E46: ESPN3 | F46: BYE | H46: -13 | I46: No Line | K46: 9999
A47: Nico | B47: Wisconsin | C47: 10 | D47: =IFERROR(__xludf.DUMMYFUNCTION("iferror(index(split(FILTER(Sheet34!B:B,arrayformula(not(iserror(find(B47,Sheet34!A:A)))),arrayformula(value(iferror(REGEXEXTRACT(Sheet34!E:E,""(\d{1,2})-""),99))=value(C47))),""-""),1,2),12-C47)"),2.0) -> 2 | E47: BTN | F47: BYE | H47: -7½ | I47: No Line | K47: 9999
A48: Nico | B48: Central Michigan | C48: 6 | D48: =IFERROR(__xludf.DUMMYFUNCTION("iferror(index(split(FILTER(Sheet34!B:B,arrayformula(not(iserror(find(B48,Sheet34!A:A)))),arrayformula(value(iferror(REGEXEXTRACT(Sheet34!E:E,""(\d{1,2})-""),99))=value(C48))),""-""),1,2),12-C48)"),5.0) -> 5 | E48: FS1 | F48: BYE | H48: 12 | I48: No Line | K48: 9999
A49: Nico | B49: Boise State | C49: 10 | D49: =IFERROR(__xludf.DUMMYFUNCTION("iferror(index(split(FILTER(Sheet34!B:B,arrayformula(not(iserror(find(B49,Sheet34!A:A)))),arrayformula(value(iferror(REGEXEXTRACT(Sheet34!E:E,""(\d{1,2})-""),99))=value(C49))),""-""),1,2),12-C49)"),2.0) -> 2 | E49: NA | F49: BYE | H49: -9 | I49: No Line | K49: 9999
A50: Nico | B50: Kansas | C50: 2 | D50: =IFERROR(__xludf.DUMMYFUNCTION("iferror(index(split(FILTER(Sheet34!B:B,arrayformula(not(iserror(find(B50,Sheet34!A:A)))),arrayformula(value(iferror(REGEXEXTRACT(Sheet34!E:E,""(\d{1,2})-""),99))=value(C50))),""-""),1,2),12-C50)"),8.0) -> 8 | E50: FSN | F50: BYE | H50: bye | I50: bye | K50: 9999
A51: Nico | B51: Boston College | C51: 6 | D51: =IFERROR(__xludf.DUMMYFUNCTION("iferror(index(split(FILTER(Sheet34!B:B,arrayformula(not(iserror(find(B51,Sheet34!A:A)))),arrayformula(value(iferror(REGEXEXTRACT(Sheet34!E:E,""(\d{1,2})-""),99))=value(C51))),""-""),1,2),12-C51)"),6.0) -> 6 | E51: American Sports | F51: BYE | H51: -2 | I51: No Line | K51: 9999
A52: Nico | B52: Florida Intl | C52: 4 | D52: =IFERROR(__xludf.DUMMYFUNCTION("iferror(index(split(FILTER(Sheet34!B:B,arrayformula(not(iserror(find(B52,Sheet34!A:A)))),arrayformula(value(iferror(REGEXEXTRACT(Sheet34!E:E,""(\d{1,2})-""),99))=value(C52))),""-""),1,2),12-C52)"),4.0) -> 4 | E52: CBS Sports | F52: BYE | H52: bye | I52: bye | K52: 9999
A53: Nico | B53: Mississippi State | C53: 5 | D53: =IFERROR(__xludf.DUMMYFUNCTION("iferror(index(split(FILTER(Sheet34!B:B,arrayformula(not(iserror(find(B53,Sheet34!A:A)))),arrayformula(value(iferror(REGEXEXTRACT(Sheet34!E:E,""(\d{1,2})-""),99))=value(C53))),""-""),1,2),12-C53)"),7.0) -> 7 | E53: ESPN2 | F53: BYE | H53: bye | I53: bye | K53: 9999
A54: Nico | B54: Appalachian State | C54: 9 | D54: =IFERROR(__xludf.DUMMYFUNCTION("iferror(index(split(FILTER(Sheet34!B:B,arrayformula(not(iserror(find(B54,Sheet34!A:A)))),arrayformula(value(iferror(REGEXEXTRACT(Sheet34!E:E,""(\d{1,2})-""),99))=value(C54))),""-""),1,2),12-C54)"),3.0) -> 3 | E54: American Sports | F54: BYE | H54: 1 | I54: No Line | K54: 9999
A55: Nico | B55: Oregon | C55: 4 | D55: =IFERROR(__xludf.DUMMYFUNCTION("iferror(index(split(FILTER(Sheet34!B:B,arrayformula(not(iserror(find(B55,Sheet34!A:A)))),arrayformula(value(iferror(REGEXEXTRACT(Sheet34!E:E,""(\d{1,2})-""),99))=value(C55))),""-""),1,2),12-C55)"),6.0) -> 6 | E55: ESPN | F55: BYE | H55: bye | I55: bye | K55: 9999
A56: Player | B56: Team | C56: W | E56: Network | F56: Match Up | G56: Time Left/Start | H56: Line | I56: Over/Under | J56: Opponent | K56: Sort
A57: Vu | B57: Navy | C57: 9 | D57: =IFERROR(__xludf.DUMMYFUNCTION("iferror(index(split(FILTER(Sheet34!B:B,arrayformula(not(iserror(find(B57,Sheet34!A:A)))),arrayformula(value(iferror(REGEXEXTRACT(Sheet34!E:E,""(\d{1,2})-""),99))=value(C57))),""-""),1,2),12-C57)"),1.0) -> 1 | E57: CBS Sports | F57: Navy at Army | G57: SAT, DEC 10 3:00 PM ET | H57: -7 | I57: 48 | J57: Undrafted | K57: 9999
A58: Vu | B58: Georgia State | C58: 3 | D58: =IFERROR(__xludf.DUMMYFUNCTION("iferror(index(split(FILTER(Sheet34!B:B,arrayformula(not(iserror(find(B58,Sheet34!A:A)))),arrayformula(value(iferror(REGEXEXTRACT(Sheet34!E:E,""(\d{1,2})-""),99))=value(C58))),""-""),1,2),12-C58)"),6.0) -> 6 | E58: Campus Insiders | F58: BYE | H58: bye | I58: bye | K58: 9999
A59: Vu | B59: San Diego State | C59: 9 | D59: =IFERROR(__xludf.DUMMYFUNCTION("iferror(index(split(FILTER(Sheet34!B:B,arrayformula(not(iserror(find(B59,Sheet34!A:A)))),arrayformula(value(iferror(REGEXEXTRACT(Sheet34!E:E,""(\d{1,2})-""),99))=value(C59))),""-""),1,2),12-C59)"),3.0) -> 3 | E59: CBS Sports | F59: BYE | H59: -3 | I59: No Line | K59: 9999
A60: Vu | B60: Texas A&M | C60: 8 | D60: =IFERROR(__xludf.DUMMYFUNCTION("iferror(index(split(FILTER(Sheet34!B:B,arrayformula(not(iserror(find(B60,Sheet34!A:A)))),arrayformula(value(iferror(REGEXEXTRACT(Sheet34!E:E,""(\d{1,2})-""),99))=value(C60))),""-""),1,2),12-C60)"),4.0) -> 4 | E60: SEC Alternate | F60: BYE | H60: -2 | I60: No Line | K60: 9999
A61: Vu | B61: Buffalo | C61: 2 | D61: =IFERROR(__xludf.DUMMYFUNCTION("iferror(index(split(FILTER(Sheet34!B:B,arrayformula(not(iserror(find(B61,Sheet34!A:A)))),arrayformula(value(iferror(REGEXEXTRACT(Sheet34!E:E,""(\d{1,2})-""),99))=value(C61))),""-""),1,2),12-C61)"),7.0) -> 7 | E61: NA | F61: BYE | H61: bye | I61: bye | K61: 9999
A62: Vu | B62: Texas Tech | C62: 5 | D62: =IFERROR(__xludf.DUMMYFUNCTION("iferror(index(split(FILTER(Sheet34!B:B,arrayformula(not(iserror(find(B62,Sheet34!A:A)))),arrayformula(value(iferror(REGEXEXTRACT(Sheet34!E:E,""(\d{1,2})-""),99))=value(C62))),""-""),1,2),12-C62)"),6.0) -> 6 | E62: FS1 | F62: BYE | H62: bye | I62: bye | K62: 9999
A63: Vu | B63: Michigan State | C63: 3 | D63: =IFERROR(__xludf.DUMMYFUNCTION("iferror(index(split(FILTER(Sheet34!B:B,arrayformula(not(iserror(find(B63,Sheet34!A:A)))),arrayformula(value(iferror(REGEXEXTRACT(Sheet34!E:E,""(\d{1,2})-""),99))=value(C63))),""-""),1,2),12-C63)"),8.0) -> 8 | E63: NA | F63: BYE | H63: bye | I63: bye | K63: 9999
A64: Vu | B64: Old Dominion | C64: 9 | D64: =IFERROR(__xludf.DUMMYFUNCTION("iferror(index(split(FILTER(Sheet34!B:B,arrayformula(not(iserror(find(B64,Sheet34!A:A)))),arrayformula(value(iferror(REGEXEXTRACT(Sheet34!E:E,""(\d{1,2})-""),99))=value(C64))),""-""),1,2),12-C64)"),3.0) -> 3 | E64: American Sports | F64: BYE | H64: -3½ | I64: No Line | K64: 9999
A65: Vu | B65: Utah | C65: 8 | D65: =IFERROR(__xludf.DUMMYFUNCTION("iferror(index(split(FILTER(Sheet34!B:B,arrayformula(not(iserror(find(B65,Sheet34!A:A)))),arrayformula(value(iferror(REGEXEXTRACT(Sheet34!E:E,""(\d{1,2})-""),99))=value(C65))),""-""),1,2),12-C65)"),4.0) -> 4 | E65: FOX | F65: BYE | H65: -8 | I65: No Line | K65: 9999
A66: Vu | B66: Florida State | C66: 9 | D66: =IFERROR(__xludf.DUMMYFUNCTION("iferror(index(split(FILTER(Sheet34!B:B,arrayformula(not(iserror(find(B66,Sheet34!A:A)))),arrayformula(value(iferror(REGEXEXTRACT(Sheet34!E:E,""(\d{1,2})-""),99))=value(C66))),""-""),1,2),12-C66)"),3.0) -> 3 | E66: ACC RSNs | F66: BYE | H66: 7 | I66: No Line | K66: 9999
A67: Player | B67: Team | C67: W | E67: Network | F67: Match Up | G67: Time Left/Start | H67: Line | I67: Over/Under | J67: Opponent | K67: Sort
A68: Josh T. | B68: Kansas State | C68: 8 | D68: =IFERROR(__xludf.DUMMYFUNCTION("iferror(index(split(FILTER(Sheet34!B:B,arrayformula(not(iserror(find(B68,Sheet34!A:A)))),arrayformula(value(iferror(REGEXEXTRACT(Sheet34!E:E,""(\d{1,2})-""),99))=value(C68))),""-""),1,2),12-C68)"),4.0) -> 4 | E68: NA | F68: BYE | H68: 2 | I68: No Line | K68: 9999
A69: Josh T. | B69: Louisiana Monroe | C69: 4 | D69: =IFERROR(__xludf.DUMMYFUNCTION("iferror(index(split(FILTER(Sheet34!B:B,arrayformula(not(iserror(find(B69,Sheet34!A:A)))),arrayformula(value(iferror(REGEXEXTRACT(Sheet34!E:E,""(\d{1,2})-""),99))=value(C69))),""-""),1,2),12-C69)"),5.0) -> 5 | E69: FSN PPV | F69: BYE | H69: bye | I69: bye | K69: 9999
A70: Josh T. | B70: LSU | C70: 7 | D70: =IFERROR(__xludf.DUMMYFUNCTION("iferror(index(split(FILTER(Sheet34!B:B,arrayformula(not(iserror(find(B70,Sheet34!A:A)))),arrayformula(value(iferror(REGEXEXTRACT(Sheet34!E:E,""(\d{1,2})-""),99))=value(C70))),""-""),1,2),12-C70)"),5.0) -> 5 | E70: ESPNU | F70: BYE | H70: 3 | I70: No Line | K70: 9999
A71: Josh T. | B71: Memphis | C71: 8 | D71: =IFERROR(__xludf.DUMMYFUNCTION("iferror(index(split(FILTER(Sheet34!B:B,arrayformula(not(iserror(find(B71,Sheet34!A:A)))),arrayformula(value(iferror(REGEXEXTRACT(Sheet34!E:E,""(\d{1,2})-""),99))=value(C71))),""-""),1,2),12-C71)"),3.0) -> 3 | E71: NA | F71: BYE | H71: 4 | I71: No Line | K71: 9999
A72: Josh T. | B72: Northern Illinois | C72: 5 | D72: =IFERROR(__xludf.DUMMYFUNCTION("iferror(index(split(FILTER(Sheet34!B:B,arrayformula(not(iserror(find(B72,Sheet34!A:A)))),arrayformula(value(iferror(REGEXEXTRACT(Sheet34!E:E,""(\d{1,2})-""),99))=value(C72))),""-""),1,2),12-C72)"),3.0) -> 3 | E72: CBS Sports | F72: BYE | H72: bye | I72: bye | K72: 9999
A73: Josh T. | B73: Louisville | C73: 9 | D73: =IFERROR(__xludf.DUMMYFUNCTION("iferror(index(split(FILTER(Sheet34!B:B,arrayformula(not(iserror(find(B73,Sheet34!A:A)))),arrayformula(value(iferror(REGEXEXTRACT(Sheet34!E:E,""(\d{1,2})-""),99))=value(C73))),""-""),1,2),12-C73)"),1.0) -> 1 | E73: ESPN2 | F73: BYE | H73: -3 | I73: No Line | K73: 9999
A74: Josh T. | B74: Northwestern | C74: 6 | D74: =IFERROR(__xludf.DUMMYFUNCTION("iferror(index(split(FILTER(Sheet34!B:B,arrayformula(not(iserror(find(B74,Sheet34!A:A)))),arrayformula(value(iferror(REGEXEXTRACT(Sheet34!E:E,""(\d{1,2})-""),99))=value(C74))),""-""),1,2),12-C74)"),6.0) -> 6 | E74: BTN | F74: BYE | H74: 5 | I74: No Line | K74: 9999
A75: Josh T. | B75: USC | C75: 9 | D75: =IFERROR(__xludf.DUMMYFUNCTION("iferror(index(split(FILTER(Sheet34!B:B,arrayformula(not(iserror(find(B75,Sheet34!A:A)))),arrayformula(value(iferror(REGEXEXTRACT(Sheet34!E:E,""(\d{1,2})-""),99))=value(C75))),""-""),1,2),12-C75)"),3.0) -> 3 | E75: Pac-12 | F75: BYE | H75: 7 | I75: No Line | K75: 9999
A76: Josh T. | B76: UNLV | C76: 4 | D76: =IFERROR(__xludf.DUMMYFUNCTION("iferror(index(split(FILTER(Sheet34!B:B,arrayformula(not(iserror(find(B76,Sheet34!A:A)))),arrayformula(value(iferror(REGEXEXTRACT(Sheet34!E:E,""(\d{1,2})-""),99))=value(C76))),""-""),1,2),12-C76)"),5.0) -> 5 | E76: Pac-12 | F76: BYE | H76: bye | I76: bye | K76: 9999
A77: Josh T. | B77: Florida Atlantic | C77: 3 | D77: =IFERROR(__xludf.DUMMYFUNCTION("iferror(index(split(FILTER(Sheet34!B:B,arrayformula(not(iserror(find(B77,Sheet34!A:A)))),arrayformula(value(iferror(REGEXEXTRACT(Sheet34!E:E,""(\d{1,2})-""),99))=value(C77))),""-""),1,2),12-C77)"),6.0) -> 6 | E77: ACC Extra | F77: BYE | H77: bye | I77: bye | K77: 9999
A78: Player | B78: Team | C78: W | E78: Network | F78: Match Up | G78: Time Left/Start | H78: Line | I78: Over/Under | J78: Opponent | K78: Sort
A79: Justin | B79: Georgia Southern | C79: 5 | D79: =IFERROR(__xludf.DUMMYFUNCTION("iferror(index(split(FILTER(Sheet34!B:B,arrayformula(not(iserror(find(B79,Sheet34!A:A)))),arrayformula(value(iferror(REGEXEXTRACT(Sheet34!E:E,""(\d{1,2})-""),99))=value(C79))),""-""),1,2),12-C79)"),4.0) -> 4 | E79: American Sports | F79: BYE | H79: bye | I79: bye | K79: 9999
A80: Justin | B80: Louisiana Tech | C80: 8 | D80: =IFERROR(__xludf.DUMMYFUNCTION("iferror(index(split(FILTER(Sheet34!B:B,arrayformula(not(iserror(find(B80,Sheet34!A:A)))),arrayformula(value(iferror(REGEXEXTRACT(Sheet34!E:E,""(\d{1,2})-""),99))=value(C80))),""-""),1,2),12-C80)"),4.0) -> 4 | E80: CUSA.TV | F80: BYE | H80: 1 | I80: No Line | K80: 9999
A81: Justin | B81: Oklahoma State | C81: 9 | D81: =IFERROR(__xludf.DUMMYFUNCTION("iferror(index(split(FILTER(Sheet34!B:B,arrayformula(not(iserror(find(B81,Sheet34!A:A)))),arrayformula(value(iferror(REGEXEXTRACT(Sheet34!E:E,""(\d{1,2})-""),99))=value(C81))),""-""),1,2),12-C81)"),3.0) -> 3 | E81: FS1 | F81: BYE | H81: 3 | I81: No Line | K81: 9999
A82: Justin | B82: Ball State | C82: 4 | D82: =IFERROR(__xludf.DUMMYFUNCTION("iferror(index(split(FILTER(Sheet34!B:B,arrayformula(not(iserror(find(B82,Sheet34!A:A)))),arrayformula(value(iferror(REGEXEXTRACT(Sheet34!E:E,""(\d{1,2})-""),99))=value(C82))),""-""),1,2),12-C82)"),7.0) -> 7 | E82: ESPNEWS | F82: BYE | H82: bye | I82: bye | K82: 9999
A83: Justin | B83: North Carolina | C83: 8 | D83: =IFERROR(__xludf.DUMMYFUNCTION("iferror(index(split(FILTER(Sheet34!B:B,arrayformula(not(iserror(find(B83,Sheet34!A:A)))),arrayformula(value(iferror(REGEXEXTRACT(Sheet34!E:E,""(\d{1,2})-""),99))=value(C83))),""-""),1,2),12-C83)"),3.0) -> 3 | E83: BTN | F83: BYE | H83: 3 | I83: No Line | K83: 9999
A84: Justin | B84: Washington State | C84: 8 | D84: =IFERROR(__xludf.DUMMYFUNCTION("iferror(index(split(FILTER(Sheet34!B:B,arrayformula(not(iserror(find(B84,Sheet34!A:A)))),arrayformula(value(iferror(REGEXEXTRACT(Sheet34!E:E,""(\d{1,2})-""),99))=value(C84))),""-""),1,2),12-C84)"),2.0) -> 2 | E84: ESPN2 | F84: BYE | H84: 6½ | I84: No Line | K84: 9999
A85: Justin | B85: Ohio State | C85: 11 | D85: =IFERROR(__xludf.DUMMYFUNCTION("iferror(index(split(FILTER(Sheet34!B:B,arrayformula(not(iserror(find(B85,Sheet34!A:A)))),arrayformula(value(iferror(REGEXEXTRACT(Sheet34!E:E,""(\d{1,2})-""),99))=value(C85))),""-""),1,2),12-C85)"),1.0) -> 1 | E85: ABC | F85: BYE | H85: 3½ | I85: No Line | K85: 9999
A86: Justin | B86: San José State | C86: 4 | D86: =IFERROR(__xludf.DUMMYFUNCTION("iferror(index(split(FILTER(Sheet34!B:B,arrayformula(not(iserror(find(B86,Sheet34!A:A)))),arrayformula(value(iferror(REGEXEXTRACT(Sheet34!E:E,""(\d{1,2})-""),99))=value(C86))),""-""),1,2),12-C86)"),8.0) -> 8 | E86: NA | F86: BYE | H86: bye | I86: bye | K86: 9999
A87: Justin | B87: Ole Miss | C87: 5 | D87: =IFERROR(__xludf.DUMMYFUNCTION("iferror(index(split(FILTER(Sheet34!B:B,arrayformula(not(iserror(find(B87,Sheet34!A:A)))),arrayformula(value(iferror(REGEXEXTRACT(Sheet34!E:E,""(\d{1,2})-""),99))=value(C87))),""-""),1,2),12-C87)"),6.0) -> 6 | E87: SEC | F87: BYE | H87: bye | I87: bye | K87: 9999
A88: Justin | B88: East Carolina | C88: 3 | D88: =IFERROR(__xludf.DUMMYFUNCTION("iferror(index(split(FILTER(Sheet34!B:B,arrayformula(not(iserror(find(B88,Sheet34!A:A)))),arrayformula(value(iferror(REGEXEXTRACT(Sheet34!E:E,""(\d{1,2})-""),99))=value(C88))),""-""),1,2),12-C88)"),7.0) -> 7 | E88: ESPNU | F88: BYE | H88: bye | I88: bye | K88: 9999
A89: Player | B89: Team | C89: W | E89: Network | F89: Match Up | G89: Time Left/Start | H89: Line | I89: Over/Under | J89: Opponent | K89: Sort
A90: Frank | B90: Western Michigan | C90: 12 | D90: =IFERROR(__xludf.DUMMYFUNCTION("iferror(index(split(FILTER(Sheet34!B:B,arrayformula(not(iserror(find(B90,Sheet34!A:A)))),arrayformula(value(iferror(REGEXEXTRACT(Sheet34!E:E,""(\d{1,2})-""),99))=value(C90))),""-""),1,2),12-C90)"),0.0) -> 0 | E90: ESPN3 | F90: BYE | H90: 7½ | I90: No Line | K90: 9999
A91: Frank | B91: New Mexico State | C91: 3 | D91: =IFERROR(__xludf.DUMMYFUNCTION("iferror(index(split(FILTER(Sheet34!B:B,arrayformula(not(iserror(find(B91,Sheet34!A:A)))),arrayformula(value(iferror(REGEXEXTRACT(Sheet34!E:E,""(\d{1,2})-""),99))=value(C91))),""-""),1,2),12-C91)"),6.0) -> 6 | E91: AggieVision | F91: BYE | H91: bye | I91: bye | K91: 9999
A92: Frank | B92: Virginia Tech | C92: 9 | D92: =IFERROR(__xludf.DUMMYFUNCTION("iferror(index(split(FILTER(Sheet34!B:B,arrayformula(not(iserror(find(B92,Sheet34!A:A)))),arrayformula(value(iferror(REGEXEXTRACT(Sheet34!E:E,""(\d{1,2})-""),99))=value(C92))),""-""),1,2),12-C92)"),3.0) -> 3 | E92: ABC | F92: BYE | H92: -6½ | I92: No Line | K92: 9999
A93: Frank | B93: Purdue | C93: 3 | D93: =IFERROR(__xludf.DUMMYFUNCTION("iferror(index(split(FILTER(Sheet34!B:B,arrayformula(not(iserror(find(B93,Sheet34!A:A)))),arrayformula(value(iferror(REGEXEXTRACT(Sheet34!E:E,""(\d{1,2})-""),99))=value(C93))),""-""),1,2),12-C93)"),8.0) -> 8 | E93: BTN | F93: BYE | H93: bye | I93: bye | K93: 9999
A94: Frank | B94: South Florida | C94: 10 | D94: =IFERROR(__xludf.DUMMYFUNCTION("iferror(index(split(FILTER(Sheet34!B:B,arrayformula(not(iserror(find(B94,Sheet34!A:A)))),arrayformula(value(iferror(REGEXEXTRACT(Sheet34!E:E,""(\d{1,2})-""),99))=value(C94))),""-""),1,2),12-C94)"),2.0) -> 2 | E94: CBS Sports | F94: BYE | H94: 10½ | I94: No Line | K94: 9999
A95: Frank | B95: Iowa State | C95: 3 | D95: =IFERROR(__xludf.DUMMYFUNCTION("iferror(index(split(FILTER(Sheet34!B:B,arrayformula(not(iserror(find(B95,Sheet34!A:A)))),arrayformula(value(iferror(REGEXEXTRACT(Sheet34!E:E,""(\d{1,2})-""),99))=value(C95))),""-""),1,2),12-C95)"),7.0) -> 7 | E95: BTN | F95: BYE | H95: bye | I95: bye | K95: 9999
A96: Frank | B96: Tennessee | C96: 8 | D96: =IFERROR(__xludf.DUMMYFUNCTION("iferror(index(split(FILTER(Sheet34!B:B,arrayformula(not(iserror(find(B96,Sheet34!A:A)))),arrayformula(value(iferror(REGEXEXTRACT(Sheet34!E:E,""(\d{1,2})-""),99))=value(C96))),""-""),1,2),12-C96)"),3.0) -> 3 | E96: ABC | F96: BYE | H96: -3 | I96: No Line | K96: 9999
A97: Frank | B97: Rice | C97: 3 | D97: =IFERROR(__xludf.DUMMYFUNCTION("iferror(index(split(FILTER(Sheet34!B:B,arrayformula(not(iserror(find(B97,Sheet34!A:A)))),arrayformula(value(iferror(REGEXEXTRACT(Sheet34!E:E,""(\d{1,2})-""),99))=value(C97))),""-""),1,2),12-C97)"),6.0) -> 6 | E97: CBS Sports | F97: BYE | H97: bye | I97: bye | K97: 9999
A98: Frank | B98: Stanford | C98: 9 | D98: =IFERROR(__xludf.DUMMYFUNCTION("iferror(index(split(FILTER(Sheet34!B:B,arrayformula(not(iserror(find(B98,Sheet34!A:A)))),arrayformula(value(iferror(REGEXEXTRACT(Sheet34!E:E,""(\d{1,2})-""),99))=value(C98))),""-""),1,2),12-C98)"),3.0) -> 3 | E98: NA | F98: BYE | H98: -3 | I98: No Line | K98: 9999
A99: Frank | B99: Utah State | C99: 3 | D99: =IFERROR(__xludf.DUMMYFUNCTION("iferror(index(split(FILTER(Sheet34!B:B,arrayformula(not(iserror(find(B99,Sheet34!A:A)))),arrayformula(value(iferror(REGEXEXTRACT(Sheet34!E:E,""(\d{1,2})-""),99))=value(C99))),""-""),1,2),12-C99)"),7.0) -> 7 | E99: Pac-12 | F99: BYE | H99: bye | I99: bye | K99: 9999
A100: Player | B100: Team | C100: W | E100: Network | F100: Match Up | G100: Time Left/Start | H100: Line | I100: Over/Under | J100: Opponent | K100: Sort
...

Sheet Sheet34
A1: American Conference
B2: Conference | E2: Overall | K2: Polls
A3: East | B3: W-L | C3: PF | D3: PA | E3: W-L | F3: PF | G3: PA | H3: HOME | I3: AWAY | J3: STRK | K3: AP | L3: USA
A4: Temple Owls | B4: 7-1 | C4: 267 | D4: 132 | E4: 10-4 | F4: 453 | G4: 258 | H4: 45809 | I4: 45749 | J4: L1 | K4: 45658 | L4: 45658
A5: 19South Florida Bulls | B5: 7-1 | C5: 339 | D5: 260 | E5: 11-2 | F5: 569 | G5: 411 | H5: 45809 | I5: 45748 | J5: W5 | K5: 0-2 | L5: 0-2
A6: UCF Knights | B6: 4-4 | C6: 232 | D6: 194 | E6: 6-7 | F6: 374 | G6: 320 | H6: 45720 | I6: 45719 | J6: L3 | K6: 0-3 | L6: 0-3
A7: Cincinnati Bearcats | B7: 1-7 | C7: 136 | D7: 256 | E7: 4-8 | F7: 232 | G7: 323 | H7: 45720 | I7: 45661 | J7: L5 | K7: 0-1 | L7: 0-1
A8: East Carolina Pirates | B8: 1-7 | C8: 207 | D8: 322 | E8: 3-9 | F8: 324 | G8: 433 | H8: 45719 | I8: 0-6 | J8: L4 | K8: 0-1 | L8: 0-1
A9: Connecticut Huskies | B9: 1-7 | C9: 117 | D9: 245 | E9: 3-9 | F9: 178 | G9: 337 | H9: 45720 | I9: 0-5 | J9: L6 | K9: 0-1 | L9: 0-1
A10: West | B10: W-L | C10: PF | D10: PA | E10: W-L | F10: PF | G10: PA | H10: HOME | I10: AWAY | J10: STRK | K10: AP | L10: USA
A11: Navy Midshipmen | B11: 7-1 | C11: 365 | D11: 260 | E11: 9-5 | F11: 531 | G11: 434 | H11: 45778 | I11: 45718 | J11: L3 | K11: 0-2 | L11: 0-2
A12: Tulsa Golden Hurricane | B12: 6-2 | C12: 343 | D12: 258 | E12: 10-3 | F12: 552 | G12: 388 | H12: 6-0 | I12: 45719 | J12: W3 | K12: 0-1 | L12: 0-1
A13: Memphis Tigers | B13: 5-3 | C13: 291 | D13: 249 | E13: 8-5 | F13: 505 | G13: 375 | H13: 45779 | I13: 45718 | J13: L1 | K13: 45658 | L13: 45658
A14: Houston Cougars | B14: 5-3 | C14: 281 | D14: 235 | E14: 9-4 | F14: 466 | G14: 305 | H14: 6-0 | I14: 45691 | J14: L2 | K14: 2-0 | L14: 2-0
A15: SMU Mustangs | B15: 3-5 | C15: 253 | D15: 327 | E15: 5-7 | F15: 332 | G15: 435 | H15: 45692 | I15: 45719 | J15: L2 | K15: 1-0 | L15: 1-0
A16: Tulane Green Wave | B16: 1-7 | C16: 148 | D16: 241 | E16: 4-8 | F16: 289 | G16: 332 | H16: 45692 | I16: 45692 | J16: W1 | K16: 0-1 | L16: 0-1
A17: Atlantic Coast Conference
B18: Conference | E18: Overall | K18: Polls
A19: Atlantic | B19: W-L | C19: PF | D19: PA | E19: W-L | F19: PF | G19: PA | H19: HOME | I19: AWAY | J19: STRK | K19: AP | L19: USA
A20: 1Clemson Tigers | B20: 7-1 | C20: 316 | D20: 160 | E20: 14-1 | F20: 588 | G20: 270 | H20: 45809 | I20: 5-0 | J20: W5 | K20: 45809 | L20: 6-0
A21: 21Louisville Cardinals | B21: 7-1 | C21: 367 | D21: 161 | E21: 9-4 | F21: 553 | G21: 309 | H21: 45778 | I21: 45749 | J21: L3 | K21: 45659 | L21: 45659
A22: 8Florida State Seminoles | B22: 5-3 | C22: 240 | D22: 203 | E22: 10-3 | F22: 456 | G22: 325 | H22: 45749 | I22: 45748 | J22: W5 | K22: 45718 | L22: 45718
A23: NC State Wolfpack | B23: 3-5 | C23: 173 | D23: 207 | E23: 7-6 | F23: 351 | G23: 296 | H23: 45750 | I23: 45691 | J23: W2 | K23: 0-3 | L23: 0-3
A24: Wake Forest Demon Deacons | B24: 3-5 | C24: 140 | D24: 189 | E24: 7-6 | F24: 265 | G24: 288 | H24: 45750 | I24: 45691 | J24: W1 | K24: 45660 | L24: 45660
A25: Syracuse Orange | B25: 2-6 | C25: 191 | D25: 337 | E25: 4-8 | F25: 308 | G25: 463 | H25: 45692 | I25: 45691 | J25: L4 | K25: 0-3 | L25: 0-3
A26: Boston College Eagles | B26: 2-6 | C26: 96 | D26: 275 | E26: 7-6 | F26: 265 | G26: 325 | H26: 45719 | I26: 45718 | J26: W3 | K26: 0-4 | L26: 0-4
A27: Coastal | B27: W-L | C27: PF | D27: PA | E27: W-L | F27: PF | G27: PA | H27: HOME | I27: AWAY | J27: STRK | K27: AP | L27: USA
A28: 16Virginia Tech Hokies | B28: 6-2 | C28: 272 | D28: 147 | E28: 10-4 | F28: 490 | G28: 319 | H28: 45778 | I28: 45748 | J28: W1 | K28: 45658 | L28: 0-1
A29: North Carolina Tar Heels | B29: 5-3 | C29: 228 | D29: 208 | E29: 8-5 | F29: 420 | G29: 324 | H29: 45749 | I29: 45748 | J29: L2 | K29: 45690 | L29: 45659
A30: 20Miami Hurricanes | B30: 5-3 | C30: 235 | D30: 174 | E30: 9-4 | F30: 446 | G30: 241 | H30: 45749 | I30: 45749 | J30: W5 | K30: 45690 | L30: 45659
A31: Pittsburgh Panthers | B31: 5-3 | C31: 357 | D31: 309 | E31: 8-5 | F31: 532 | G31: 458 | H31: 45809 | I31: 45691 | J31: L1 | K31: 45690 | L31: 45690
A32: Georgia Tech Yellow Jackets | B32: 4-4 | C32: 198 | D32: 232 | E32: 9-4 | F32: 367 | G32: 318 | H32: 45779 | I32: 45690 | J32: W4 | K32: 45659 | L32: 45658
A33: Virginia Cavaliers | B33: 1-7 | C33: 165 | D33: 276 | E33: 2-10 | F33: 270 | G33: 405 | H33: 45662 | I33: 45662 | J33: L7 | K33: 0-1 | L33: 0-2
A34: Duke Blue Devils | B34: 1-7 | C34: 167 | D34: 267 | E34: 4-8 | F34: 280 | G34: 338 | H34: 45719 | I34: 45662 | J34: L2 | K34: 0-1 | L34: 45658
A35: Big 12 Conference
B36: Conference | E36: Overall | K36: Polls
B37: W-L | C37: PF | D37: PA | E37: W-L | F37: PF | G37: PA | H37: HOME | I37: AWAY | J37: STRK | K37: AP | L37: USA
A38: 5Oklahoma Sooners | B38: 9-0 | C38: 430 | D38: 261 | E38: 11-2 | F38: 571 | G38: 375 | H38: 45778 | I38: 4-0 | J38: W10 | K38: 45717 | L38: 45717
A39: 11Oklahoma State Cowboys | B39: 7-2 | C39: 331 | D39: 262 | E39: 10-3 | F39: 502 | G39: 345 | H39: 45809 | I39: 45718 | J39: W1 | K39: 45717 | L39: 45689
A40: 18West Virginia Mountaineers | B40: 7-2 | C40: 292 | D40: 217 | E40: 10-3 | F40: 405 | G40: 312 | H40: 45809 | I40: 45717 | J40: L1 | K40: 0-2 | L40: 0-2
A41: Kansas State Wildcats | B41: 6-3 | C41: 275 | D41: 229 | E41: 9-4 | F41: 419 | G41: 290 | H41: 45778 | I41: 45719 | J41: W4 | K41: 0-4 | L41: 0-4
A42: TCU Horned Frogs | B42: 4-5 | C42: 250 | D42: 248 | E42: 6-7 | F42: 403 | G42: 364 | H42: 45693 | I42: 45748 | J42: L2 | K42: 0-3 | L42: 0-3
A43: Texas Longhorns | B43: 3-6 | C43: 249 | D43: 274 | E43: 5-7 | F43: 383 | G43: 378 | H43: 45749 | I43: 45661 | J43: L3 | K43: 0-3 | L43: 0-3
A44: Texas Tech Red Raiders | B44: 3-6 | C44: 341 | D44: 392 | E44: 5-7 | F44: 524 | G44: 522 | H44: 45719 | I44: 45661 | J44: W1 | K44: 0-3 | L44: 0-3
A45: Baylor Bears | B45: 3-6 | C45: 286 | D45: 335 | E45: 7-6 | F45: 450 | G45: 377 | H45: 45749 | I45: 45691 | J45: W1 | K45: 45659 | L45: 45659
A46: Iowa State Cyclones | B46: 2-7 | C46: 265 | D46: 299 | E46: 3-9 | F46: 332 | G46: 376 | H46: 45693 | I46: 45661 | J46: L1 | K46: 0-3 | L46: 0-3
A47: Kansas Jayhawks | B47: 1-8 | C47: 160 | D47: 362 | E47: 2-10 | F47: 243 | G47: 448 | H47: 45692 | I47: 0-6 | J47: L1 | K47: 0-3 | L47: 0-3
A48: Big Ten Conference
B49: Conference | E49: Overall | K49: Polls
A50: East | B50: W-L | C50: PF | D50: PA | E50: W-L | F50: PF | G50: PA | H50: HOME | I50: AWAY | J50: STRK | K50: AP | L50: USA
A51: 7Penn State Nittany Lions | B51: 8-1 | C51: 333 | D51: 191 | E51: 11-3 | F51: 526 | G51: 356 | H51: 7-0 | I51: 45718 | J51: L1 | K51: 45750 | L51: 45749
A52: 6Ohio State Buckeyes | B52: 8-1 | C52: 342 | D52: 133 | E52: 11-2 | F52: 512 | G52: 201 | H52: 7-0 | I52: 45748 | J52: L1 | K52: 45749 | L52: 45749
A53: 10Michigan Wolverines | B53: 7-2 | C53: 333 | D53: 105 | E53: 10-3 | F53: 524 | G53: 183 | H53: 8-0 | I53: 45690 | J53: L2 | K53: 45719 | L53: 45719
A54: Indiana Hoosiers | B54: 4-5 | C54: 219 | D54: 262 | E54: 6-7 | F54: 335 | G54: 354 | H54: 45750 | I54: 45691 | J54: L1 | K54: 0-4 | L54: 0-5
A55: Maryland Terrapins | B55: 3-6 | C55: 182 | D55: 297 | E55: 6-7 | F55: 335 | G55: 384 | H55: 45749 | I55: 45692 | J55: L1 | K55: 0-4 | L55: 0-4
A56: Michigan State Spartans | B56: 1-8 | C56: 211 | D56: 261 | E56: 3-9 | F56: 289 | G56: 333 | H56: 45693 | I56: 45661 | J56: L2 | K56: 0-4 | L56: 0-4
A57: Rutgers Scarlet Knights | B57: 0-9 | C57: 86 | D57: 360 | E57: 2-10 | F57: 188 | G57: 450 | H57: 45693 | I57: 0-5 | J57: L9 | K57: 0-4 | L57: 0-4
A58: West | B58: W-L | C58: PF | D58: PA | E58: W-L | F58: PF | G58: PA | H58: HOME | I58: AWAY | J58: STRK | K58: AP | L58: USA
A59: 9Wisconsin Badgers | B59: 7-2 | C59: 249 | D59: 123 | E59: 11-3 | F59: 397 | G59: 218 | H59: 45778 | I59: 45748 | J59: W1 | K59: 45750 | L59: 45750
A60: Iowa Hawkeyes | B60: 6-3 | C60: 213 | D60: 168 | E60: 8-5 | F60: 324 | G60: 245 | H60: 45750 | I60: 45748 | J60: L1 | K60: 45691 | L60: 45691
A61: Nebraska Cornhuskers | B61: 6-3 | C61: 191 | D61: 214 | E61: 9-4 | F61: 345 | G61: 311 | H61: 7-0 | I61: 45691 | J61: L2 | K61: 0-3 | L61: 0-3
A62: Minnesota Golden Gophers | B62: 5-4 | C62: 245 | D62: 200 | E62: 9-4 | F62: 381 | G62: 287 | H62: 45809 | I62: 45691 | J62: W1 | K62: 0-4 | L62: 0-4
A63: Northwestern Wildcats | B63: 5-4 | C63: 255 | D63: 221 | E63: 7-6 | F63: 338 | G63: 289 | H63: 45720 | I63: 45718 | J63: W2 | K63: 45692 | L63: 45661
A64: Illinois Fighting Illini | B64: 2-7 | C64: 151 | D64: 298 | E64: 3-9 | F64: 236 | G64: 383 | H64: 45693 | I64: 45661 | J64: L3 | K64: 0-4 | L64: 0-5
A65: Purdue Boilermakers | B65: 1-8 | C65: 206 | D65: 383 | E65: 3-9 | F65: 295 | G65: 459 | H65: 45693 | I65: 45661 | J65: L7 | K65: 0-3 | L65: 0-3
A66: Conference USA
B67: Conference | E67: Overall | K67: Polls
A68: East | B68: W-L | C68: PF | D68: PA | E68: W-L | F68: PF | G68: PA | H68: HOME | I68: AWAY | J68: STRK | K68: AP | L68: USA
A69: Western Kentucky Hilltoppers | B69: 7-1 | C69: 407 | D69: 173 | E69: 11-3 | F69: 637 | G69: 344 | H69: 45809 | I69: 45749 | J69: W8 | K69: 0-1 | L69: 0-1
A70: Old Dominion Monarchs | B70: 7-1 | C70: 313 | D70: 217 | E70: 10-3 | F70: 456 | G70: 354 | H70: 6-0 | I70: 45719 | J70: W6 | K70: -- | L70: --
A71: Middle Tennessee Blue Raiders | B71: 5-3 | C71: 310 | D71: 300 | E71: 8-5 | F71: 516 | G71: 465 | H71: 45718 | I71: 45779 | J71: L1 | K71: -- | L71: --
A72: Florida Intl Golden Panthers | B72: 4-4 | C72: 234 | D72: 269 | E72: 4-8 | F72: 288 | G72: 418 | H72: 45693 | I72: 45691 | J72: L1 | K72: -- | L72: --
A73: Charlotte 49ers | B73: 3-5 | C73: 202 | D73: 246 | E73: 4-8 | F73: 302 | G73: 415 | H73: 45662 | I73: 45719 | J73: L3 | K73: 0-1 | L73: 0-1
A74: Florida Atlantic Owls | B74: 2-6 | C74: 235 | D74: 315 | E74: 3-9 | F74: 317 | G74: 477 | H74: 45692 | I74: 45662 | J74: L2 | K74: 0-1 | L74: 0-1
A75: Marshall Thundering Herd | B75: 2-6 | C75: 162 | D75: 256 | E75: 3-9 | F75: 317 | G75: 423 | H75: 45720 | I75: 0-5 | J75: L2 | K75: 0-1 | L75: 0-1
A76: West | B76: W-L | C76: PF | D76: PA | E76: W-L | F76: PF | G76: PA | H76: HOME | I76: AWAY | J76: STRK | K76: AP | L76: USA
A77: Louisiana Tech Bulldogs | B77: 6-2 | C77: 354 | D77: 235 | E77: 9-5 | F77: 620 | G77: 470 | H77: 5-0 | I77: 45721 | J77: W1 | K77: 0-1 | L77: 0-1
A78: UT San Antonio Roadrunners | B78: 5-3 | C78: 281 | D78: 249 | E78: 6-7 | F78: 379 | G78: 363 | H78: 45749 | I78: 45692 | J78: L1 | K78: 0-1 | L78: 0-1
A79: Southern Mississippi Golden Eagles | B79: 4-4 | C79: 258 | D79: 246 | E79: 7-6 | F79: 427 | G79: 384 | H79: 45749 | I79: 45692 | J79: W2 | K79: 0-1 | L79: 0-1
A80: North Texas Mean Green | B80: 3-5 | C80: 194 | D80: 282 | E80: 5-8 | F80: 322 | G80: 424 | H80: 45719 | I80: 45692 | J80: L2 | K80: 0-1 | L80: 0-1
A81: Rice Owls | B81: 2-6 | C81: 197 | D81: 294 | E81: 3-9 | F81: 303 | G81: 448 | H81: 45692 | I81: 45662 | J81: L1 | K81: 0-1 | L81: 0-1
A82: UTEP Miners | B82: 2-6 | C82: 215 | D82: 280 | E82: 4-8 | F82: 316 | G82: 419 | H82: 45720 | I82: 45661 | J82: W1 | K82: 0-1 | L82: 0-1
A83: FBS Independents
B84: Conference | E84: Overall | K84: Polls
B85: W-L | C85: PF | D85: PA | E85: W-L | F85: PF | G85: PA | H85: HOME | I85: AWAY | J85: STRK | K85: AP | L85: USA
A86: BYU Cougars | B86: -- | C86: -- | D86: -- | E86: 9-4 | F86: 384 | G86: 254 | H86: 45778 | I86: 45690 | J86: W5 | K86: 0-1 | L86: 0-2
A87: Notre Dame Fighting Irish | B87: -- | C87: -- | D87: -- | E87: 4-8 | F87: 371 | G87: 334 | H87: 45692 | I87: 0-3 | J87: L2 | K87: 0-1 | L87: 0-1
A88: Army Black Knights | B88: -- | C88: -- | D88: -- | E88: 8-5 | F88: 389 | G88: 258 | H88: 45718 | I88: 45718 | J88: W3 | K88: 1-0 | L88: 1-0
A89: Massachusetts Minutemen | B89: -- | C89: -- | D89: -- | E89: 2-10 | F89: 280 | G89: 426 | H89: 45692 | I89: 0-6 | J89: L3 | K89: 0-1 | L89: 0-1
A90: Mid-American Conference
B91: Conference | E91: Overall | K91: Polls
A92: East | B92: W-L | C92: PF | D92: PA | E92: W-L | F92: PF | G92: PA | H92: HOME | I92: AWAY | J92: STRK | K92: AP | L92: USA
A93: Ohio Bobcats | B93: 6-2 | C93: 175 | D93: 134 | E93: 8-6 | F93: 368 | G93: 317 | H93: 45749 | I93: 45749 | J93: L2 | K93: 0-1 | L93: 0-1
A94: Miami (OH) RedHawks | B94: 6-2 | C94: 199 | D94: 168 | E94: 6-7 | F94: 297 | G94: 309 | H94: 45719 | I94: 45719 | J94: L1 | K94: 0-1 | L94: 0-1
A95: Bowling Green Falcons | B95: 3-5 | C95: 237 | D95: 239 | E95: 4-8 | F95: 298 | G95: 460 | H95: 45719 | I95: 45662 | J95: W3 | K95: 0-1 | L95: 0-1
A96: Akron Zips | B96: 3-5 | C96: 169 | D96: 242 | E96: 5-7 | F96: 329 | G96: 403 | H96: 45692 | I96: 45719 | J96: L4 | K96: 0-2 | L96: 0-2
A97: Kent State Golden Flashes | B97: 2-6 | C97: 171 | D97: 217 | E97: 3-9 | F97: 247 | G97: 344 | H97: 45662 | I97: 45692 | J97: L3 | K97: 0-3 | L97: 0-3
A98: Buffalo Bulls | B98: 1-7 | C98: 142 | D98: 273 | E98: 2-10 | F98: 198 | G98: 388 | H98: 45692 | I98: 0-6 | J98: L4 | K98: 0-1 | L98: 0-1
A99: West | B99: W-L | C99: PF | D99: PA | E99: W-L | F99: PF | G99: PA | H99: HOME | I99: AWAY | J99: STRK | K99: AP | L99: USA
A100: 15Western Michigan Broncos | B100: 8-0 | C100: 362 | D100: 147 | E100: 13-1 | F100: 582 | G100: 277 | H100: 6-0 | I100: 6-0 | J100: L1 | K100: 0-1 | L100: 0-1
...

Sheet Tuesday
A1: 0 | B1: Network | C1: 0.29166667 | D1: 0.3125 | E1: 0.33333333 | F1: 0.35416667 | G1: 0.375 | H1: 0.39583333 | I1: 0.41666667 | J1: 0.4375 | K1: 0.45833333 | L1: 0.47916667 | M1: 0.5 | N1: 0.52083333 | O1: 0.54166667 | P1: 0.5625 | Q1: 0.58333333 | R1: 0.60416667 | S1: 0.625 | T1: 0.64583333 | U1: 0.66666667 | V1: 0.6875 | W1: 0.70833333 | X1: 0.72916667 | Y1: 0.75 | Z1: 0.77083333 | AA1: 0.79166667 | AB1: 0.8125 | AC1: 0.83333333 | AD1: 0.85416667 | AE1: 0.875 | AF1: 0.89583333 | AG1: 0.91666667 | AH1: 0.9375 | AI1: 0.95833333 | AJ1: 0.97916667 | AK1: 0 | AL1: 0.020833333 | AM1: 0.041666667 | AN1: 0.0625 | AO1: 0.083333333 | AP1: 0.10416667 | AQ1: 0.125 | AR1: 0.14583333
A2: 9 | B2: ESPNU | AA2: =HYPERLINK("http://www.espn.com/college-football/game?gameId=400869335","Akron 3 at Ohio 9") -> Akron 3 at Ohio 9
A3: 17.5 | B3: ESPN3 | AA3: =HYPERLINK("http://www.espn.com/college-football/game?gameId=400869337","CMU 21 at EMU 26") -> CMU 21 at EMU 26
A4: 17.5 | B4: ESPN3~01 | AA4: =HYPERLINK("http://www.espn.com/college-football/game?gameId=400869336","Ball St. 20 at Miami (OH) 21") -> Ball St. 20 at Miami (OH) 21

Sheet Translation
A1: South FloridaUSF | B1: East CarolinaECU | C1: TempleTEM | D1: CincinnatiCIN | E1: ConnecticutCONN | F1: UCFUCF | G1: TulsaTLSA | H1: MemphisMEM | I1: HoustonHOU | J1: NavyNAVY | K1: SMUSMU | L1: TulaneTULN | M1: SyracuseSYR | N1: ClemsonCLEM | O1: Florida StateFSU | P1: LouisvilleLOU | Q1: Boston CollegeBC | R1: NC StateNCST | S1: Wake ForestWAKE | T1: PittsburghPITT | U1: VirginiaUVA | V1: Virginia TechVT | W1: Miami (FL)MIA | X1: Georgia TechGT | Y1: DukeDUKE | Z1: North CarolinaUNC | AA1: Texas TechTTU | AB1: Iowa StateISU | AC1: OklahomaOKLA | AD1: BaylorBAY | AE1: TexasTEX | AF1: West VirginiaWVU | AG1: KansasKU | AH1: Kansas StateKSU | AI1: Oklahoma StateOKST | AJ1: TCUTCU | AK1: IndianaIND | AL1: MarylandMD | AM1: Michigan StateMSU | AN1: RutgersRUTG | AO1: Ohio StateOSU | AP1: Penn StatePSU | AQ1: MichiganMICH | AR1: NebraskaNEB | AS1: WisconsinWIS | AT1: IllinoisILL | AU1: IowaIOWA | AV1: PurduePUR | AW1: NorthwesternNW | AX1: MinnesotaMINN | AY1: MarshallMRSH | AZ1: Old DominionODU | BA1: Florida AtlanticFAU | BB1: Middle TennesseeMTSU | BC1: Florida IntlFIU | BD1: CharlotteCHAR | BE1: Western KentuckyWestern Kentucky | BF1: RiceRICE | BG1: North TexasUNT | BH1: Louisiana TechLT | BI1: Southern MississippiissippiUSM | BJ1: UTEPUTEP | BK1: Texas San AntonioUTSA | BL1: Notre DameND | BM1: BYUBYU | BN1: ArmyARMY | BO1: AkronAKR | BP1: BuffaloBUFF | BQ1: Kent StateKENT | BR1: MassachusettsUMASS | BS1: Bowling GreenBGSU | BT1: Miami (OH)M-OH | BU1: OhioOHIO | BV1: Eastern MichiganEMU | BW1: Northern IllinoisNIU | BX1: ToledoTOL | BY1: Western MichiganWMU | BZ1: Ball StateBALL | CA1: Central MichiganCMU | CB1: StanfordSTAN | CC1: CaliforniaCAL | CD1: Oregon StateORST | CE1: WashingtonWASH | CF1: Washington StateWSU | CG1: OregonORE | CH1: Arizona StateASU | CI1: UCLAUCLA | CJ1: USCUSC | CK1: ArizonaARIZ | CL1: UtahUTAH | CM1: ColoradoCOLO | CN1: TennesseeTENN | CO1: FloridaFLA | CP1: GeorgiaUGA | CQ1: KentuckyUK | CR1: MissouriMIZZ | CS1: South CarolinaSC | CT1: VanderbiltVAN | CU1: AuburnAUB | CV1: ArkansasARK | CW1: LSULSU | CX1: Ole MissMISS | CY1: Texas A&MTAM | CZ1: AlabamaALA | DA1: Mississippi StateMSST | DB1: New Mexico StateNMSU | DC1: Georgia SouthernGASO | DD1: Louisiana LafayetteULL | DE1: Texas StateTXST | DF1: Appalachian StateAPP | DG1: Arkansas StateARST | DH1: South AlabamaUSA | DI1: Louisiana MonroeULM | DJ1: TroyTROY | DK1: Georgia StateGAST | DL1: IdahoIDHO | DM1: Air ForceAFA | DN1: WyomingWYO | DO1: Colorado StateCSU | DP1: Boise StateBSU | DQ1: New MexicoUNM | DR1: Utah StateUSU | DS1: UNLVUNLV | DT1: San Diego StateSDSU | DU1: San José StateSJSU | DV1: Fresno StateFRES | DW1: NevadaNEV | DX1: HawaiiHAW
A2: South Florida | B2: East Carolina | C2: Temple | D2: Cincinnati | E2: UCON | F2: UCF | G2: Tulsa | H2: Memphis | I2: Houston | J2: Navy | K2: SMU | L2: Tulane | M2: Syracuse | N2: Clemson | O2: Florida State | P2: Louisville | Q2: Boston College | R2: NC State | S2: Wake Forest | T2: Pittsburgh | U2: Virfinia | V2: Virginia Tech | W2: Miami (FL) | X2: Georgia Tech | Y2: Duke | Z2: North Carolina | AA2: Texas Tech | AB2: Iowa State | AC2: Oklahoma | AD2: Baylor | AE2: Texas | AF2: West Virginia | AG2: Kansas | AH2: Kansas State | AI2: Oklahoma State | AJ2: TCU | AK2: Indiana | AL2: Maryland | AM2: Michigan State | AN2: Rutgers | AO2: Ohio State | AP2: Penn State | AQ2: Michigan | AR2: Nebraska | AS2: Wisconsin | AT2: Illinois | AU2: Iowa | AV2: Purdue | AW2: Northwestern | AX2: Minnesota | AY2: Marshall | AZ2: Old Dominion | BA2: Florida Atlantic | BB2: Middle Tennessee | BC2: Florida Intl | BD2: Charlotte | BE2: Western Kentucky | BF2: Rice | BG2: North Texas | BH2: Louisiana Tech | BI2: Southern Mississippiissippi | BJ2: UTEP | BK2: UTSA | BL2: Notre Dame | BM2: BYU | BN2: Army | BO2: Akron | BP2: Buffalo | BQ2: Kent State | BR2: Massachusetts | BS2: Bowling Green | BT2: Miami (OH) | BU2: Ohio | BV2: Eastern Michigan | BW2: Northern Illinois | BX2: Toledo | BY2: Western Michigan | BZ2: Ball State | CA2: Central Michigan | CB2: Stanford | CC2: California | CD2: Oregon State | CE2: Washington | CF2: Washington State | CG2: Oregon | CH2: Arizona State | CI2: UCLA | CJ2: USC | CK2: Arizona | CL2: Utah | CM2: Colorado | CN2: Tennessee | CO2: Florida | CP2: Georgia | CQ2: Kentucky | CR2: Missouri | CS2: South Carolina | CT2: Vanderbilt | CU2: Auburn | CV2: Arkansas | CW2: LSU | CX2: Ole Miss | CY2: Texas A&M | CZ2: Alabama | DA2: Mississippi State | DB2: New Mexico State | DC2: Georgia Southern | DD2: Louisiana Lafayette | DE2: Texas State | DF2: Appalachian State | DG2: Arkansas State | DH2: South Alabama | DI2: Louisiana Monroe | DJ2: Troy | DK2: Georgia State | DL2: Idaho | DM2: Air Force | DN2: Wyoming | DO2: Colorado State | DP2: Boise State | DQ2: New Mexico | DR2: Utah State | DS2: UNLV | DT2: San Diego State | DU2: San José State | DV2: Fresno State | DW2: Nevada | DX2: Hawaii

Sheet DraftTracker
A1: draft | B1: rnd | C1: pick | D1: player | E1: conf | F1: team | G1: Error Check | H1: Same confs picked within 10 after | I1: Same confs picked within 20 after | J1: Same confs picked within 10 before | K1: Same confs picked within 20 before | L1: wins | M1: picks_better_than | N1: no_teams_slept_on | O1: W | P1: L | Q1: matchup | R1: Status (Time ET) | S1: opponent | T1: network | U1: Opening Spread | V1: Spread | W1: Current Total | X1: Total | Y1: PF | Z1: PA | AA1: wins_missed | AB1: picks_better_than | AC1: no_teams_slept_on | AD1: bestpick | AE1: wins_gained | AF1: teams_slept_on | AG1: wins_missed_conf | AH1: picks_better_than_conf | AI1: no_teams_slept_on_conf | AJ1: bestpick_conf | AK1: wins_gained_conf | AL1: teams_slept_on_conf | AM1: confs_avail | AN1: wins_missed_confs_avail | AO1: picks_better_than_confs_avail | AP1: no_teams_slept_on_confs_avail | AQ1: bestpick_confs_avail | AR1: wins_gained_confs_avail | AS1: teams_slept_on_confs_avail
A2: 1 | B2: 1 | C2: 1 | D2: ='Draft Order'!B2 -> Gary | E2: =if(F2<>"",VLOOKUP(F2,'Teams-Conference, for lookup'!A:B,2,0),"") -> ACC | F2: Clemson | G2: =if(F2<>"",if(match(F2,F:F,0)<ROW(F2),"ERROR: Team already selected in row " & ROW(F2)&". ","")&if(COUNTIFS(E:E,"="&E2,D:D,"="&D2)>1,"ERROR: Player picked from conference more than once.",""),"") | H2: =countif(E3:E12,E2) -> 1 | I2: =countif(E3:E24,E2) -> 2 | L2: {=iferror(VLOOKUP(F2:F124,'Current Week'!C:E,2,0),"")} | M2: =IFERROR(__xludf.DUMMYFUNCTION("counta(iferror(filter(L1:L$2,E1:E$2=E2,L1:L$2<L2)))"),0.0) -> 0 | N2: =IFERROR(__xludf.DUMMYFUNCTION("counta(iferror(filter(L3:L$124,E3:E$124=E2,L3:L$125>L2)))"),0.0) -> 0 | O2: {=XLOOKUP(F2,'Current Week'!B:B,'Current Week'!C:O)} -> 11 | P2: 1 | Q2: ACC | R2: BYE | T2: -3½ | U2: No Line | W2: 9999 | AA2: =$O2-max($O2:$O$386) -> -1 | AB2: =countif($O1:$O$2,"<"&$O2) -> 0 | AC2: =IFERROR(__xludf.DUMMYFUNCTION("iferror(COUNT(filter($O3:$O$386,$O3:$O$386>$O2)))"),2.0) -> 2 | AD2: =if(AA2=0,1,0) -> 0 | AE2: =$O2-min($O$2:$O2) -> 0 | AF2: =IFERROR(__xludf.DUMMYFUNCTION("iferror(join("","",index(sort(filter($F3:$F$386,$O3:$O$386>$O2),2,false),0,1)))"),"Alabama,Western Michigan") -> Alabama,Western Michigan | AG2: =IFERROR(__xludf.DUMMYFUNCTION("iferror($O2-max(filter($O2:$O$386,$E2:$E$386=$E$2)))"),0.0) -> 0 | AH2: =countifs($O1:$O$2,"<"&$O2,$E1:$E$2,$E$2) -> 0 | AI2: =IFERROR(__xludf.DUMMYFUNCTION("iferror(COUNT(filter($O3:$O$386,$O3:$O$386>$O2,$E2:$E$386=$E$2)))"),0.0) -> 0 | AJ2: =if(AG2=0,1,0) -> 1 | AK2: =IFERROR(__xludf.DUMMYFUNCTION("iferror($O2-min(filter($O2:$O$386,$E2:$E$386=$E$2)))"),9.0) -> 9 | AL2: =IFERROR(__xludf.DUMMYFUNCTION("iferror(join("","",index(sort(filter($F3:$F$386,$O3:$O$386>$O2,$E3:$E$386=$E$2),2,false),0,1)))"),"") | AM2: =IFERROR(__xludf.DUMMYFUNCTION("REGEXREPLACE(join("","",unique({let(conf_picked,filter(E$1:E1,D$1:D1=D2), byrow(unique(TRANSPOSe(Teams!$1:$1)),lambda(rw,if(ISERROR(match(rw,conf_picked,0)),rw,))));iferror(if(#REF!,,transpose(split(#REF!,"","",1,1))))})), ""^,"", """")"),"AAC,ACC,Big 12,Big Ten,CUSA,MAC,MWC,Pac12,SEC,Sun Belt,") -> AAC,ACC,Big 12,Big Ten,CUSA,MAC,MWC,Pac12,SEC,Sun Belt, | AN2: =IFERROR(__xludf.DUMMYFUNCTION("iferror($O2-max(filter($O2:$O$386,arrayformula(isnumber(FIND($E2:$E$386,AM2))))))"),-1.0) -> -1 | AO2: {=countifs($O1:$O$2,"<"&$O2,isnumber(FIND($E1:$E$2,AM2)),TRUE)} -> 0 | AP2: =IFERROR(__xludf.DUMMYFUNCTION("iferror(COUNT(filter($O3:$O$386,$O3:$O$386>$O2,arrayformula(isnumber(FIND($E3:$E$386,AM2))))))"),2.0) -> 2 | AQ2: =if(AN2=0,1,0) -> 0 | AR2: =IFERROR(__xludf.DUMMYFUNCTION("iferror($O2-min(filter($O2:$O$386,arrayformula(isnumber(FIND($E2:$E$386,AM2))))))"),10.0) -> 10 | AS2: =IFERROR(__xludf.DUMMYFUNCTION("iferror(join("","",index(sort(filter($F3:$F$386,$O3:$O$386>$O2,arrayformula(isnumber(FIND($E3:$E$386,AM2)))),2,false),0,1)))"),"Alabama,Western Michigan") -> Alabama,Western Michigan
A3: =A2+1 -> 2 | B3: 1 | C3: 2 | D3: ='Draft Order'!B3 -> Josh R. | E3: =if(F3<>"",VLOOKUP(F3,'Teams-Conference, for lookup'!A:B,2,0),"") -> AAC | F3: Houston | G3: =if(F3<>"",if(match(F3,F:F,0)<ROW(F3),"ERROR: Team already selected in row " & ROW(F3)&". ","")&if(COUNTIFS(E:E,"="&E3,D:D,"="&D3)>1,"ERROR: Player picked from conference more than once.",""),"") | H3: =countif(E4:E13,E3) -> 0 | I3: =countif(E4:E25,E3) -> 0 | M3: =IFERROR(__xludf.DUMMYFUNCTION("counta(iferror(filter(L2:L$2,E2:E$2=E3,L2:L$2<L3)))"),0.0) -> 0 | N3: =IFERROR(__xludf.DUMMYFUNCTION("counta(iferror(filter(L4:L$124,E4:E$124=E3,L4:L$125>L3)))"),0.0) -> 0 | O3: {=XLOOKUP(F3,'Current Week'!B:B,'Current Week'!C:O)} -> 9 | P3: 3 | Q3: American Sports | R3: BYE | T3: 3 | U3: No Line | W3: 9999 | AA3: =$O3-max($O3:$O$386) -> -3 | AB3: =countif($O2:$O$2,"<"&$O3) -> 0 | AC3: =IFERROR(__xludf.DUMMYFUNCTION("iferror(COUNT(filter($O4:$O$386,$O4:$O$386>$O3)))"),12.0) -> 12 | AD3: =if(AA3=0,1,0) -> 0 | AE3: =$O3-min($O$2:$O3) -> 0 | AF3: =IFERROR(__xludf.DUMMYFUNCTION("iferror(join("","",index(sort(filter($F4:$F$387,$O4:$O$387>$O3),2,false),0,1)))"),"Alabama,Oklahoma,Boise State,Ohio State,Michigan,West Virginia,Western Michigan,Washington,South Florida,Wisconsin,Penn State,Colorado") -> Alabama,Oklahoma,Boise State,Ohio State,Michigan,West Virginia,Western Michigan,Washington,South Florida,Wisconsin,Penn State,Colorado | AG3: =IFERROR(__xludf.DUMMYFUNCTION("iferror($O3-max(filter($O3:$O$386,$E3:$E$386=$E$2)))"),0.0) -> 0 | AH3: =countifs($O2:$O$2,"<"&$O3,$E2:$E$2,$E$2) -> 0 | AI3: =IFERROR(__xludf.DUMMYFUNCTION("iferror(COUNT(filter($O4:$O$386,$O4:$O$386>$O3,$E3:$E$386=$E$2)))"),0.0) -> 0 | AJ3: =if(AG3=0,1,0) -> 1 | AK3: =IFERROR(__xludf.DUMMYFUNCTION("iferror($O3-min(filter($O3:$O$386,$E3:$E$386=$E$2)))"),7.0) -> 7 | AL3: =IFERROR(__xludf.DUMMYFUNCTION("iferror(join("","",index(sort(filter($F4:$F$386,$O4:$O$386>$O3,$E4:$E$386=$E$2),2,false),0,1)))"),"") | AM3: =IFERROR(__xludf.DUMMYFUNCTION("REGEXREPLACE(join("","",unique({let(conf_picked,filter(E$1:E2,D$1:D2=D3), byrow(unique(TRANSPOSe(Teams!$1:$1)),lambda(rw,if(ISERROR(match(rw,conf_picked,0)),rw,))));iferror(if(#REF!,,transpose(split(#REF!,"","",1,1))))})), ""^,"", """")"),"AAC,ACC,Big 12,Big Ten,CUSA,MAC,MWC,Pac12,SEC,Sun Belt,") -> AAC,ACC,Big 12,Big Ten,CUSA,MAC,MWC,Pac12,SEC,Sun Belt, | AN3: =IFERROR(__xludf.DUMMYFUNCTION("iferror($O3-max(filter($O3:$O$386,arrayformula(isnumber(FIND($E3:$E$386,AM3))))))"),-3.0) -> -3 | AO3: {=countifs($O2:$O$2,"<"&$O3,isnumber(FIND($E2:$E$2,AM3)),TRUE)} -> 0 | AP3: =IFERROR(__xludf.DUMMYFUNCTION("iferror(COUNT(filter($O4:$O$386,$O4:$O$386>$O3,arrayformula(isnumber(FIND($E4:$E$386,AM3))))))"),12.0) -> 12 | AQ3: =if(AN3=0,1,0) -> 0 | AR3: =IFERROR(__xludf.DUMMYFUNCTION("iferror($O3-min(filter($O3:$O$386,arrayformula(isnumber(FIND($E3:$E$386,AM3))))))"),8.0) -> 8 | AS3: =IFERROR(__xludf.DUMMYFUNCTION("iferror(join("","",index(sort(filter($F4:$F$386,$O4:$O$386>$O3,arrayformula(isnumber(FIND($E4:$E$386,AM3)))),2,false),0,1)))"),"Alabama,Oklahoma,Boise State,Ohio State,Michigan,West Virginia,Western Michigan,Washington,South Florida,Wisconsin,Penn State,Colorado") -> Alabama,Oklahoma,Boise State,Ohio State,Michigan,West Virginia,Western Michigan,Washington,South Florida,Wisconsin,Penn State,Colorado
A4: =A3+1 -> 3 | B4: 1 | C4: 3 | D4: ='Draft Order'!B4 -> Jacob | E4: =if(F4<>"",VLOOKUP(F4,'Teams-Conference, for lookup'!A:B,2,0),"") -> SEC | F4: Alabama | G4: =if(F4<>"",if(match(F4,F:F,0)<ROW(F4),"ERROR: Team already selected in row " & ROW(F4)&". ","")&if(COUNTIFS(E:E,"="&E4,D:D,"="&D4)>1,"ERROR: Player picked from conference more than once.",""),"") | H4: =countif(E5:E14,E4) -> 2 | I4: =countif(E5:E26,E4) -> 2 | M4: =IFERROR(__xludf.DUMMYFUNCTION("counta(iferror(filter(L$2:L3,E$2:E3=E4,L$2:L3<L4)))"),0.0) -> 0 | N4: =IFERROR(__xludf.DUMMYFUNCTION("counta(iferror(filter(L5:L$124,E5:E$124=E4,L5:L$125>L4)))"),0.0) -> 0 | O4: {=XLOOKUP(F4,'Current Week'!B:B,'Current Week'!C:O)} -> 12 | P4: 0 | Q4: ESPN2 | R4: BYE | T4: -16½ | U4: No Line | W4: 9999 | AA4: =$O4-max($O4:$O$386) -> 0 | AB4: =countif($O3:$O$2,"<"&$O4) -> 2 | AC4: =IFERROR(__xludf.DUMMYFUNCTION("iferror(COUNT(filter($O5:$O$386,$O5:$O$386>$O4)))"),0.0) -> 0 | AD4: =if(AA4=0,1,0) -> 1 | AE4: =$O4-min($O$2:$O4) -> 3 | AF4: =IFERROR(__xludf.DUMMYFUNCTION("iferror(join("","",index(sort(filter($F5:$F$387,$O5:$O$387>$O4),2,false),0,1)))"),"") | AG4: =IFERROR(__xludf.DUMMYFUNCTION("iferror($O4-max(filter($O4:$O$386,$E4:$E$386=$E$2)))"),3.0) -> 3 | AH4: =countifs($O3:$O$2,"<"&$O4,$E3:$E$2,$E$2) -> 1 | AI4: =IFERROR(__xludf.DUMMYFUNCTION("iferror(COUNT(filter($O5:$O$386,$O5:$O$386>$O4,$E4:$E$386=$E$2)))"),0.0) -> 0 | AJ4: =if(AG4=0,1,0) -> 0 | AK4: =IFERROR(__xludf.DUMMYFUNCTION("iferror($O4-min(filter($O4:$O$386,$E4:$E$386=$E$2)))"),10.0) -> 10 | AL4: =IFERROR(__xludf.DUMMYFUNCTION("iferror(join("","",index(sort(filter($F5:$F$386,$O5:$O$386>$O4,$E5:$E$386=$E$2),2,false),0,1)))"),"") | AM4: =IFERROR(__xludf.DUMMYFUNCTION("REGEXREPLACE(join("","",unique({let(conf_picked,filter(E$1:E3,D$1:D3=D4), byrow(unique(TRANSPOSe(Teams!$1:$1)),lambda(rw,if(ISERROR(match(rw,conf_picked,0)),rw,))));iferror(if(#REF!,,transpose(split(#REF!,"","",1,1))))})), ""^,"", """")"),"AAC,ACC,Big 12,Big Ten,CUSA,MAC,MWC,Pac12,SEC,Sun Belt,") -> AAC,ACC,Big 12,Big Ten,CUSA,MAC,MWC,Pac12,SEC,Sun Belt, | AN4: =IFERROR(__xludf.DUMMYFUNCTION("iferror($O4-max(filter($O4:$O$386,arrayformula(isnumber(FIND($E4:$E$386,AM4))))))"),0.0) -> 0 | AO4: {=countifs($O$2:$O3,"<"&$O4,isnumber(FIND($E$2:$E3,AM4)),TRUE)} -> 2 | AP4: =IFERROR(__xludf.DUMMYFUNCTION("iferror(COUNT(filter($O5:$O$386,$O5:$O$386>$O4,arrayformula(isnumber(FIND($E5:$E$386,AM4))))))"),0.0) -> 0 | AQ4: =if(AN4=0,1,0) -> 1 | AR4: =IFERROR(__xludf.DUMMYFUNCTION("iferror($O4-min(filter($O4:$O$386,arrayformula(isnumber(FIND($E4:$E$386,AM4))))))"),11.0) -> 11 | AS4: =IFERROR(__xludf.DUMMYFUNCTION("iferror(join("","",index(sort(filter($F5:$F$386,$O5:$O$386>$O4,arrayformula(isnumber(FIND($E5:$E$386,AM4)))),2,false),0,1)))"),"")
A5: =A4+1 -> 4 | B5: 1 | C5: 4 | D5: ='Draft Order'!B5 -> Brad | E5: =if(F5<>"",VLOOKUP(F5,'Teams-Conference, for lookup'!A:B,2,0),"") -> Big 12 | F5: Oklahoma | G5: =if(F5<>"",if(match(F5,F:F,0)<ROW(F5),"ERROR: Team already selected in row " & ROW(F5)&". ","")&if(COUNTIFS(E:E,"="&E5,D:D,"="&D5)>1,"ERROR: Player picked from conference more than once.",""),"") | H5: =countif(E6:E15,E5) -> 2 | I5: =countif(E6:E27,E5) -> 6 | M5: =IFERROR(__xludf.DUMMYFUNCTION("counta(iferror(filter(L$2:L4,E$2:E4=E5,L$2:L4<L5)))"),0.0) -> 0 | N5: =IFERROR(__xludf.DUMMYFUNCTION("counta(iferror(filter(L6:L$124,E6:E$124=E5,L6:L$125>L5)))"),0.0) -> 0 | O5: {=XLOOKUP(F5,'Current Week'!B:B,'Current Week'!C:O)} -> 10 | P5: 2 | Q5: FSN PPV | R5: BYE | T5: -4½ | U5: No Line | W5: 9999 | AA5: =$O5-max($O5:$O$386) -> -2 | AB5: =countif($O4:$O$2,"<"&$O5) -> 1 | AC5: =IFERROR(__xludf.DUMMYFUNCTION("iferror(COUNT(filter($O6:$O$386,$O6:$O$386>$O5)))"),3.0) -> 3 | AD5: =if(AA5=0,1,0) -> 0 | AE5: =$O5-min($O$2:$O5) -> 1 | AF5: =IFERROR(__xludf.DUMMYFUNCTION("iferror(join("","",index(sort(filter($F6:$F$387,$O6:$O$387>$O5),2,false),0,1)))"),"Ohio State,Western Michigan,Washington") -> Ohio State,Western Michigan,Washington | AG5: =IFERROR(__xludf.DUMMYFUNCTION("iferror($O5-max(filter($O5:$O$386,$E5:$E$386=$E$2)))"),1.0) -> 1 | AH5: =countifs($O4:$O$2,"<"&$O5,$E4:$E$2,$E$2) -> 0 | AI5: =IFERROR(__xludf.DUMMYFUNCTION("iferror(COUNT(filter($O6:$O$386,$O6:$O$386>$O5,$E5:$E$386=$E$2)))"),0.0) -> 0 | AJ5: =if(AG5=0,1,0) -> 0 | AK5: =IFERROR(__xludf.DUMMYFUNCTION("iferror($O5-min(filter($O5:$O$386,$E5:$E$386=$E$2)))"),8.0) -> 8 | AL5: =IFERROR(__xludf.DUMMYFUNCTION("iferror(join("","",index(sort(filter($F6:$F$386,$O6:$O$386>$O5,$E6:$E$386=$E$2),2,false),0,1)))"),"") | AM5: =IFERROR(__xludf.DUMMYFUNCTION("REGEXREPLACE(join("","",unique({let(conf_picked,filter(E$1:E4,D$1:D4=D5), byrow(unique(TRANSPOSe(Teams!$1:$1)),lambda(rw,if(ISERROR(match(rw,conf_picked,0)),rw,))));iferror(if(#REF!,,transpose(split(#REF!,"","",1,1))))})), ""^,"", """")"),"AAC,ACC,Big 12,Big Ten,CUSA,MAC,MWC,Pac12,SEC,Sun Belt,") -> AAC,ACC,Big 12,Big Ten,CUSA,MAC,MWC,Pac12,SEC,Sun Belt, | AN5: =IFERROR(__xludf.DUMMYFUNCTION("iferror($O5-max(filter($O5:$O$386,arrayformula(isnumber(FIND($E5:$E$386,AM5))))))"),-2.0) -> -2 | AO5: {=countifs($O$2:$O4,"<"&$O5,isnumber(FIND($E$2:$E4,AM5)),TRUE)} -> 1 | AP5: =IFERROR(__xludf.DUMMYFUNCTION("iferror(COUNT(filter($O6:$O$386,$O6:$O$386>$O5,arrayformula(isnumber(FIND($E6:$E$386,AM5))))))"),3.0) -> 3 | AQ5: =if(AN5=0,1,0) -> 0 | AR5: =IFERROR(__xludf.DUMMYFUNCTION("iferror($O5-min(filter($O5:$O$386,arrayformula(isnumber(FIND($E5:$E$386,AM5))))))"),9.0) -> 9 | AS5: =IFERROR(__xludf.DUMMYFUNCTION("iferror(join("","",index(sort(filter($F6:$F$386,$O6:$O$386>$O5,arrayformula(isnumber(FIND($E6:$E$386,AM5)))),2,false),0,1)))"),"Ohio State,Western Michigan,Washington") -> Ohio State,Western Michigan,Washington
A6: =A5+1 -> 5 | B6: 1 | C6: 5 | D6: ='Draft Order'!B6 -> Nico | E6: =if(F6<>"",VLOOKUP(F6,'Teams-Conference, for lookup'!A:B,2,0),"") -> MWC | F6: Boise State | G6: =if(F6<>"",if(match(F6,F:F,0)<ROW(F6),"ERROR: Team already selected in row " & ROW(F6)&". ","")&if(COUNTIFS(E:E,"="&E6,D:D,"="&D6)>1,"ERROR: Player picked from conference more than once.",""),"") | H6: =countif(E7:E16,E6) -> 1 | I6: =countif(E7:E28,E6) -> 2 | M6: =IFERROR(__xludf.DUMMYFUNCTION("counta(iferror(filter(L$2:L5,E$2:E5=E6,L$2:L5<L6)))"),0.0) -> 0 | N6: =IFERROR(__xludf.DUMMYFUNCTION("counta(iferror(filter(L7:L$124,E7:E$124=E6,L7:L$125>L6)))"),0.0) -> 0 | O6: {=XLOOKUP(F6,'Current Week'!B:B,'Current Week'!C:O)} -> 10 | P6: 2 | Q6: NA | R6: BYE | T6: -9 | U6: No Line | W6: 9999 | AA6: =$O6-max($O6:$O$386) -> -2 | AB6: =countif($O5:$O$2,"<"&$O6) -> 1 | AC6: =IFERROR(__xludf.DUMMYFUNCTION("iferror(COUNT(filter($O7:$O$386,$O7:$O$386>$O6)))"),3.0) -> 3 | AD6: =if(AA6=0,1,0) -> 0 | AE6: =$O6-min($O$2:$O6) -> 1 | AF6: =IFERROR(__xludf.DUMMYFUNCTION("iferror(join("","",index(sort(filter($F7:$F$387,$O7:$O$387>$O6),2,false),0,1)))"),"Ohio State,Western Michigan,Washington") -> Ohio State,Western Michigan,Washington | AG6: =IFERROR(__xludf.DUMMYFUNCTION("iferror($O6-max(filter($O6:$O$386,$E6:$E$386=$E$2)))"),1.0) -> 1 | AH6: =countifs($O5:$O$2,"<"&$O6,$E5:$E$2,$E$2) -> 0 | AI6: =IFERROR(__xludf.DUMMYFUNCTION("iferror(COUNT(filter($O7:$O$386,$O7:$O$386>$O6,$E6:$E$386=$E$2)))"),0.0) -> 0 | AJ6: =if(AG6=0,1,0) -> 0 | AK6: =IFERROR(__xludf.DUMMYFUNCTION("iferror($O6-min(filter($O6:$O$386,$E6:$E$386=$E$2)))"),8.0) -> 8 | AL6: =IFERROR(__xludf.DUMMYFUNCTION("iferror(join("","",index(sort(filter($F7:$F$386,$O7:$O$386>$O6,$E7:$E$386=$E$2),2,false),0,1)))"),"") | AM6: =IFERROR(__xludf.DUMMYFUNCTION("REGEXREPLACE(join("","",unique({let(conf_picked,filter(E$1:E5,D$1:D5=D6), byrow(unique(TRANSPOSe(Teams!$1:$1)),lambda(rw,if(ISERROR(match(rw,conf_picked,0)),rw,))));iferror(if(#REF!,,transpose(split(#REF!,"","",1,1))))})), ""^,"", """")"),"AAC,ACC,Big 12,Big Ten,CUSA,MAC,MWC,Pac12,SEC,Sun Belt,") -> AAC,ACC,Big 12,Big Ten,CUSA,MAC,MWC,Pac12,SEC,Sun Belt, | AN6: =IFERROR(__xludf.DUMMYFUNCTION("iferror($O6-max(filter($O6:$O$386,arrayformula(isnumber(FIND($E6:$E$386,AM6))))))"),-2.0) -> -2 | AO6: {=countifs($O$2:$O5,"<"&$O6,isnumber(FIND($E$2:$E5,AM6)),TRUE)} -> 1 | AP6: =IFERROR(__xludf.DUMMYFUNCTION("iferror(COUNT(filter($O7:$O$386,$O7:$O$386>$O6,arrayformula(isnumber(FIND($E7:$E$386,AM6))))))"),3.0) -> 3 | AQ6: =if(AN6=0,1,0) -> 0 | AR6: =IFERROR(__xludf.DUMMYFUNCTION("iferror($O6-min(filter($O6:$O$386,arrayformula(isnumber(FIND($E6:$E$386,AM6))))))"),9.0) -> 9 | AS6: =IFERROR(__xludf.DUMMYFUNCTION("iferror(join("","",index(sort(filter($F7:$F$386,$O7:$O$386>$O6,arrayformula(isnumber(FIND($E7:$E$386,AM6)))),2,false),0,1)))"),"Ohio State,Western Michigan,Washington") -> Ohio State,Western Michigan,Washington
A7: =A6+1 -> 6 | B7: 1 | C7: 6 | D7: ='Draft Order'!B7 -> Vu | E7: =if(F7<>"",VLOOKUP(F7,'Teams-Conference, for lookup'!A:B,2,0),"") -> ACC | F7: Florida State | G7: =if(F7<>"",if(match(F7,F:F,0)<ROW(F7),"ERROR: Team already selected in row " & ROW(F7)&". ","")&if(COUNTIFS(E:E,"="&E7,D:D,"="&D7)>1,"ERROR: Player picked from conference more than once.",""),"") | H7: =countif(E8:E17,E7) -> 1 | I7: =countif(E8:E29,E7) -> 1 | M7: =IFERROR(__xludf.DUMMYFUNCTION("counta(iferror(filter(L$2:L6,E$2:E6=E7,L$2:L6<L7)))"),0.0) -> 0 | N7: =IFERROR(__xludf.DUMMYFUNCTION("counta(iferror(filter(L8:L$124,E8:E$124=E7,L8:L$125>L7)))"),0.0) -> 0 | O7: {=XLOOKUP(F7,'Current Week'!B:B,'Current Week'!C:O)} -> 9 | P7: 3 | Q7: ACC RSNs | R7: BYE | T7: 7 | U7: No Line | W7: 9999 | AA7: =$O7-max($O7:$O$386) -> -3 | AB7: =countif($O6:$O$2,"<"&$O7) -> 0 | AC7: =IFERROR(__xludf.DUMMYFUNCTION("iferror(COUNT(filter($O8:$O$386,$O8:$O$386>$O7)))"),9.0) -> 9 | AD7: =if(AA7=0,1,0) -> 0 | AE7: =$O7-min($O$2:$O7) -> 0 | AF7: =IFERROR(__xludf.DUMMYFUNCTION("iferror(join("","",index(sort(filter($F8:$F$387,$O8:$O$387>$O7),2,false),0,1)))"),"Ohio State,Michigan,West Virginia,Western Michigan,Washington,South Florida,Wisconsin,Penn State,Colorado") -> Ohio State,Michigan,West Virginia,Western Michigan,Washington,South Florida,Wisconsin,Penn State,Colorado | AG7: =IFERROR(__xludf.DUMMYFUNCTION("iferror($O7-max(filter($O7:$O$386,$E7:$E$386=$E$2)))"),0.0) -> 0 | AH7: =countifs($O6:$O$2,"<"&$O7,$E6:$E$2,$E$2) -> 0 | AI7: =IFERROR(__xludf.DUMMYFUNCTION("iferror(COUNT(filter($O8:$O$386,$O8:$O$386>$O7,$E7:$E$386=$E$2)))"),0.0) -> 0 | AJ7: =if(AG7=0,1,0) -> 1 | AK7: =IFERROR(__xludf.DUMMYFUNCTION("iferror($O7-min(filter($O7:$O$386,$E7:$E$386=$E$2)))"),7.0) -> 7 | AL7: =IFERROR(__xludf.DUMMYFUNCTION("iferror(join("","",index(sort(filter($F8:$F$386,$O8:$O$386>$O7,$E8:$E$386=$E$2),2,false),0,1)))"),"") | AM7: =IFERROR(__xludf.DUMMYFUNCTION("REGEXREPLACE(join("","",unique({let(conf_picked,filter(E$1:E6,D$1:D6=D7), byrow(unique(TRANSPOSe(Teams!$1:$1)),lambda(rw,if(ISERROR(match(rw,conf_picked,0)),rw,))));iferror(if(#REF!,,transpose(split(#REF!,"","",1,1))))})), ""^,"", """")"),"AAC,ACC,Big 12,Big Ten,CUSA,MAC,MWC,Pac12,SEC,Sun Belt,") -> AAC,ACC,Big 12,Big Ten,CUSA,MAC,MWC,Pac12,SEC,Sun Belt, | AN7: =IFERROR(__xludf.DUMMYFUNCTION("iferror($O7-max(filter($O7:$O$386,arrayformula(isnumber(FIND($E7:$E$386,AM7))))))"),-3.0) -> -3 | AO7: {=countifs($O$2:$O6,"<"&$O7,isnumber(FIND($E$2:$E6,AM7)),TRUE)} -> 0 | AP7: =IFERROR(__xludf.DUMMYFUNCTION("iferror(COUNT(filter($O8:$O$386,$O8:$O$386>$O7,arrayformula(isnumber(FIND($E8:$E$386,AM7))))))"),9.0) -> 9 | AQ7: =if(AN7=0,1,0) -> 0 | AR7: =IFERROR(__xludf.DUMMYFUNCTION("iferror($O7-min(filter($O7:$O$386,arrayformula(isnumber(FIND($E7:$E$386,AM7))))))"),8.0) -> 8 | AS7: =IFERROR(__xludf.DUMMYFUNCTION("iferror(join("","",index(sort(filter($F8:$F$386,$O8:$O$386>$O7,arrayformula(isnumber(FIND($E8:$E$386,AM7)))),2,false),0,1)))"),"Ohio State,Michigan,West Virginia,Western Michigan,Washington,South Florida,Wisconsin,Penn State,Colorado") -> Ohio State,Michigan,West Virginia,Western Michigan,Washington,South Florida,Wisconsin,Penn State,Colorado
A8: =A7+1 -> 7 | B8: 1 | C8: 7 | D8: ='Draft Order'!B8 -> Josh T. | E8: =if(F8<>"",VLOOKUP(F8,'Teams-Conference, for lookup'!A:B,2,0),"") -> SEC | F8: LSU | G8: =if(F8<>"",if(match(F8,F:F,0)<ROW(F8),"ERROR: Team already selected in row " & ROW(F8)&". ","")&if(COUNTIFS(E:E,"="&E8,D:D,"="&D8)>1,"ERROR: Player picked from conference more than once.",""),"") | H8: =countif(E9:E18,E8) -> 1 | I8: =countif(E9:E30,E8) -> 1 | M8: =IFERROR(__xludf.DUMMYFUNCTION("counta(iferror(filter(L$2:L7,E$2:E7=E8,L$2:L7<L8)))"),0.0) -> 0 | N8: =IFERROR(__xludf.DUMMYFUNCTION("counta(iferror(filter(L9:L$124,E9:E$124=E8,L9:L$125>L8)))"),0.0) -> 0 | O8: {=XLOOKUP(F8,'Current Week'!B:B,'Current Week'!C:O)} -> 7 | P8: 5 | Q8: ESPNU | R8: BYE | T8: 3 | U8: No Line | W8: 9999 | AA8: =$O8-max($O8:$O$386) -> -5 | AB8: =countif($O7:$O$2,"<"&$O8) -> 0 | AC8: =IFERROR(__xludf.DUMMYFUNCTION("iferror(COUNT(filter($O9:$O$386,$O9:$O$386>$O8)))"),45.0) -> 45 | AD8: =if(AA8=0,1,0) -> 0 | AE8: =$O8-min($O$2:$O8) -> 0 | AF8: =IFERROR(__xludf.DUMMYFUNCTION("iferror(join("","",index(sort(filter($F9:$F$387,$O9:$O$387>$O8),2,false),0,1)))"),"Ohio State,Stanford,Michigan,Tennessee,Oklahoma State,Louisville,San Diego State,Appalachian State,Western Kentucky,Air Force,Iowa,West Virginia,Nebraska,Western Michigan,Washington,South Florida,North Carolina,Kansas State,Temple,Toledo,Troy,Middle Tenne"&"ssee,Wisconsin,Navy,USC,Louisiana Tech,Ohio,Virginia Tech,Washington State,Memphis,Utah,New Mexico,Florida,Miami,Tulsa,Pittsburgh,Idaho,Penn State,Minnesota,Georgia Tech,Texas A&M,Old Dominion,Auburn,Colorado,Wyoming") -> Ohio State,Stanford,Michigan,Tennessee,Oklahoma State,Louisville,San Diego State,Appalachian State,Western Kentucky,Air Force,Iowa,West Virginia,Nebraska,Western Michigan,Washington,South Florida,North Carolina,Kansas State,Temple,Toledo,Troy,Middle Tennessee,Wisconsin,Navy,USC,Louisiana Tech,Ohio,Virginia Tech,Washington State,Memphis,Utah,New Mexico,Florida,Miami,Tulsa,Pittsburgh,Idaho,Penn State,Minnesota,Georgia Tech,Texas A&M,Old Dominion,Auburn,Colorado,Wyoming | AG8: =IFERROR(__xludf.DUMMYFUNCTION("iferror($O8-max(filter($O8:$O$386,$E8:$E$386=$E$2)))"),-2.0) -> -2 | AH8: =countifs($O7:$O$2,"<"&$O8,$E7:$E$2,$E$2) -> 0 | AI8: =IFERROR(__xludf.DUMMYFUNCTION("iferror(COUNT(filter($O9:$O$386,$O9:$O$386>$O8,$E8:$E$386=$E$2)))"),0.0) -> 0 | AJ8: =if(AG8=0,1,0) -> 0 | AK8: =IFERROR(__xludf.DUMMYFUNCTION("iferror($O8-min(filter($O8:$O$386,$E8:$E$386=$E$2)))"),5.0) -> 5 | AL8: =IFERROR(__xludf.DUMMYFUNCTION("iferror(join("","",index(sort(filter($F9:$F$386,$O9:$O$386>$O8,$E9:$E$386=$E$2),2,false),0,1)))"),"Louisville,North Carolina,Virginia Tech,Miami,Pittsburgh,Georgia Tech") -> Louisville,North Carolina,Virginia Tech,Miami,Pittsburgh,Georgia Tech | AM8: =IFERROR(__xludf.DUMMYFUNCTION("REGEXREPLACE(join("","",unique({let(conf_picked,filter(E$1:E7,D$1:D7=D8), byrow(unique(TRANSPOSe(Teams!$1:$1)),lambda(rw,if(ISERROR(match(rw,conf_picked,0)),rw,))));iferror(if(#REF!,,transpose(split(#REF!,"","",1,1))))})), ""^,"", """")"),"AAC,ACC,Big 12,Big Ten,CUSA,MAC,MWC,Pac12,SEC,Sun Belt,") -> AAC,ACC,Big 12,Big Ten,CUSA,MAC,MWC,Pac12,SEC,Sun Belt, | AN8: =IFERROR(__xludf.DUMMYFUNCTION("iferror($O8-max(filter($O8:$O$386,arrayformula(isnumber(FIND($E8:$E$386,AM8))))))"),-5.0) -> -5 | AO8: {=countifs($O$2:$O7,"<"&$O8,isnumber(FIND($E$2:$E7,AM8)),TRUE)} -> 0 | AP8: =IFERROR(__xludf.DUMMYFUNCTION("iferror(COUNT(filter($O9:$O$386,$O9:$O$386>$O8,arrayformula(isnumber(FIND($E9:$E$386,AM8))))))"),45.0) -> 45 | AQ8: =if(AN8=0,1,0) -> 0 | AR8: =IFERROR(__xludf.DUMMYFUNCTION("iferror($O8-min(filter($O8:$O$386,arrayformula(isnumber(FIND($E8:$E$386,AM8))))))"),6.0) -> 6 | AS8: =IFERROR(__xludf.DUMMYFUNCTION("iferror(join("","",index(sort(filter($F9:$F$386,$O9:$O$386>$O8,arrayformula(isnumber(FIND($E9:$E$386,AM8)))),2,false),0,1)))"),"Ohio State,Stanford,Michigan,Tennessee,Oklahoma State,Louisville,San Diego State,Appalachian State,Western Kentucky,Air Force,Iowa,West Virginia,Nebraska,Western Michigan,Washington,South Florida,North Carolina,Kansas State,Temple,Toledo,Troy,Middle Tenne"&"ssee,Wisconsin,Navy,USC,Louisiana Tech,Ohio,Virginia Tech,Washington State,Memphis,Utah,New Mexico,Florida,Miami,Tulsa,Pittsburgh,Idaho,Penn State,Minnesota,Georgia Tech,Texas A&M,Old Dominion,Auburn,Colorado,Wyoming") -> Ohio State,Stanford,Michigan,Tennessee,Oklahoma State,Louisville,San Diego State,Appalachian State,Western Kentucky,Air Force,Iowa,West Virginia,Nebraska,Western Michigan,Washington,South Florida,North Carolina,Kansas State,Temple,Toledo,Troy,Middle Tennessee,Wisconsin,Navy,USC,Louisiana Tech,Ohio,Virginia Tech,Washington State,Memphis,Utah,New Mexico,Florida,Miami,Tulsa,Pittsburgh,Idaho,Penn State,Minnesota,Georgia Tech,Texas A&M,Old Dominion,Auburn,Colorado,Wyoming
A9: =A8+1 -> 8 | B9: 1 | C9: 8 | D9: ='Draft Order'!B9 -> Justin | E9: =if(F9<>"",VLOOKUP(F9,'Teams-Conference, for lookup'!A:B,2,0),"") -> Big Ten | F9: Ohio State | G9: =if(F9<>"",if(match(F9,F:F,0)<ROW(F9),"ERROR: Team already selected in row " & ROW(F9)&". ","")&if(COUNTIFS(E:E,"="&E9,D:D,"="&D9)>1,"ERROR: Player picked from conference more than once.",""),"") | H9: =countif(E10:E19,E9) -> 1 | I9: =countif(E10:E31,E9) -> 3 | M9: =IFERROR(__xludf.DUMMYFUNCTION("counta(iferror(filter(L$2:L8,E$2:E8=E9,L$2:L8<L9)))"),0.0) -> 0 | N9: =IFERROR(__xludf.DUMMYFUNCTION("counta(iferror(filter(L10:L$124,E10:E$124=E9,L10:L$125>L9)))"),0.0) -> 0 | O9: {=XLOOKUP(F9,'Current Week'!B:B,'Current Week'!C:O)} -> 11 | P9: 1 | Q9: ABC | R9: BYE | T9: 3½ | U9: No Line | W9: 9999 | AA9: =$O9-max($O9:$O$386) -> -1 | AB9: =countif($O8:$O$2,"<"&$O9) -> 5 | AC9: =IFERROR(__xludf.DUMMYFUNCTION("iferror(COUNT(filter($O10:$O$386,$O10:$O$386>$O9)))"),1.0) -> 1 | AD9: =if(AA9=0,1,0) -> 0 | AE9: =$O9-min($O$2:$O9) -> 4 | AF9: =IFERROR(__xludf.DUMMYFUNCTION("iferror(join("","",index(sort(filter($F10:$F$387,$O10:$O$387>$O9),2,false),0,1)))"),"Western Michigan") -> Western Michigan | AG9: =IFERROR(__xludf.DUMMYFUNCTION("iferror($O9-max(filter($O9:$O$386,$E9:$E$386=$E$2)))"),2.0) -> 2 | AH9: =countifs($O8:$O$2,"<"&$O9,$E8:$E$2,$E$2) -> 1 | AI9: =IFERROR(__xludf.DUMMYFUNCTION("iferror(COUNT(filter($O10:$O$386,$O10:$O$386>$O9,$E9:$E$386=$E$2)))"),0.0) -> 0 | AJ9: =if(AG9=0,1,0) -> 0 | AK9: =IFERROR(__xludf.DUMMYFUNCTION("iferror($O9-min(filter($O9:$O$386,$E9:$E$386=$E$2)))"),9.0) -> 9 | AL9: =IFERROR(__xludf.DUMMYFUNCTION("iferror(join("","",index(sort(filter($F10:$F$386,$O10:$O$386>$O9,$E10:$E$386=$E$2),2,false),0,1)))"),"") | AM9: =IFERROR(__xludf.DUMMYFUNCTION("REGEXREPLACE(join("","",unique({let(conf_picked,filter(E$1:E8,D$1:D8=D9), byrow(unique(TRANSPOSe(Teams!$1:$1)),lambda(rw,if(ISERROR(match(rw,conf_picked,0)),rw,))));iferror(if(#REF!,,transpose(split(#REF!,"","",1,1))))})), ""^,"", """")"),"AAC,ACC,Big 12,Big Ten,CUSA,MAC,MWC,Pac12,SEC,Sun Belt,") -> AAC,ACC,Big 12,Big Ten,CUSA,MAC,MWC,Pac12,SEC,Sun Belt, | AN9: =IFERROR(__xludf.DUMMYFUNCTION("iferror($O9-max(filter($O9:$O$386,arrayformula(isnumber(FIND($E9:$E$386,AM9))))))"),-1.0) -> -1 | AO9: {=countifs($O$2:$O8,"<"&$O9,isnumber(FIND($E$2:$E8,AM9)),TRUE)} -> 5 | AP9: =IFERROR(__xludf.DUMMYFUNCTION("iferror(COUNT(filter($O10:$O$386,$O10:$O$386>$O9,arrayformula(isnumber(FIND($E10:$E$386,AM9))))))"),1.0) -> 1 | AQ9: =if(AN9=0,1,0) -> 0 | AR9: =IFERROR(__xludf.DUMMYFUNCTION("iferror($O9-min(filter($O9:$O$386,arrayformula(isnumber(FIND($E9:$E$386,AM9))))))"),10.0) -> 10 | AS9: =IFERROR(__xludf.DUMMYFUNCTION("iferror(join("","",index(sort(filter($F10:$F$386,$O10:$O$386>$O9,arrayformula(isnumber(FIND($E10:$E$386,AM9)))),2,false),0,1)))"),"Western Michigan") -> Western Michigan
A10: =A9+1 -> 9 | B10: 1 | C10: 9 | D10: ='Draft Order'!B10 -> Frank | E10: =if(F10<>"",VLOOKUP(F10,'Teams-Conference, for lookup'!A:B,2,0),"") -> Pac12 | F10: Stanford | G10: =if(F10<>"",if(match(F10,F:F,0)<ROW(F10),"ERROR: Team already selected in row " & ROW(F10)&". ","")&if(COUNTIFS(E:E,"="&E10,D:D,"="&D10)>1,"ERROR: Player picked from conference more than once.",""),"") | H10: =countif(E11:E20,E10) -> 0 | I10: =countif(E11:E32,E10) -> 2 | M10: =IFERROR(__xludf.DUMMYFUNCTION("counta(iferror(filter(L$2:L10,E$2:E10=E10,L$2:L10<L10)))"),0.0) -> 0 | N10: =IFERROR(__xludf.DUMMYFUNCTION("counta(iferror(filter(L11:L$124,E11:E$124=E10,L11:L$125>L10)))"),0.0) -> 0 | O10: {=XLOOKUP(F10,'Current Week'!B:B,'Current Week'!C:O)} -> 9 | P10: 3 | Q10: NA | R10: BYE | T10: -3 | U10: No Line | W10: 9999 | AA10: =$O10-max($O10:$O$386) -> -3 | AB10: =countif($O9:$O$2,"<"&$O10) -> 1 | AC10: =IFERROR(__xludf.DUMMYFUNCTION("iferror(COUNT(filter($O11:$O$386,$O11:$O$386>$O10)))"),8.0) -> 8 | AD10: =if(AA10=0,1,0) -> 0 | AE10: =$O10-min($O$2:$O10) -> 2 | AF10: =IFERROR(__xludf.DUMMYFUNCTION("iferror(join("","",index(sort(filter($F11:$F$387,$O11:$O$387>$O10),2,false),0,1)))"),"Michigan,West Virginia,Western Michigan,Washington,South Florida,Wisconsin,Penn State,Colorado") -> Michigan,West Virginia,Western Michigan,Washington,South Florida,Wisconsin,Penn State,Colorado | AG10: =IFERROR(__xludf.DUMMYFUNCTION("iferror($O10-max(filter($O10:$O$386,$E10:$E$386=$E$2)))"),0.0) -> 0 | AH10: =countifs($O9:$O$2,"<"&$O10,$E9:$E$2,$E$2) -> 0 | AI10: =IFERROR(__xludf.DUMMYFUNCTION("iferror(COUNT(filter($O11:$O$386,$O11:$O$386>$O10,$E10:$E$386=$E$2)))"),0.0) -> 0 | AJ10: =if(AG10=0,1,0) -> 1 | AK10: =IFERROR(__xludf.DUMMYFUNCTION("iferror($O10-min(filter($O10:$O$386,$E10:$E$386=$E$2)))"),7.0) -> 7 | AL10: =IFERROR(__xludf.DUMMYFUNCTION("iferror(join("","",index(sort(filter($F11:$F$386,$O11:$O$386>$O10,$E11:$E$386=$E$2),2,false),0,1)))"),"") | AM10: =IFERROR(__xludf.DUMMYFUNCTION("REGEXREPLACE(join("","",unique({let(conf_picked,filter(E$1:E9,D$1:D9=D10), byrow(unique(TRANSPOSe(Teams!$1:$1)),lambda(rw,if(ISERROR(match(rw,conf_picked,0)),rw,))));iferror(if(#REF!,,transpose(split(#REF!,"","",1,1))))})), ""^,"", """")"),"AAC,ACC,Big 12,Big Ten,CUSA,MAC,MWC,Pac12,SEC,Sun Belt,") -> AAC,ACC,Big 12,Big Ten,CUSA,MAC,MWC,Pac12,SEC,Sun Belt, | AN10: =IFERROR(__xludf.DUMMYFUNCTION("iferror($O10-max(filter($O10:$O$386,arrayformula(isnumber(FIND($E10:$E$386,AM10))))))"),-3.0) -> -3 | AO10: {=countifs($O$2:$O9,"<"&$O10,isnumber(FIND($E$2:$E9,AM10)),TRUE)} -> 1 | AP10: =IFERROR(__xludf.DUMMYFUNCTION("iferror(COUNT(filter($O11:$O$386,$O11:$O$386>$O10,arrayformula(isnumber(FIND($E11:$E$386,AM10))))))"),8.0) -> 8 | AQ10: =if(AN10=0,1,0) -> 0 | AR10: =IFERROR(__xludf.DUMMYFUNCTION("iferror($O10-min(filter($O10:$O$386,arrayformula(isnumber(FIND($E10:$E$386,AM10))))))"),8.0) -> 8 | AS10: =IFERROR(__xludf.DUMMYFUNCTION("iferror(join("","",index(sort(filter($F11:$F$386,$O11:$O$386>$O10,arrayformula(isnumber(FIND($E11:$E$386,AM10)))),2,false),0,1)))"),"Michigan,West Virginia,Western Michigan,Washington,South Florida,Wisconsin,Penn State,Colorado") -> Michigan,West Virginia,Western Michigan,Washington,South Florida,Wisconsin,Penn State,Colorado
A11: =A10+1 -> 10 | B11: 1 | C11: 10 | D11: ='Draft Order'!B11 -> Nick A. | E11: =if(F11<>"",VLOOKUP(F11,'Teams-Conference, for lookup'!A:B,2,0),"") -> Big 12 | F11: Baylor | G11: =if(F11<>"",if(match(F11,F:F,0)<ROW(F11),"ERROR: Team already selected in row " & ROW(F11)&". ","")&if(COUNTIFS(E:E,"="&E11,D:D,"="&D11)>1,"ERROR: Player picked from conference more than once.",""),"") | H11: =countif(E12:E21,E11) -> 2 | I11: =countif(E12:E33,E11) -> 5 | M11: =IFERROR(__xludf.DUMMYFUNCTION("counta(iferror(filter(L$2:L10,E$2:E10=E11,L$2:L10<L11)))"),0.0) -> 0 | N11: =IFERROR(__xludf.DUMMYFUNCTION("counta(iferror(filter(L12:L$124,E12:E$124=E11,L12:L$125>L11)))"),0.0) -> 0 | O11: {=XLOOKUP(F11,'Current Week'!B:B,'Current Week'!C:O)} -> 6 | P11: 6 | Q11: FS1 | R11: BYE | T11: 9 | U11: No Line | W11: 9999 | AA11: =$O11-max($O11:$O$386) -> -6 | AB11: =countif($O10:$O$2,"<"&$O11) -> 0 | AC11: =IFERROR(__xludf.DUMMYFUNCTION("iferror(COUNT(filter($O12:$O$386,$O12:$O$386>$O11)))"),49.0) -> 49 | AD11: =if(AA11=0,1,0) -> 0 | AE11: =$O11-min($O$2:$O11) -> 0 | AF11: =IFERROR(__xludf.DUMMYFUNCTION("iferror(join("","",index(sort(filter($F12:$F$387,$O12:$O$387>$O11),2,false),0,1)))"),"Michigan,Tennessee,Oklahoma State,Louisville,San Diego State,Appalachian State,Western Kentucky,Air Force,Iowa,West Virginia,Nebraska,Western Michigan,Arkansas State,Washington,South Florida,North Carolina,Kansas State,Temple,Toledo,Troy,Middle Tennessee,"&"Georgia,Wisconsin,Navy,USC,Louisiana Tech,Ohio,Virginia Tech,Washington State,Memphis,Utah,Colorado State,New Mexico,Florida,Miami,Tulsa,Pittsburgh,Arkansas,Idaho,Penn State,Minnesota,Georgia Tech,Texas A&M,Old Dominion,Auburn,Colorado,Wyoming,Eastern Mic"&"higan,Kentucky") -> Michigan,Tennessee,Oklahoma State,Louisville,San Diego State,Appalachian State,Western Kentucky,Air Force,Iowa,West Virginia,Nebraska,Western Michigan,Arkansas State,Washington,South Florida,North Carolina,Kansas State,Temple,Toledo,Troy,Middle Tennessee,Georgia,Wisconsin,Navy,USC,Louisiana Tech,Ohio,Virginia Tech,Washington State,Memphis,Utah,Colorado State,New Mexico,Florida,Miami,Tulsa,Pittsburgh,Arkansas,Idaho,Penn State,Minnesota,Georgia Tech,Texas A&M,Old Dominion,Auburn,Colorado,Wyoming,Eastern Michigan,Kentucky | AG11: =IFERROR(__xludf.DUMMYFUNCTION("iferror($O11-max(filter($O11:$O$386,$E11:$E$386=$E$2)))"),-3.0) -> -3 | AH11: =countifs($O10:$O$2,"<"&$O11,$E10:$E$2,$E$2) -> 0 | AI11: =IFERROR(__xludf.DUMMYFUNCTION("iferror(COUNT(filter($O12:$O$386,$O12:$O$386>$O11,$E11:$E$386=$E$2)))"),0.0) -> 0 | AJ11: =if(AG11=0,1,0) -> 0 | AK11: =IFERROR(__xludf.DUMMYFUNCTION("iferror($O11-min(filter($O11:$O$386,$E11:$E$386=$E$2)))"),4.0) -> 4 | AL11: =IFERROR(__xludf.DUMMYFUNCTION("iferror(join("","",index(sort(filter($F12:$F$386,$O12:$O$386>$O11,$E12:$E$386=$E$2),2,false),0,1)))"),"Louisville,North Carolina,Virginia Tech,Miami,Pittsburgh,Georgia Tech") -> Louisville,North Carolina,Virginia Tech,Miami,Pittsburgh,Georgia Tech | AM11: =IFERROR(__xludf.DUMMYFUNCTION("REGEXREPLACE(join("","",unique({let(conf_picked,filter(E$1:E10,D$1:D10=D11), byrow(unique(TRANSPOSe(Teams!$1:$1)),lambda(rw,if(ISERROR(match(rw,conf_picked,0)),rw,))));iferror(if(#REF!,,transpose(split(#REF!,"","",1,1))))})), ""^,"", """")"),"AAC,ACC,Big 12,Big Ten,CUSA,MAC,MWC,Pac12,SEC,Sun Belt,") -> AAC,ACC,Big 12,Big Ten,CUSA,MAC,MWC,Pac12,SEC,Sun Belt, | AN11: =IFERROR(__xludf.DUMMYFUNCTION("iferror($O11-max(filter($O11:$O$386,arrayformula(isnumber(FIND($E11:$E$386,AM11))))))"),-6.0) -> -6 | AO11: {=countifs($O$2:$O10,"<"&$O11,isnumber(FIND($E$2:$E10,AM11)),TRUE)} -> 0 | AP11: =IFERROR(__xludf.DUMMYFUNCTION("iferror(COUNT(filter($O12:$O$386,$O12:$O$386>$O11,arrayformula(isnumber(FIND($E12:$E$386,AM11))))))"),49.0) -> 49 | AQ11: =if(AN11=0,1,0) -> 0 | AR11: =IFERROR(__xludf.DUMMYFUNCTION("iferror($O11-min(filter($O11:$O$386,arrayformula(isnumber(FIND($E11:$E$386,AM11))))))"),5.0) -> 5 | AS11: =IFERROR(__xludf.DUMMYFUNCTION("iferror(join("","",index(sort(filter($F12:$F$386,$O12:$O$386>$O11,arrayformula(isnumber(FIND($E12:$E$386,AM11)))),2,false),0,1)))"),"Michigan,Tennessee,Oklahoma State,Louisville,San Diego State,Appalachian State,Western Kentucky,Air Force,Iowa,West Virginia,Nebraska,Western Michigan,Arkansas State,Washington,South Florida,North Carolina,Kansas State,Temple,Toledo,Troy,Middle Tennessee,"&"Georgia,Wisconsin,Navy,USC,Louisiana Tech,Ohio,Virginia Tech,Washington State,Memphis,Utah,Colorado State,New Mexico,Florida,Miami,Tulsa,Pittsburgh,Arkansas,Idaho,Penn State,Minnesota,Georgia Tech,Texas A&M,Old Dominion,Auburn,Colorado,Wyoming,Eastern Mic"&"higan,Kentucky") -> Michigan,Tennessee,Oklahoma State,Louisville,San Diego State,Appalachian State,Western Kentucky,Air Force,Iowa,West Virginia,Nebraska,Western Michigan,Arkansas State,Washington,South Florida,North Carolina,Kansas State,Temple,Toledo,Troy,Middle Tennessee,Georgia,Wisconsin,Navy,USC,Louisiana Tech,Ohio,Virginia Tech,Washington State,Memphis,Utah,Colorado State,New Mexico,Florida,Miami,Tulsa,Pittsburgh,Arkansas,Idaho,Penn State,Minnesota,Georgia Tech,Texas A&M,Old Dominion,Auburn,Colorado,Wyoming,Eastern Michigan,Kentucky
A12: =A11+1 -> 11 | B12: 2 | C12: 1 | D12: =D11 -> Nick A. | E12: =if(F12<>"",VLOOKUP(F12,'Teams-Conference, for lookup'!A:B,2,0),"") -> Big Ten | F12: Michigan | G12: =if(F12<>"",if(match(F12,F:F,0)<ROW(F12),"ERROR: Team already selected in row " & ROW(F12)&". ","")&if(COUNTIFS(E:E,"="&E12,D:D,"="&D12)>1,"ERROR: Player picked from conference more than once.",""),"") | H12: =countif(E13:E22,E12) -> 1 | I12: =countif(E13:E34,E12) -> 2 | J12: =countif(E2:E11,E12) -> 1 | M12: =IFERROR(__xludf.DUMMYFUNCTION("counta(iferror(filter(L$2:L11,E$2:E11=E12,L$2:L11<L12)))"),0.0) -> 0 | N12: =IFERROR(__xludf.DUMMYFUNCTION("counta(iferror(filter(L13:L$124,E13:E$124=E12,L13:L$125>L12)))"),0.0) -> 0 | O12: {=XLOOKUP(F12,'Current Week'!B:B,'Current Week'!C:O)} -> 10 | P12: 2 | Q12: ABC | R12: BYE | T12: -7 | U12: No Line | W12: 9999 | AA12: =$O12-max($O12:$O$386) -> -2 | AB12: =countif($O11:$O$2,"<"&$O12) -> 5 | AC12: =IFERROR(__xludf.DUMMYFUNCTION("iferror(COUNT(filter($O13:$O$386,$O13:$O$386>$O12)))"),2.0) -> 2 | AD12: =if(AA12=0,1,0) -> 0 | AE12: =$O12-min($O$2:$O12) -> 4 | AF12: =IFERROR(__xludf.DUMMYFUNCTION("iferror(join("","",index(sort(filter($F13:$F$387,$O13:$O$387>$O12),2,false),0,1)))"),"Western Michigan,Washington") -> Western Michigan,Washington | AG12: =IFERROR(__xludf.DUMMYFUNCTION("iferror($O12-max(filter($O12:$O$386,$E12:$E$386=$E$2)))"),1.0) -> 1 | AH12: =countifs($O11:$O$2,"<"&$O12,$E11:$E$2,$E$2) -> 1 | AI12: =IFERROR(__xludf.DUMMYFUNCTION("iferror(COUNT(filter($O13:$O$386,$O13:$O$386>$O12,$E12:$E$386=$E$2)))"),0.0) -> 0 | AJ12: =if(AG12=0,1,0) -> 0 | AK12: =IFERROR(__xludf.DUMMYFUNCTION("iferror($O12-min(filter($O12:$O$386,$E12:$E$386=$E$2)))"),8.0) -> 8 | AL12: =IFERROR(__xludf.DUMMYFUNCTION("iferror(join("","",index(sort(filter($F13:$F$386,$O13:$O$386>$O12,$E13:$E$386=$E$2),2,false),0,1)))"),"") | AM12: =IFERROR(__xludf.DUMMYFUNCTION("REGEXREPLACE(join("","",unique({let(conf_picked,filter(E$1:E11,D$1:D11=D12), byrow(unique(TRANSPOSe(Teams!$1:$1)),lambda(rw,if(ISERROR(match(rw,conf_picked,0)),rw,))));iferror(if(#REF!,,transpose(split(#REF!,"","",1,1))))})), ""^,"", """")"),"AAC,ACC,,Big Ten,CUSA,MAC,MWC,Pac12,SEC,Sun Belt") -> AAC,ACC,,Big Ten,CUSA,MAC,MWC,Pac12,SEC,Sun Belt | AN12: =IFERROR(__xludf.DUMMYFUNCTION("iferror($O12-max(filter($O12:$O$386,arrayformula(isnumber(FIND($E12:$E$386,AM12))))))"),-2.0) -> -2 | AO12: {=countifs($O$2:$O11,"<"&$O12,isnumber(FIND($E$2:$E11,AM12)),TRUE)} -> 4 | AP12: =IFERROR(__xludf.DUMMYFUNCTION("iferror(COUNT(filter($O13:$O$386,$O13:$O$386>$O12,arrayformula(isnumber(FIND($E13:$E$386,AM12))))))"),2.0) -> 2 | AQ12: =if(AN12=0,1,0) -> 0 | AR12: =IFERROR(__xludf.DUMMYFUNCTION("iferror($O12-min(filter($O12:$O$386,arrayformula(isnumber(FIND($E12:$E$386,AM12))))))"),9.0) -> 9 | AS12: =IFERROR(__xludf.DUMMYFUNCTION("iferror(join("","",index(sort(filter($F13:$F$386,$O13:$O$386>$O12,arrayformula(isnumber(FIND($E13:$E$386,AM12)))),2,false),0,1)))"),"Western Michigan,Washington") -> Western Michigan,Washington
A13: =A12+1 -> 12 | B13: 2 | C13: 2 | D13: =D10 -> Frank | E13: =if(F13<>"",VLOOKUP(F13,'Teams-Conference, for lookup'!A:B,2,0),"") -> SEC | F13: Tennessee | G13: =if(F13<>"",if(match(F13,F:F,0)<ROW(F13),"ERROR: Team already selected in row " & ROW(F13)&". ","")&if(COUNTIFS(E:E,"="&E13,D:D,"="&D13)>1,"ERROR: Player picked from conference more than once.",""),"") | H13: =countif(E14:E23,E13) -> 0 | I13: =countif(E14:E35,E13) -> 0 | J13: =countif(E3:E12,E13) -> 2 | M13: =IFERROR(__xludf.DUMMYFUNCTION("counta(iferror(filter(L$2:L12,E$2:E12=E13,L$2:L12<L13)))"),0.0) -> 0 | N13: =IFERROR(__xludf.DUMMYFUNCTION("counta(iferror(filter(L14:L$124,E14:E$124=E13,L14:L$125>L13)))"),0.0) -> 0 | O13: {=XLOOKUP(F13,'Current Week'!B:B,'Current Week'!C:O)} -> 8 | P13: 3 | Q13: ABC | R13: BYE | T13: -3 | U13: No Line | W13: 9999 | AA13: =$O13-max($O13:$O$386) -> -4 | AB13: =countif($O12:$O$2,"<"&$O13) -> 2 | AC13: =IFERROR(__xludf.DUMMYFUNCTION("iferror(COUNT(filter($O14:$O$386,$O14:$O$386>$O13)))"),22.0) -> 22 | AD13: =if(AA13=0,1,0) -> 0 | AE13: =$O13-min($O$2:$O13) -> 2 | AF13: =IFERROR(__xludf.DUMMYFUNCTION("iferror(join("","",index(sort(filter($F14:$F$387,$O14:$O$387>$O13),2,false),0,1)))"),"Oklahoma State,Louisville,San Diego State,Appalachian State,Western Kentucky,Air Force,West Virginia,Nebraska,Western Michigan,Washington,South Florida,Temple,Toledo,Troy,Wisconsin,Navy,USC,Virginia Tech,Tulsa,Penn State,Old Dominion,Colorado") -> Oklahoma State,Louisville,San Diego State,Appalachian State,Western Kentucky,Air Force,West Virginia,Nebraska,Western Michigan,Washington,South Florida,Temple,Toledo,Troy,Wisconsin,Navy,USC,Virginia Tech,Tulsa,Penn State,Old Dominion,Colorado | AG13: =IFERROR(__xludf.DUMMYFUNCTION("iferror($O13-max(filter($O13:$O$386,$E13:$E$386=$E$2)))"),-1.0) -> -1 | AH13: =countifs($O12:$O$2,"<"&$O13,$E12:$E$2,$E$2) -> 0 | AI13: =IFERROR(__xludf.DUMMYFUNCTION("iferror(COUNT(filter($O14:$O$386,$O14:$O$386>$O13,$E13:$E$386=$E$2)))"),0.0) -> 0 | AJ13: =if(AG13=0,1,0) -> 0 | AK13: =IFERROR(__xludf.DUMMYFUNCTION("iferror($O13-min(filter($O13:$O$386,$E13:$E$386=$E$2)))"),6.0) -> 6 | AL13: =IFERROR(__xludf.DUMMYFUNCTION("iferror(join("","",index(sort(filter($F14:$F$386,$O14:$O$386>$O13,$E14:$E$386=$E$2),2,false),0,1)))"),"Louisville,Virginia Tech") -> Louisville,Virginia Tech | AM13: =IFERROR(__xludf.DUMMYFUNCTION("REGEXREPLACE(join("","",unique({let(conf_picked,filter(E$1:E12,D$1:D12=D13), byrow(unique(TRANSPOSe(Teams!$1:$1)),lambda(rw,if(ISERROR(match(rw,conf_picked,0)),rw,))));iferror(if(#REF!,,transpose(split(#REF!,"","",1,1))))})), ""^,"", """")"),"AAC,ACC,Big 12,Big Ten,CUSA,MAC,MWC,,SEC,Sun Belt") -> AAC,ACC,Big 12,Big Ten,CUSA,MAC,MWC,,SEC,Sun Belt | AN13: =IFERROR(__xludf.DUMMYFUNCTION("iferror($O13-max(filter($O13:$O$386,arrayformula(isnumber(FIND($E13:$E$386,AM13))))))"),-4.0) -> -4 | AO13: {=countifs($O$2:$O12,"<"&$O13,isnumber(FIND($E$2:$E12,AM13)),TRUE)} -> 2 | AP13: =IFERROR(__xludf.DUMMYFUNCTION("iferror(COUNT(filter($O14:$O$386,$O14:$O$386>$O13,arrayformula(isnumber(FIND($E14:$E$386,AM13))))))"),19.0) -> 19 | AQ13: =if(AN13=0,1,0) -> 0 | AR13: =IFERROR(__xludf.DUMMYFUNCTION("iferror($O13-min(filter($O13:$O$386,arrayformula(isnumber(FIND($E13:$E$386,AM13))))))"),7.0) -> 7 | AS13: =IFERROR(__xludf.DUMMYFUNCTION("iferror(join("","",index(sort(filter($F14:$F$386,$O14:$O$386>$O13,arrayformula(isnumber(FIND($E14:$E$386,AM13)))),2,false),0,1)))"),"Oklahoma State,Louisville,San Diego State,Appalachian State,Western Kentucky,Air Force,West Virginia,Nebraska,Western Michigan,South Florida,Temple,Toledo,Troy,Wisconsin,Navy,Virginia Tech,Tulsa,Penn State,Old Dominion") -> Oklahoma State,Louisville,San Diego State,Appalachian State,Western Kentucky,Air Force,West Virginia,Nebraska,Western Michigan,South Florida,Temple,Toledo,Troy,Wisconsin,Navy,Virginia Tech,Tulsa,Penn State,Old Dominion
A14: =A13+1 -> 13 | B14: 2 | C14: 3 | D14: =D9 -> Justin | E14: =if(F14<>"",VLOOKUP(F14,'Teams-Conference, for lookup'!A:B,2,0),"") -> Big 12 | F14: Oklahoma State | G14: =if(F14<>"",if(match(F14,F:F,0)<ROW(F14),"ERROR: Team already selected in row " & ROW(F14)&". ","")&if(COUNTIFS(E:E,"="&E14,D:D,"="&D14)>1,"ERROR: Player picked from conference more than once.",""),"") | H14: =countif(E15:E24,E14) -> 3 | I14: =countif(E15:E36,E14) -> 5 | J14: =countif(E4:E13,E14) -> 2 | M14: =IFERROR(__xludf.DUMMYFUNCTION("counta(iferror(filter(L$2:L13,E$2:E13=E14,L$2:L13<L14)))"),0.0) -> 0 | N14: =IFERROR(__xludf.DUMMYFUNCTION("counta(iferror(filter(L15:L$124,E15:E$124=E14,L15:L$125>L14)))"),0.0) -> 0 | O14: {=XLOOKUP(F14,'Current Week'!B:B,'Current Week'!C:O)} -> 9 | P14: 3 | Q14: FS1 | R14: BYE | T14: 3 | U14: No Line | W14: 9999 | AA14: =$O14-max($O14:$O$386) -> -3 | AB14: =countif($O13:$O$2,"<"&$O14) -> 3 | AC14: =IFERROR(__xludf.DUMMYFUNCTION("iferror(COUNT(filter($O15:$O$386,$O15:$O$386>$O14)))"),7.0) -> 7 | AD14: =if(AA14=0,1,0) -> 0 | AE14: =$O14-min($O$2:$O14) -> 3 | AF14: =IFERROR(__xludf.DUMMYFUNCTION("iferror(join("","",index(sort(filter($F15:$F$387,$O15:$O$387>$O14),2,false),0,1)))"),"West Virginia,Western Michigan,Washington,South Florida,Wisconsin,Penn State,Colorado") -> West Virginia,Western Michigan,Washington,South Florida,Wisconsin,Penn State,Colorado | AG14: =IFERROR(__xludf.DUMMYFUNCTION("iferror($O14-max(filter($O14:$O$386,$E14:$E$386=$E$2)))"),0.0) -> 0 | AH14: =countifs($O13:$O$2,"<"&$O14,$E13:$E$2,$E$2) -> 0 | AI14: =IFERROR(__xludf.DUMMYFUNCTION("iferror(COUNT(filter($O15:$O$386,$O15:$O$386>$O14,$E14:$E$386=$E$2)))"),0.0) -> 0 | AJ14: =if(AG14=0,1,0) -> 1 | AK14: =IFERROR(__xludf.DUMMYFUNCTION("iferror($O14-min(filter($O14:$O$386,$E14:$E$386=$E$2)))"),7.0) -> 7 | AL14: =IFERROR(__xludf.DUMMYFUNCTION("iferror(join("","",index(sort(filter($F15:$F$386,$O15:$O$386>$O14,$E15:$E$386=$E$2),2,false),0,1)))"),"") | AM14: =IFERROR(__xludf.DUMMYFUNCTION("REGEXREPLACE(join("","",unique({let(conf_picked,filter(E$1:E13,D$1:D13=D14), byrow(unique(TRANSPOSe(Teams!$1:$1)),lambda(rw,if(ISERROR(match(rw,conf_picked,0)),rw,))));iferror(if(#REF!,,transpose(split(#REF!,"","",1,1))))})), ""^,"", """")"),"AAC,ACC,Big 12,,CUSA,MAC,MWC,Pac12,SEC,Sun Belt") -> AAC,ACC,Big 12,,CUSA,MAC,MWC,Pac12,SEC,Sun Belt | AN14: =IFERROR(__xludf.DUMMYFUNCTION("iferror($O14-max(filter($O14:$O$386,arrayformula(isnumber(FIND($E14:$E$386,AM14))))))"),-3.0) -> -3 | AO14: {=countifs($O$2:$O13,"<"&$O14,isnumber(FIND($E$2:$E13,AM14)),TRUE)} -> 3 | AP14: =IFERROR(__xludf.DUMMYFUNCTION("iferror(COUNT(filter($O15:$O$386,$O15:$O$386>$O14,arrayformula(isnumber(FIND($E15:$E$386,AM14))))))"),5.0) -> 5 | AQ14: =if(AN14=0,1,0) -> 0 | AR14: =IFERROR(__xludf.DUMMYFUNCTION("iferror($O14-min(filter($O14:$O$386,arrayformula(isnumber(FIND($E14:$E$386,AM14))))))"),8.0) -> 8 | AS14: =IFERROR(__xludf.DUMMYFUNCTION("iferror(join("","",index(sort(filter($F15:$F$386,$O15:$O$386>$O14,arrayformula(isnumber(FIND($E15:$E$386,AM14)))),2,false),0,1)))"),"West Virginia,Western Michigan,Washington,South Florida,Colorado") -> West Virginia,Western Michigan,Washington,South Florida,Colorado
A15: =A14+1 -> 14 | B15: 2 | C15: 4 | D15: =D8 -> Josh T. | E15: =if(F15<>"",VLOOKUP(F15,'Teams-Conference, for lookup'!A:B,2,0),"") -> ACC | F15: Louisville | G15: =if(F15<>"",if(match(F15,F:F,0)<ROW(F15),"ERROR: Team already selected in row " & ROW(F15)&". ","")&if(COUNTIFS(E:E,"="&E15,D:D,"="&D15)>1,"ERROR: Player picked from conference more than once.",""),"") | H15: =countif(E16:E25,E15) -> 0 | I15: =countif(E16:E37,E15) -> 1 | J15: =countif(E5:E14,E15) -> 1 | M15: =IFERROR(__xludf.DUMMYFUNCTION("counta(iferror(filter(L$2:L14,E$2:E14=E15,L$2:L14<L15)))"),0.0) -> 0 | N15: =IFERROR(__xludf.DUMMYFUNCTION("counta(iferror(filter(L16:L$124,E16:E$124=E15,L16:L$125>L15)))"),0.0) -> 0 | O15: {=XLOOKUP(F15,'Current Week'!B:B,'Current Week'!C:O)} -> 9 | P15: 1 | Q15: ESPN2 | R15: BYE | T15: -3 | U15: No Line | W15: 9999 | AA15: =$O15-max($O15:$O$386) -> -3 | AB15: =countif($O14:$O$2,"<"&$O15) -> 3 | AC15: =IFERROR(__xludf.DUMMYFUNCTION("iferror(COUNT(filter($O16:$O$386,$O16:$O$386>$O15)))"),7.0) -> 7 | AD15: =if(AA15=0,1,0) -> 0 | AE15: =$O15-min($O$2:$O15) -> 3 | AF15: =IFERROR(__xludf.DUMMYFUNCTION("iferror(join("","",index(sort(filter($F16:$F$387,$O16:$O$387>$O15),2,false),0,1)))"),"West Virginia,Western Michigan,Washington,South Florida,Wisconsin,Penn State,Colorado") -> West Virginia,Western Michigan,Washington,South Florida,Wisconsin,Penn State,Colorado | AG15: =IFERROR(__xludf.DUMMYFUNCTION("iferror($O15-max(filter($O15:$O$386,$E15:$E$386=$E$2)))"),0.0) -> 0 | AH15: =countifs($O14:$O$2,"<"&$O15,$E14:$E$2,$E$2) -> 0 | AI15: =IFERROR(__xludf.DUMMYFUNCTION("iferror(COUNT(filter($O16:$O$386,$O16:$O$386>$O15,$E15:$E$386=$E$2)))"),0.0) -> 0 | AJ15: =if(AG15=0,1,0) -> 1 | AK15: =IFERROR(__xludf.DUMMYFUNCTION("iferror($O15-min(filter($O15:$O$386,$E15:$E$386=$E$2)))"),7.0) -> 7 | AL15: =IFERROR(__xludf.DUMMYFUNCTION("iferror(join("","",index(sort(filter($F16:$F$386,$O16:$O$386>$O15,$E16:$E$386=$E$2),2,false),0,1)))"),"") | AM15: =IFERROR(__xludf.DUMMYFUNCTION("REGEXREPLACE(join("","",unique({let(conf_picked,filter(E$1:E14,D$1:D14=D15), byrow(unique(TRANSPOSe(Teams!$1:$1)),lambda(rw,if(ISERROR(match(rw,conf_picked,0)),rw,))));iferror(if(#REF!,,transpose(split(#REF!,"","",1,1))))})), ""^,"", """")"),"AAC,ACC,Big 12,Big Ten,CUSA,MAC,MWC,Pac12,,Sun Belt") -> AAC,ACC,Big 12,Big Ten,CUSA,MAC,MWC,Pac12,,Sun Belt | AN15: =IFERROR(__xludf.DUMMYFUNCTION("iferror($O15-max(filter($O15:$O$386,arrayformula(isnumber(FIND($E15:$E$386,AM15))))))"),-3.0) -> -3 | AO15: {=countifs($O$2:$O14,"<"&$O15,isnumber(FIND($E$2:$E14,AM15)),TRUE)} -> 1 | AP15: =IFERROR(__xludf.DUMMYFUNCTION("iferror(COUNT(filter($O16:$O$386,$O16:$O$386>$O15,arrayformula(isnumber(FIND($E16:$E$386,AM15))))))"),7.0) -> 7 | AQ15: =if(AN15=0,1,0) -> 0 | AR15: =IFERROR(__xludf.DUMMYFUNCTION("iferror($O15-min(filter($O15:$O$386,arrayformula(isnumber(FIND($E15:$E$386,AM15))))))"),8.0) -> 8 | AS15: =IFERROR(__xludf.DUMMYFUNCTION("iferror(join("","",index(sort(filter($F16:$F$386,$O16:$O$386>$O15,arrayformula(isnumber(FIND($E16:$E$386,AM15)))),2,false),0,1)))"),"West Virginia,Western Michigan,Washington,South Florida,Wisconsin,Penn State,Colorado") -> West Virginia,Western Michigan,Washington,South Florida,Wisconsin,Penn State,Colorado
A16: =A15+1 -> 15 | B16: 2 | C16: 5 | D16: =D7 -> Vu | E16: =if(F16<>"",VLOOKUP(F16,'Teams-Conference, for lookup'!A:B,2,0),"") -> MWC | F16: San Diego State | G16: =if(F16<>"",if(match(F16,F:F,0)<ROW(F16),"ERROR: Team already selected in row " & ROW(F16)&". ","")&if(COUNTIFS(E:E,"="&E16,D:D,"="&D16)>1,"ERROR: Player picked from conference more than once.",""),"") | H16: =countif(E17:E26,E16) -> 1 | I16: =countif(E17:E38,E16) -> 1 | J16: =countif(E6:E15,E16) -> 1 | M16: =IFERROR(__xludf.DUMMYFUNCTION("counta(iferror(filter(L$2:L15,E$2:E15=E16,L$2:L15<L16)))"),0.0) -> 0 | N16: =IFERROR(__xludf.DUMMYFUNCTION("counta(iferror(filter(L17:L$124,E17:E$124=E16,L17:L$125>L16)))"),0.0) -> 0 | O16: {=XLOOKUP(F16,'Current Week'!B:B,'Current Week'!C:O)} -> 9 | P16: 3 | Q16: CBS Sports | R16: BYE | T16: -3 | U16: No Line | W16: 9999 | AA16: =$O16-max($O16:$O$386) -> -3 | AB16: =countif($O15:$O$2,"<"&$O16) -> 3 | AC16: =IFERROR(__xludf.DUMMYFUNCTION("iferror(COUNT(filter($O17:$O$386,$O17:$O$386>$O16)))"),7.0) -> 7 | AD16: =if(AA16=0,1,0) -> 0 | AE16: =$O16-min($O$2:$O16) -> 3 | AF16: =IFERROR(__xludf.DUMMYFUNCTION("iferror(join("","",index(sort(filter($F17:$F$387,$O17:$O$387>$O16),2,false),0,1)))"),"West Virginia,Western Michigan,Washington,South Florida,Wisconsin,Penn State,Colorado") -> West Virginia,Western Michigan,Washington,South Florida,Wisconsin,Penn State,Colorado | AG16: =IFERROR(__xludf.DUMMYFUNCTION("iferror($O16-max(filter($O16:$O$386,$E16:$E$386=$E$2)))"),0.0) -> 0 | AH16: =countifs($O15:$O$2,"<"&$O16,$E15:$E$2,$E$2) -> 0 | AI16: =IFERROR(__xludf.DUMMYFUNCTION("iferror(COUNT(filter($O17:$O$386,$O17:$O$386>$O16,$E16:$E$386=$E$2)))"),0.0) -> 0 | AJ16: =if(AG16=0,1,0) -> 1 | AK16: =IFERROR(__xludf.DUMMYFUNCTION("iferror($O16-min(filter($O16:$O$386,$E16:$E$386=$E$2)))"),7.0) -> 7 | AL16: =IFERROR(__xludf.DUMMYFUNCTION("iferror(join("","",index(sort(filter($F17:$F$386,$O17:$O$386>$O16,$E17:$E$386=$E$2),2,false),0,1)))"),"") | AM16: =IFERROR(__xludf.DUMMYFUNCTION("REGEXREPLACE(join("","",unique({let(conf_picked,filter(E$1:E15,D$1:D15=D16), byrow(unique(TRANSPOSe(Teams!$1:$1)),lambda(rw,if(ISERROR(match(rw,conf_picked,0)),rw,))));iferror(if(#REF!,,transpose(split(#REF!,"","",1,1))))})), ""^,"", """")"),"AAC,,Big 12,Big Ten,CUSA,MAC,MWC,Pac12,SEC,Sun Belt") -> AAC,,Big 12,Big Ten,CUSA,MAC,MWC,Pac12,SEC,Sun Belt | AN16: =IFERROR(__xludf.DUMMYFUNCTION("iferror($O16-max(filter($O16:$O$386,arrayformula(isnumber(FIND($E16:$E$386,AM16))))))"),-3.0) -> -3 | AO16: {=countifs($O$2:$O15,"<"&$O16,isnumber(FIND($E$2:$E15,AM16)),TRUE)} -> 3 | AP16: =IFERROR(__xludf.DUMMYFUNCTION("iferror(COUNT(filter($O17:$O$386,$O17:$O$386>$O16,arrayformula(isnumber(FIND($E17:$E$386,AM16))))))"),7.0) -> 7 | AQ16: =if(AN16=0,1,0) -> 0 | AR16: =IFERROR(__xludf.DUMMYFUNCTION("iferror($O16-min(filter($O16:$O$386,arrayformula(isnumber(FIND($E16:$E$386,AM16))))))"),8.0) -> 8 | AS16: =IFERROR(__xludf.DUMMYFUNCTION("iferror(join("","",index(sort(filter($F17:$F$386,$O17:$O$386>$O16,arrayformula(isnumber(FIND($E17:$E$386,AM16)))),2,false),0,1)))"),"West Virginia,Western Michigan,Washington,South Florida,Wisconsin,Penn State,Colorado") -> West Virginia,Western Michigan,Washington,South Florida,Wisconsin,Penn State,Colorado
A17: =A16+1 -> 16 | B17: 2 | C17: 6 | D17: =D6 -> Nico | E17: =if(F17<>"",VLOOKUP(F17,'Teams-Conference, for lookup'!A:B,2,0),"") -> Sun Belt | F17: Appalachian State | G17: =if(F17<>"",if(match(F17,F:F,0)<ROW(F17),"ERROR: Team already selected in row " & ROW(F17)&". ","")&if(COUNTIFS(E:E,"="&E17,D:D,"="&D17)>1,"ERROR: Player picked from conference more than once.",""),"") | H17: =countif(E18:E27,E17) -> 0 | I17: =countif(E18:E39,E17) -> 2 | J17: =countif(E7:E16,E17) -> 0 | M17: =IFERROR(__xludf.DUMMYFUNCTION("counta(iferror(filter(L$2:L16,E$2:E16=E17,L$2:L16<L17)))"),0.0) -> 0 | N17: =IFERROR(__xludf.DUMMYFUNCTION("counta(iferror(filter(L18:L$124,E18:E$124=E17,L18:L$125>L17)))"),0.0) -> 0 | O17: {=XLOOKUP(F17,'Current Week'!B:B,'Current Week'!C:O)} -> 9 | P17: 3 | Q17: American Sports | R17: BYE | T17: 1 | U17: No Line | W17: 9999 | AA17: =$O17-max($O17:$O$386) -> -3 | AB17: =countif($O16:$O$2,"<"&$O17) -> 3 | AC17: =IFERROR(__xludf.DUMMYFUNCTION("iferror(COUNT(filter($O18:$O$386,$O18:$O$386>$O17)))"),7.0) -> 7 | AD17: =if(AA17=0,1,0) -> 0 | AE17: =$O17-min($O$2:$O17) -> 3 | AF17: =IFERROR(__xludf.DUMMYFUNCTION("iferror(join("","",index(sort(filter($F18:$F$387,$O18:$O$387>$O17),2,false),0,1)))"),"West Virginia,Western Michigan,Washington,South Florida,Wisconsin,Penn State,Colorado") -> West Virginia,Western Michigan,Washington,South Florida,Wisconsin,Penn State,Colorado | AG17: =IFERROR(__xludf.DUMMYFUNCTION("iferror($O17-max(filter($O17:$O$386,$E17:$E$386=$E$2)))"),0.0) -> 0 | AH17: =countifs($O16:$O$2,"<"&$O17,$E16:$E$2,$E$2) -> 0 | AI17: =IFERROR(__xludf.DUMMYFUNCTION("iferror(COUNT(filter($O18:$O$386,$O18:$O$386>$O17,$E17:$E$386=$E$2)))"),0.0) -> 0 | AJ17: =if(AG17=0,1,0) -> 1 | AK17: =IFERROR(__xludf.DUMMYFUNCTION("iferror($O17-min(filter($O17:$O$386,$E17:$E$386=$E$2)))"),7.0) -> 7 | AL17: =IFERROR(__xludf.DUMMYFUNCTION("iferror(join("","",index(sort(filter($F18:$F$386,$O18:$O$386>$O17,$E18:$E$386=$E$2),2,false),0,1)))"),"") | AM17: =IFERROR(__xludf.DUMMYFUNCTION("REGEXREPLACE(join("","",unique({let(conf_picked,filter(E$1:E16,D$1:D16=D17), byrow(unique(TRANSPOSe(Teams!$1:$1)),lambda(rw,if(ISERROR(match(rw,conf_picked,0)),rw,))));iferror(if(#REF!,,transpose(split(#REF!,"","",1,1))))})), ""^,"", """")"),"AAC,ACC,Big 12,Big Ten,CUSA,MAC,,Pac12,SEC,Sun Belt") -> AAC,ACC,Big 12,Big Ten,CUSA,MAC,,Pac12,SEC,Sun Belt | AN17: =IFERROR(__xludf.DUMMYFUNCTION("iferror($O17-max(filter($O17:$O$386,arrayformula(isnumber(FIND($E17:$E$386,AM17))))))"),-3.0) -> -3 | AO17: {=countifs($O$2:$O16,"<"&$O17,isnumber(FIND($E$2:$E16,AM17)),TRUE)} -> 3 | AP17: =IFERROR(__xludf.DUMMYFUNCTION("iferror(COUNT(filter($O18:$O$386,$O18:$O$386>$O17,arrayformula(isnumber(FIND($E18:$E$386,AM17))))))"),7.0) -> 7 | AQ17: =if(AN17=0,1,0) -> 0 | AR17: =IFERROR(__xludf.DUMMYFUNCTION("iferror($O17-min(filter($O17:$O$386,arrayformula(isnumber(FIND($E17:$E$386,AM17))))))"),7.0) -> 7 | AS17: =IFERROR(__xludf.DUMMYFUNCTION("iferror(join("","",index(sort(filter($F18:$F$386,$O18:$O$386>$O17,arrayformula(isnumber(FIND($E18:$E$386,AM17)))),2,false),0,1)))"),"West Virginia,Western Michigan,Washington,South Florida,Wisconsin,Penn State,Colorado") -> West Virginia,Western Michigan,Washington,South Florida,Wisconsin,Penn State,Colorado
A18: =A17+1 -> 17 | B18: 2 | C18: 7 | D18: =D5 -> Brad | E18: =if(F18<>"",VLOOKUP(F18,'Teams-Conference, for lookup'!A:B,2,0),"") -> CUSA | F18: Western Kentucky | G18: =if(F18<>"",if(match(F18,F:F,0)<ROW(F18),"ERROR: Team already selected in row " & ROW(F18)&". ","")&if(COUNTIFS(E:E,"="&E18,D:D,"="&D18)>1,"ERROR: Player picked from conference more than once.",""),"") | H18: =countif(E19:E28,E18) -> 1 | I18: =countif(E19:E40,E18) -> 1 | J18: =countif(E8:E17,E18) -> 0 | M18: =IFERROR(__xludf.DUMMYFUNCTION("counta(iferror(filter(L$2:L17,E$2:E17=E18,L$2:L17<L18)))"),0.0) -> 0 | N18: =IFERROR(__xludf.DUMMYFUNCTION("counta(iferror(filter(L19:L$124,E19:E$124=E18,L19:L$125>L18)))"),0.0) -> 0 | O18: {=XLOOKUP(F18,'Current Week'!B:B,'Current Week'!C:O)} -> 9 | P18: 3 | Q18: ESPN2 | R18: BYE | T18: -4 | U18: No Line | W18: 9999 | AA18: =$O18-max($O18:$O$386) -> -3 | AB18: =countif($O17:$O$2,"<"&$O18) -> 3 | AC18: =IFERROR(__xludf.DUMMYFUNCTION("iferror(COUNT(filter($O19:$O$386,$O19:$O$386>$O18)))"),7.0) -> 7 | AD18: =if(AA18=0,1,0) -> 0 | AE18: =$O18-min($O$2:$O18) -> 3 | AF18: =IFERROR(__xludf.DUMMYFUNCTION("iferror(join("","",index(sort(filter($F19:$F$387,$O19:$O$387>$O18),2,false),0,1)))"),"West Virginia,Western Michigan,Washington,South Florida,Wisconsin,Penn State,Colorado") -> West Virginia,Western Michigan,Washington,South Florida,Wisconsin,Penn State,Colorado | AG18: =IFERROR(__xludf.DUMMYFUNCTION("iferror($O18-max(filter($O18:$O$386,$E18:$E$386=$E$2)))"),0.0) -> 0 | AH18: =countifs($O17:$O$2,"<"&$O18,$E17:$E$2,$E$2) -> 0 | AI18: =IFERROR(__xludf.DUMMYFUNCTION("iferror(COUNT(filter($O19:$O$386,$O19:$O$386>$O18,$E18:$E$386=$E$2)))"),0.0) -> 0 | AJ18: =if(AG18=0,1,0) -> 1 | AK18: =IFERROR(__xludf.DUMMYFUNCTION("iferror($O18-min(filter($O18:$O$386,$E18:$E$386=$E$2)))"),7.0) -> 7 | AL18: =IFERROR(__xludf.DUMMYFUNCTION("iferror(join("","",index(sort(filter($F19:$F$386,$O19:$O$386>$O18,$E19:$E$386=$E$2),2,false),0,1)))"),"") | AM18: =IFERROR(__xludf.DUMMYFUNCTION("REGEXREPLACE(join("","",unique({let(conf_picked,filter(E$1:E17,D$1:D17=D18), byrow(unique(TRANSPOSe(Teams!$1:$1)),lambda(rw,if(ISERROR(match(rw,conf_picked,0)),rw,))));iferror(if(#REF!,,transpose(split(#REF!,"","",1,1))))})), ""^,"", """")"),"AAC,ACC,,Big Ten,CUSA,MAC,MWC,Pac12,SEC,Sun Belt") -> AAC,ACC,,Big Ten,CUSA,MAC,MWC,Pac12,SEC,Sun Belt | AN18: =IFERROR(__xludf.DUMMYFUNCTION("iferror($O18-max(filter($O18:$O$386,arrayformula(isnumber(FIND($E18:$E$386,AM18))))))"),-3.0) -> -3 | AO18: {=countifs($O$2:$O17,"<"&$O18,isnumber(FIND($E$2:$E17,AM18)),TRUE)} -> 2 | AP18: =IFERROR(__xludf.DUMMYFUNCTION("iferror(COUNT(filter($O19:$O$386,$O19:$O$386>$O18,arrayformula(isnumber(FIND($E19:$E$386,AM18))))))"),6.0) -> 6 | AQ18: =if(AN18=0,1,0) -> 0 | AR18: =IFERROR(__xludf.DUMMYFUNCTION("iferror($O18-min(filter($O18:$O$386,arrayformula(isnumber(FIND($E18:$E$386,AM18))))))"),8.0) -> 8 | AS18: =IFERROR(__xludf.DUMMYFUNCTION("iferror(join("","",index(sort(filter($F19:$F$386,$O19:$O$386>$O18,arrayformula(isnumber(FIND($E19:$E$386,AM18)))),2,false),0,1)))"),"Western Michigan,Washington,South Florida,Wisconsin,Penn State,Colorado") -> Western Michigan,Washington,South Florida,Wisconsin,Penn State,Colorado
A19: =A18+1 -> 18 | B19: 2 | C19: 8 | D19: =D4 -> Jacob | E19: =if(F19<>"",VLOOKUP(F19,'Teams-Conference, for lookup'!A:B,2,0),"") -> CUSA | F19: Southern Mississippi | G19: =if(F19<>"",if(match(F19,F:F,0)<ROW(F19),"ERROR: Team already selected in row " & ROW(F19)&". ","")&if(COUNTIFS(E:E,"="&E19,D:D,"="&D19)>1,"ERROR: Player picked from conference more than once.",""),"") | H19: =countif(E20:E29,E19) -> 0 | I19: =countif(E20:E41,E19) -> 0 | J19: =countif(E9:E18,E19) -> 1 | M19: =IFERROR(__xludf.DUMMYFUNCTION("counta(iferror(filter(L$2:L18,E$2:E18=E19,L$2:L18<L19)))"),0.0) -> 0 | N19: =IFERROR(__xludf.DUMMYFUNCTION("counta(iferror(filter(L20:L$124,E20:E$124=E19,L20:L$125>L19)))"),0.0) -> 0 | O19: {=XLOOKUP(F19,'Current Week'!B:B,'Current Week'!C:O)} -> 6 | P19: 6 | Q19: NA | R19: BYE | T19: bye | U19: bye | W19: 9999 | AA19: =$O19-max($O19:$O$386) -> -6 | AB19: =countif($O18:$O$2,"<"&$O19) -> 0 | AC19: =IFERROR(__xludf.DUMMYFUNCTION("iferror(COUNT(filter($O20:$O$386,$O20:$O$386>$O19)))"),42.0) -> 42 | AD19: =if(AA19=0,1,0) -> 0 | AE19: =$O19-min($O$2:$O19) -> 0 | AF19: =IFERROR(__xludf.DUMMYFUNCTION("iferror(join("","",index(sort(filter($F20:$F$387,$O20:$O$387>$O19),2,false),0,1)))"),"Air Force,Iowa,West Virginia,Nebraska,Western Michigan,Arkansas State,Washington,South Florida,North Carolina,Kansas State,Temple,Toledo,Troy,Middle Tennessee,Georgia,Wisconsin,Navy,USC,Louisiana Tech,Ohio,Virginia Tech,Washington State,Memphis,Utah,Color"&"ado State,New Mexico,Florida,Miami,Tulsa,Pittsburgh,Arkansas,Idaho,Penn State,Minnesota,Georgia Tech,Texas A&M,Old Dominion,Auburn,Colorado,Wyoming,Eastern Michigan,Kentucky") -> Air Force,Iowa,West Virginia,Nebraska,Western Michigan,Arkansas State,Washington,South Florida,North Carolina,Kansas State,Temple,Toledo,Troy,Middle Tennessee,Georgia,Wisconsin,Navy,USC,Louisiana Tech,Ohio,Virginia Tech,Washington State,Memphis,Utah,Colorado State,New Mexico,Florida,Miami,Tulsa,Pittsburgh,Arkansas,Idaho,Penn State,Minnesota,Georgia Tech,Texas A&M,Old Dominion,Auburn,Colorado,Wyoming,Eastern Michigan,Kentucky | AG19: =IFERROR(__xludf.DUMMYFUNCTION("iferror($O19-max(filter($O19:$O$386,$E19:$E$386=$E$2)))"),-3.0) -> -3 | AH19: =countifs($O18:$O$2,"<"&$O19,$E18:$E$2,$E$2) -> 0 | AI19: =IFERROR(__xludf.DUMMYFUNCTION("iferror(COUNT(filter($O20:$O$386,$O20:$O$386>$O19,$E19:$E$386=$E$2)))"),0.0) -> 0 | AJ19: =if(AG19=0,1,0) -> 0 | AK19: =IFERROR(__xludf.DUMMYFUNCTION("iferror($O19-min(filter($O19:$O$386,$E19:$E$386=$E$2)))"),4.0) -> 4 | AL19: =IFERROR(__xludf.DUMMYFUNCTION("iferror(join("","",index(sort(filter($F20:$F$386,$O20:$O$386>$O19,$E20:$E$386=$E$2),2,false),0,1)))"),"North Carolina,Virginia Tech,Miami,Pittsburgh,Georgia Tech") -> North Carolina,Virginia Tech,Miami,Pittsburgh,Georgia Tech | AM19: =IFERROR(__xludf.DUMMYFUNCTION("REGEXREPLACE(join("","",unique({let(conf_picked,filter(E$1:E18,D$1:D18=D19), byrow(unique(TRANSPOSe(Teams!$1:$1)),lambda(rw,if(ISERROR(match(rw,conf_picked,0)),rw,))));iferror(if(#REF!,,transpose(split(#REF!,"","",1,1))))})), ""^,"", """")"),"AAC,ACC,Big 12,Big Ten,CUSA,MAC,MWC,Pac12,,Sun Belt") -> AAC,ACC,Big 12,Big Ten,CUSA,MAC,MWC,Pac12,,Sun Belt | AN19: =IFERROR(__xludf.DUMMYFUNCTION("iferror($O19-max(filter($O19:$O$386,arrayformula(isnumber(FIND($E19:$E$386,AM19))))))"),-6.0) -> -6 | AO19: {=countifs($O$2:$O18,"<"&$O19,isnumber(FIND($E$2:$E18,AM19)),TRUE)} -> 0 | AP19: =IFERROR(__xludf.DUMMYFUNCTION("iferror(COUNT(filter($O20:$O$386,$O20:$O$386>$O19,arrayformula(isnumber(FIND($E20:$E$386,AM19))))))"),36.0) -> 36 | AQ19: =if(AN19=0,1,0) -> 0 | AR19: =IFERROR(__xludf.DUMMYFUNCTION("iferror($O19-min(filter($O19:$O$386,arrayformula(isnumber(FIND($E19:$E$386,AM19))))))"),5.0) -> 5 | AS19: =IFERROR(__xludf.DUMMYFUNCTION("iferror(join("","",index(sort(filter($F20:$F$386,$O20:$O$386>$O19,arrayformula(isnumber(FIND($E20:$E$386,AM19)))),2,false),0,1)))"),"Air Force,Iowa,West Virginia,Nebraska,Western Michigan,Arkansas State,Washington,South Florida,North Carolina,Kansas State,Temple,Toledo,Troy,Middle Tennessee,Wisconsin,Navy,USC,Louisiana Tech,Ohio,Virginia Tech,Washington State,Memphis,Utah,Colorado Stat"&"e,New Mexico,Miami,Tulsa,Pittsburgh,Idaho,Penn State,Minnesota,Georgia Tech,Old Dominion,Colorado,Wyoming,Eastern Michigan") -> Air Force,Iowa,West Virginia,Nebraska,Western Michigan,Arkansas State,Washington,South Florida,North Carolina,Kansas State,Temple,Toledo,Troy,Middle Tennessee,Wisconsin,Navy,USC,Louisiana Tech,Ohio,Virginia Tech,Washington State,Memphis,Utah,Colorado State,New Mexico,Miami,Tulsa,Pittsburgh,Idaho,Penn State,Minnesota,Georgia Tech,Old Dominion,Colorado,Wyoming,Eastern Michigan
A20: =A19+1 -> 19 | B20: 2 | C20: 9 | D20: =D3 -> Josh R. | E20: =if(F20<>"",VLOOKUP(F20,'Teams-Conference, for lookup'!A:B,2,0),"") -> MWC | F20: Air Force | G20: =if(F20<>"",if(match(F20,F:F,0)<ROW(F20),"ERROR: Team already selected in row " & ROW(F20)&". ","")&if(COUNTIFS(E:E,"="&E20,D:D,"="&D20)>1,"ERROR: Player picked from conference more than once.",""),"") | H20: =countif(E21:E30,E20) -> 0 | I20: =countif(E21:E42,E20) -> 0 | J20: =countif(E10:E19,E20) -> 1 | M20: =IFERROR(__xludf.DUMMYFUNCTION("counta(iferror(filter(L$2:L19,E$2:E19=E20,L$2:L19<L20)))"),0.0) -> 0 | N20: =IFERROR(__xludf.DUMMYFUNCTION("counta(iferror(filter(L21:L$124,E21:E$124=E20,L21:L$125>L20)))"),0.0) -> 0 | O20: {=XLOOKUP(F20,'Current Week'!B:B,'Current Week'!C:O)} -> 9 | P20: 3 | Q20: Campus Insiders | R20: BYE | T20: -12½ | U20: No Line | W20: 9999 | AA20: =$O20-max($O20:$O$386) -> -3 | AB20: =countif($O19:$O$2,"<"&$O20) -> 4 | AC20: =IFERROR(__xludf.DUMMYFUNCTION("iferror(COUNT(filter($O21:$O$386,$O21:$O$386>$O20)))"),7.0) -> 7 | AD20: =if(AA20=0,1,0) -> 0 | AE20: =$O20-min($O$2:$O20) -> 3 | AF20: =IFERROR(__xludf.DUMMYFUNCTION("iferror(join("","",index(sort(filter($F21:$F$387,$O21:$O$387>$O20),2,false),0,1)))"),"West Virginia,Western Michigan,Washington,South Florida,Wisconsin,Penn State,Colorado") -> West Virginia,Western Michigan,Washington,South Florida,Wisconsin,Penn State,Colorado | AG20: =IFERROR(__xludf.DUMMYFUNCTION("iferror($O20-max(filter($O20:$O$386,$E20:$E$386=$E$2)))"),0.0) -> 0 | AH20: =countifs($O19:$O$2,"<"&$O20,$E19:$E$2,$E$2) -> 0 | AI20: =IFERROR(__xludf.DUMMYFUNCTION("iferror(COUNT(filter($O21:$O$386,$O21:$O$386>$O20,$E20:$E$386=$E$2)))"),0.0) -> 0 | AJ20: =if(AG20=0,1,0) -> 1 | AK20: =IFERROR(__xludf.DUMMYFUNCTION("iferror($O20-min(filter($O20:$O$386,$E20:$E$386=$E$2)))"),7.0) -> 7 | AL20: =IFERROR(__xludf.DUMMYFUNCTION("iferror(join("","",index(sort(filter($F21:$F$386,$O21:$O$386>$O20,$E21:$E$386=$E$2),2,false),0,1)))"),"") | AM20: =IFERROR(__xludf.DUMMYFUNCTION("REGEXREPLACE(join("","",unique({let(conf_picked,filter(E$1:E19,D$1:D19=D20), byrow(unique(TRANSPOSe(Teams!$1:$1)),lambda(rw,if(ISERROR(match(rw,conf_picked,0)),rw,))));iferror(if(#REF!,,transpose(split(#REF!,"","",1,1))))})), ""^,"", """")"),"ACC,Big 12,Big Ten,CUSA,MAC,MWC,Pac12,SEC,Sun Belt") -> ACC,Big 12,Big Ten,CUSA,MAC,MWC,Pac12,SEC,Sun Belt | AN20: =IFERROR(__xludf.DUMMYFUNCTION("iferror($O20-max(filter($O20:$O$386,arrayformula(isnumber(FIND($E20:$E$386,AM20))))))"),-3.0) -> -3 | AO20: {=countifs($O$2:$O19,"<"&$O20,isnumber(FIND($E$2:$E19,AM20)),TRUE)} -> 4 | AP20: =IFERROR(__xludf.DUMMYFUNCTION("iferror(COUNT(filter($O21:$O$386,$O21:$O$386>$O20,arrayformula(isnumber(FIND($E21:$E$386,AM20))))))"),6.0) -> 6 | AQ20: =if(AN20=0,1,0) -> 0 | AR20: =IFERROR(__xludf.DUMMYFUNCTION("iferror($O20-min(filter($O20:$O$386,arrayformula(isnumber(FIND($E20:$E$386,AM20))))))"),8.0) -> 8 | AS20: =IFERROR(__xludf.DUMMYFUNCTION("iferror(join("","",index(sort(filter($F21:$F$386,$O21:$O$386>$O20,arrayformula(isnumber(FIND($E21:$E$386,AM20)))),2,false),0,1)))"),"West Virginia,Western Michigan,Washington,Wisconsin,Penn State,Colorado") -> West Virginia,Western Michigan,Washington,Wisconsin,Penn State,Colorado
A21: =A20+1 -> 20 | B21: 2 | C21: 10 | D21: =D2 -> Gary | E21: =if(F21<>"",VLOOKUP(F21,'Teams-Conference, for lookup'!A:B,2,0),"") -> Big 12 | F21: TCU | G21: =if(F21<>"",if(match(F21,F:F,0)<ROW(F21),"ERROR: Team already selected in row " & ROW(F21)&". ","")&if(COUNTIFS(E:E,"="&E21,D:D,"="&D21)>1,"ERROR: Player picked from conference more than once.",""),"") | H21: =countif(E22:E31,E21) -> 3 | I21: =countif(E22:E43,E21) -> 4 | J21: =countif(E11:E20,E21) -> 2 | M21: =IFERROR(__xludf.DUMMYFUNCTION("counta(iferror(filter(L$2:L20,E$2:E20=E21,L$2:L20<L21)))"),0.0) -> 0 | N21: =IFERROR(__xludf.DUMMYFUNCTION("counta(iferror(filter(L22:L$124,E22:E$124=E21,L22:L$125>L21)))"),0.0) -> 0 | O21: {=XLOOKUP(F21,'Current Week'!B:B,'Current Week'!C:O)} -> 6 | P21: 5 | Q21: ESPN | R21: BYE | T21: 1 | U21: No Line | W21: 9999 | AA21: =$O21-max($O21:$O$386) -> -6 | AB21: =countif($O20:$O$2,"<"&$O21) -> 0 | AC21: =IFERROR(__xludf.DUMMYFUNCTION("iferror(COUNT(filter($O22:$O$386,$O22:$O$386>$O21)))"),41.0) -> 41 | AD21: =if(AA21=0,1,0) -> 0 | AE21: =$O21-min($O$2:$O21) -> 0 | AF21: =IFERROR(__xludf.DUMMYFUNCTION("iferror(join("","",index(sort(filter($F22:$F$387,$O22:$O$387>$O21),2,false),0,1)))"),"Iowa,West Virginia,Nebraska,Western Michigan,Arkansas State,Washington,South Florida,North Carolina,Kansas State,Temple,Toledo,Troy,Middle Tennessee,Georgia,Wisconsin,Navy,USC,Louisiana Tech,Ohio,Virginia Tech,Washington State,Memphis,Utah,Colorado State,"&"New Mexico,Florida,Miami,Tulsa,Pittsburgh,Arkansas,Idaho,Penn State,Minnesota,Georgia Tech,Texas A&M,Old Dominion,Auburn,Colorado,Wyoming,Eastern Michigan,Kentucky") -> Iowa,West Virginia,Nebraska,Western Michigan,Arkansas State,Washington,South Florida,North Carolina,Kansas State,Temple,Toledo,Troy,Middle Tennessee,Georgia,Wisconsin,Navy,USC,Louisiana Tech,Ohio,Virginia Tech,Washington State,Memphis,Utah,Colorado State,New Mexico,Florida,Miami,Tulsa,Pittsburgh,Arkansas,Idaho,Penn State,Minnesota,Georgia Tech,Texas A&M,Old Dominion,Auburn,Colorado,Wyoming,Eastern Michigan,Kentucky | AG21: =IFERROR(__xludf.DUMMYFUNCTION("iferror($O21-max(filter($O21:$O$386,$E21:$E$386=$E$2)))"),-3.0) -> -3 | AH21: =countifs($O20:$O$2,"<"&$O21,$E20:$E$2,$E$2) -> 0 | AI21: =IFERROR(__xludf.DUMMYFUNCTION("iferror(COUNT(filter($O22:$O$386,$O22:$O$386>$O21,$E21:$E$386=$E$2)))"),0.0) -> 0 | AJ21: =if(AG21=0,1,0) -> 0 | AK21: =IFERROR(__xludf.DUMMYFUNCTION("iferror($O21-min(filter($O21:$O$386,$E21:$E$386=$E$2)))"),4.0) -> 4 | AL21: =IFERROR(__xludf.DUMMYFUNCTION("iferror(join("","",index(sort(filter($F22:$F$386,$O22:$O$386>$O21,$E22:$E$386=$E$2),2,false),0,1)))"),"North Carolina,Virginia Tech,Miami,Pittsburgh,Georgia Tech") -> North Carolina,Virginia Tech,Miami,Pittsburgh,Georgia Tech | AM21: =IFERROR(__xludf.DUMMYFUNCTION("REGEXREPLACE(join("","",unique({let(conf_picked,filter(E$1:E20,D$1:D20=D21), byrow(unique(TRANSPOSe(Teams!$1:$1)),lambda(rw,if(ISERROR(match(rw,conf_picked,0)),rw,))));iferror(if(#REF!,,transpose(split(#REF!,"","",1,1))))})), ""^,"", """")"),"AAC,,Big 12,Big Ten,CUSA,MAC,MWC,Pac12,SEC,Sun Belt") -> AAC,,Big 12,Big Ten,CUSA,MAC,MWC,Pac12,SEC,Sun Belt | AN21: =IFERROR(__xludf.DUMMYFUNCTION("iferror($O21-max(filter($O21:$O$386,arrayformula(isnumber(FIND($E21:$E$386,AM21))))))"),-6.0) -> -6 | AO21: {=countifs($O$2:$O20,"<"&$O21,isnumber(FIND($E$2:$E20,AM21)),TRUE)} -> 0 | AP21: =IFERROR(__xludf.DUMMYFUNCTION("iferror(COUNT(filter($O22:$O$386,$O22:$O$386>$O21,arrayformula(isnumber(FIND($E22:$E$386,AM21))))))"),36.0) -> 36 | AQ21: =if(AN21=0,1,0) -> 0 | AR21: =IFERROR(__xludf.DUMMYFUNCTION("iferror($O21-min(filter($O21:$O$386,arrayformula(isnumber(FIND($E21:$E$386,AM21))))))"),5.0) -> 5 | AS21: =IFERROR(__xludf.DUMMYFUNCTION("iferror(join("","",index(sort(filter($F22:$F$386,$O22:$O$386>$O21,arrayformula(isnumber(FIND($E22:$E$386,AM21)))),2,false),0,1)))"),"Iowa,West Virginia,Nebraska,Western Michigan,Arkansas State,Washington,South Florida,Kansas State,Temple,Toledo,Troy,Middle Tennessee,Georgia,Wisconsin,Navy,USC,Louisiana Tech,Ohio,Washington State,Memphis,Utah,Colorado State,New Mexico,Florida,Tulsa,Arka"&"nsas,Idaho,Penn State,Minnesota,Texas A&M,Old Dominion,Auburn,Colorado,Wyoming,Eastern Michigan,Kentucky") -> Iowa,West Virginia,Nebraska,Western Michigan,Arkansas State,Washington,South Florida,Kansas State,Temple,Toledo,Troy,Middle Tennessee,Georgia,Wisconsin,Navy,USC,Louisiana Tech,Ohio,Washington State,Memphis,Utah,Colorado State,New Mexico,Florida,Tulsa,Arkansas,Idaho,Penn State,Minnesota,Texas A&M,Old Dominion,Auburn,Colorado,Wyoming,Eastern Michigan,Kentucky
A22: =A21+1 -> 21 | B22: 3 | C22: 1 | D22: =D2 -> Gary | E22: =if(F22<>"",VLOOKUP(F22,'Teams-Conference, for lookup'!A:B,2,0),"") -> Big Ten | F22: Iowa | G22: =if(F22<>"",if(match(F22,F:F,0)<ROW(F22),"ERROR: Team already selected in row " & ROW(F22)&". ","")&if(COUNTIFS(E:E,"="&E22,D:D,"="&D22)>1,"ERROR: Player picked from conference more than once.",""),"") | H22: =countif(E23:E32,E22) -> 1 | I22: =countif(E23:E44,E22) -> 2 | J22: =countif(E12:E21,E22) -> 1 | M22: =IFERROR(__xludf.DUMMYFUNCTION("counta(iferror(filter(L$2:L21,E$2:E21=E22,L$2:L21<L22)))"),0.0) -> 0 | N22: =IFERROR(__xludf.DUMMYFUNCTION("counta(iferror(filter(L23:L$124,E23:E$124=E22,L23:L$125>L22)))"),0.0) -> 0 | O22: {=XLOOKUP(F22,'Current Week'!B:B,'Current Week'!C:O)} -> 8 | P22: 3 | Q22: BTN | R22: BYE | T22: 2½ | U22: No Line | W22: 9999 | AA22: =$O22-max($O22:$O$386) -> -4 | AB22: =countif($O21:$O$2,"<"&$O22) -> 4 | AC22: =IFERROR(__xludf.DUMMYFUNCTION("iferror(COUNT(filter($O23:$O$386,$O23:$O$386>$O22)))"),16.0) -> 16 | AD22: =if(AA22=0,1,0) -> 0 | AE22: =$O22-min($O$2:$O22) -> 2 | AF22: =IFERROR(__xludf.DUMMYFUNCTION("iferror(join("","",index(sort(filter($F23:$F$387,$O23:$O$387>$O22),2,false),0,1)))"),"West Virginia,Nebraska,Western Michigan,Washington,South Florida,Temple,Toledo,Troy,Wisconsin,Navy,USC,Virginia Tech,Tulsa,Penn State,Old Dominion,Colorado") -> West Virginia,Nebraska,Western Michigan,Washington,South Florida,Temple,Toledo,Troy,Wisconsin,Navy,USC,Virginia Tech,Tulsa,Penn State,Old Dominion,Colorado | AG22: =IFERROR(__xludf.DUMMYFUNCTION("iferror($O22-max(filter($O22:$O$386,$E22:$E$386=$E$2)))"),-1.0) -> -1 | AH22: =countifs($O21:$O$2,"<"&$O22,$E21:$E$2,$E$2) -> 0 | AI22: =IFERROR(__xludf.DUMMYFUNCTION("iferror(COUNT(filter($O23:$O$386,$O23:$O$386>$O22,$E22:$E$386=$E$2)))"),0.0) -> 0 | AJ22: =if(AG22=0,1,0) -> 0 | AK22: =IFERROR(__xludf.DUMMYFUNCTION("iferror($O22-min(filter($O22:$O$386,$E22:$E$386=$E$2)))"),6.0) -> 6 | AL22: =IFERROR(__xludf.DUMMYFUNCTION("iferror(join("","",index(sort(filter($F23:$F$386,$O23:$O$386>$O22,$E23:$E$386=$E$2),2,false),0,1)))"),"Virginia Tech") -> Virginia Tech | AM22: =IFERROR(__xludf.DUMMYFUNCTION("REGEXREPLACE(join("","",unique({let(conf_picked,filter(E$1:E21,D$1:D21=D22), byrow(unique(TRANSPOSe(Teams!$1:$1)),lambda(rw,if(ISERROR(match(rw,conf_picked,0)),rw,))));iferror(if(#REF!,,transpose(split(#REF!,"","",1,1))))})), ""^,"", """")"),"AAC,,Big Ten,CUSA,MAC,MWC,Pac12,SEC,Sun Belt") -> AAC,,Big Ten,CUSA,MAC,MWC,Pac12,SEC,Sun Belt | AN22: =IFERROR(__xludf.DUMMYFUNCTION("iferror($O22-max(filter($O22:$O$386,arrayformula(isnumber(FIND($E22:$E$386,AM22))))))"),-4.0) -> -4 | AO22: {=countifs($O$2:$O21,"<"&$O22,isnumber(FIND($E$2:$E21,AM22)),TRUE)} -> 2 | AP22: =IFERROR(__xludf.DUMMYFUNCTION("iferror(COUNT(filter($O23:$O$386,$O23:$O$386>$O22,arrayformula(isnumber(FIND($E23:$E$386,AM22))))))"),14.0) -> 14 | AQ22: =if(AN22=0,1,0) -> 0 | AR22: =IFERROR(__xludf.DUMMYFUNCTION("iferror($O22-min(filter($O22:$O$386,arrayformula(isnumber(FIND($E22:$E$386,AM22))))))"),7.0) -> 7 | AS22: =IFERROR(__xludf.DUMMYFUNCTION("iferror(join("","",index(sort(filter($F23:$F$386,$O23:$O$386>$O22,arrayformula(isnumber(FIND($E23:$E$386,AM22)))),2,false),0,1)))"),"Nebraska,Western Michigan,Washington,South Florida,Temple,Toledo,Troy,Wisconsin,Navy,USC,Tulsa,Penn State,Old Dominion,Colorado") -> Nebraska,Western Michigan,Washington,South Florida,Temple,Toledo,Troy,Wisconsin,Navy,USC,Tulsa,Penn State,Old Dominion,Colorado
A23: =A22+1 -> 22 | B23: 3 | C23: 2 | D23: =D3 -> Josh R. | E23: =if(F23<>"",VLOOKUP(F23,'Teams-Conference, for lookup'!A:B,2,0),"") -> Big 12 | F23: Texas | G23: =if(F23<>"",if(match(F23,F:F,0)<ROW(F23),"ERROR: Team already selected in row " & ROW(F23)&". ","")&if(COUNTIFS(E:E,"="&E23,D:D,"="&D23)>1,"ERROR: Player picked from conference more than once.",""),"") | H23: =countif(E24:E33,E23) -> 2 | I23: =countif(E24:E45,E23) -> 3 | J23: =countif(E13:E22,E23) -> 2 | K23: =countif(E3:E23,E24) -> 5 | M23: =IFERROR(__xludf.DUMMYFUNCTION("counta(iferror(filter(L$2:L22,E$2:E22=E23,L$2:L22<L23)))"),0.0) -> 0 | N23: =IFERROR(__xludf.DUMMYFUNCTION("counta(iferror(filter(L24:L$124,E24:E$124=E23,L24:L$125>L23)))"),0.0) -> 0 | O23: {=XLOOKUP(F23,'Current Week'!B:B,'Current Week'!C:O)} -> 5 | P23: 6 | Q23: Longhorn | R23: BYE | T23: bye | U23: bye | W23: 9999 | AA23: =$O23-max($O23:$O$386) -> -7 | AB23: =countif($O22:$O$2,"<"&$O23) -> 0 | AC23: =IFERROR(__xludf.DUMMYFUNCTION("iferror(COUNT(filter($O24:$O$386,$O24:$O$386>$O23)))"),53.0) -> 53 | AD23: =if(AA23=0,1,0) -> 0 | AE23: =$O23-min($O$2:$O23) -> 0 | AF23: =IFERROR(__xludf.DUMMYFUNCTION("iferror(join("","",index(sort(filter($F24:$F$387,$O24:$O$387>$O23),2,false),0,1)))"),"West Virginia,Nebraska,Western Michigan,Arkansas State,Washington,South Florida,North Carolina,Kansas State,Temple,Toledo,Troy,Middle Tennessee,Louisiana Lafayette,Georgia,Wisconsin,Navy,USC,Louisiana Tech,Ohio,Virginia Tech,Washington State,Memphis,Utah,"&"Central Michigan,Colorado State,New Mexico,Florida,Miami,Tulsa,Pittsburgh,Northwestern,Arkansas,Idaho,Penn State,Minnesota,Georgia Tech,Boston College,Texas A&M,UCF,NC State,Old Dominion,Auburn,Colorado,Wyoming,Eastern Michigan,Kentucky,Wake Forest,Indian"&"a,Maryland,Miami-OH,South Carolina,Vanderbilt,Hawaii") -> West Virginia,Nebraska,Western Michigan,Arkansas State,Washington,South Florida,North Carolina,Kansas State,Temple,Toledo,Troy,Middle Tennessee,Louisiana Lafayette,Georgia,Wisconsin,Navy,USC,Louisiana Tech,Ohio,Virginia Tech,Washington State,Memphis,Utah,Central Michigan,Colorado State,New Mexico,Florida,Miami,Tulsa,Pittsburgh,Northwestern,Arkansas,Idaho,Penn State,Minnesota,Georgia Tech,Boston College,Texas A&M,UCF,NC State,Old Dominion,Auburn,Colorado,Wyoming,Eastern Michigan,Kentucky,Wake Forest,Indiana,Maryland,Miami-OH,South Carolina,Vanderbilt,Hawaii | AG23: =IFERROR(__xludf.DUMMYFUNCTION("iferror($O23-max(filter($O23:$O$386,$E23:$E$386=$E$2)))"),-4.0) -> -4 | AH23: =countifs($O22:$O$2,"<"&$O23,$E22:$E$2,$E$2) -> 0 | AI23: =IFERROR(__xludf.DUMMYFUNCTION("iferror(COUNT(filter($O24:$O$386,$O24:$O$386>$O23,$E23:$E$386=$E$2)))"),0.0) -> 0 | AJ23: =if(AG23=0,1,0) -> 0 | AK23: =IFERROR(__xludf.DUMMYFUNCTION("iferror($O23-min(filter($O23:$O$386,$E23:$E$386=$E$2)))"),3.0) -> 3 | AL23: =IFERROR(__xludf.DUMMYFUNCTION("iferror(join("","",index(sort(filter($F24:$F$386,$O24:$O$386>$O23,$E24:$E$386=$E$2),2,false),0,1)))"),"North Carolina,Virginia Tech,Miami,Pittsburgh,Georgia Tech,Boston College,NC State,Wake Forest") -> North Carolina,Virginia Tech,Miami,Pittsburgh,Georgia Tech,Boston College,NC State,Wake Forest | AM23: =IFERROR(__xludf.DUMMYFUNCTION("REGEXREPLACE(join("","",unique({let(conf_picked,filter(E$1:E22,D$1:D22=D23), byrow(unique(TRANSPOSe(Teams!$1:$1)),lambda(rw,if(ISERROR(match(rw,conf_picked,0)),rw,))));iferror(if(#REF!,,transpose(split(#REF!,"","",1,1))))})), ""^,"", """")"),"ACC,Big 12,Big Ten,CUSA,MAC,Pac12,SEC,Sun Belt") -> ACC,Big 12,Big Ten,CUSA,MAC,Pac12,SEC,Sun Belt | AN23: =IFERROR(__xludf.DUMMYFUNCTION("iferror($O23-max(filter($O23:$O$386,arrayformula(isnumber(FIND($E23:$E$386,AM23))))))"),-7.0) -> -7 | AO23: {=countifs($O$2:$O22,"<"&$O23,isnumber(FIND($E$2:$E22,AM23)),TRUE)} -> 0 | AP23: =IFERROR(__xludf.DUMMYFUNCTION("iferror(COUNT(filter($O24:$O$386,$O24:$O$386>$O23,arrayformula(isnumber(FIND($E24:$E$386,AM23))))))"),43.0) -> 43 | AQ23: =if(AN23=0,1,0) -> 0 | AR23: =IFERROR(__xludf.DUMMYFUNCTION("iferror($O23-min(filter($O23:$O$386,arrayformula(isnumber(FIND($E23:$E$386,AM23))))))"),3.0) -> 3 | AS23: =IFERROR(__xludf.DUMMYFUNCTION("iferror(join("","",index(sort(filter($F24:$F$386,$O24:$O$386>$O23,arrayformula(isnumber(FIND($E24:$E$386,AM23)))),2,false),0,1)))"),"West Virginia,Nebraska,Western Michigan,Arkansas State,Washington,North Carolina,Kansas State,Toledo,Troy,Middle Tennessee,Louisiana Lafayette,Georgia,Wisconsin,USC,Louisiana Tech,Ohio,Virginia Tech,Washington State,Utah,Central Michigan,Florida,Miami,Pit"&"tsburgh,Northwestern,Arkansas,Idaho,Penn State,Minnesota,Georgia Tech,Boston College,Texas A&M,NC State,Old Dominion,Auburn,Colorado,Eastern Michigan,Kentucky,Wake Forest,Indiana,Maryland,Miami-OH,South Carolina,Vanderbilt") -> West Virginia,Nebraska,Western Michigan,Arkansas State,Washington,North Carolina,Kansas State,Toledo,Troy,Middle Tennessee,Louisiana Lafayette,Georgia,Wisconsin,USC,Louisiana Tech,Ohio,Virginia Tech,Washington State,Utah,Central Michigan,Florida,Miami,Pittsburgh,Northwestern,Arkansas,Idaho,Penn State,Minnesota,Georgia Tech,Boston College,Texas A&M,NC State,Old Dominion,Auburn,Colorado,Eastern Michigan,Kentucky,Wake Forest,Indiana,Maryland,Miami-OH,South Carolina,Vanderbilt
A24: =A23+1 -> 23 | B24: 3 | C24: 3 | D24: =D4 -> Jacob | E24: =if(F24<>"",VLOOKUP(F24,'Teams-Conference, for lookup'!A:B,2,0),"") -> Big 12 | F24: West Virginia | G24: =if(F24<>"",if(match(F24,F:F,0)<ROW(F24),"ERROR: Team already selected in row " & ROW(F24)&". ","")&if(COUNTIFS(E:E,"="&E24,D:D,"="&D24)>1,"ERROR: Player picked from conference more than once.",""),"") | H24: =countif(E25:E34,E24) -> 1 | I24: =countif(E25:E46,E24) -> 2 | J24: =countif(E14:E23,E24) -> 3 | K24: =countif(E4:E24,E25) -> 3 | M24: =IFERROR(__xludf.DUMMYFUNCTION("counta(iferror(filter(L$2:L23,E$2:E23=E24,L$2:L23<L24)))"),0.0) -> 0 | N24: =IFERROR(__xludf.DUMMYFUNCTION("counta(iferror(filter(L25:L$124,E25:E$124=E24,L25:L$125>L24)))"),0.0) -> 0 | O24: {=XLOOKUP(F24,'Current Week'!B:B,'Current Week'!C:O)} -> 10 | P24: 2 | Q24: ROOT Sports Pittsburgh | R24: BYE | T24: 3 | U24: No Line | W24: 9999 | AA24: =$O24-max($O24:$O$386) -> -2 | AB24: =countif($O23:$O$2,"<"&$O24) -> 16 | AC24: =IFERROR(__xludf.DUMMYFUNCTION("iferror(COUNT(filter($O25:$O$386,$O25:$O$386>$O24)))"),2.0) -> 2 | AD24: =if(AA24=0,1,0) -> 0 | AE24: =$O24-min($O$2:$O24) -> 5 | AF24: =IFERROR(__xludf.DUMMYFUNCTION("iferror(join("","",index(sort(filter($F25:$F$387,$O25:$O$387>$O24),2,false),0,1)))"),"Western Michigan,Washington") -> Western Michigan,Washington | AG24: =IFERROR(__xludf.DUMMYFUNCTION("iferror($O24-max(filter($O24:$O$386,$E24:$E$386=$E$2)))"),1.0) -> 1 | AH24: =countifs($O23:$O$2,"<"&$O24,$E23:$E$2,$E$2) -> 2 | AI24: =IFERROR(__xludf.DUMMYFUNCTION("iferror(COUNT(filter($O25:$O$386,$O25:$O$386>$O24,$E24:$E$386=$E$2)))"),0.0) -> 0 | AJ24: =if(AG24=0,1,0) -> 0 | AK24: =IFERROR(__xludf.DUMMYFUNCTION("iferror($O24-min(filter($O24:$O$386,$E24:$E$386=$E$2)))"),8.0) -> 8 | AL24: =IFERROR(__xludf.DUMMYFUNCTION("iferror(join("","",index(sort(filter($F25:$F$386,$O25:$O$386>$O24,$E25:$E$386=$E$2),2,false),0,1)))"),"") | AM24: =IFERROR(__xludf.DUMMYFUNCTION("REGEXREPLACE(join("","",unique({let(conf_picked,filter(E$1:E23,D$1:D23=D24), byrow(unique(TRANSPOSe(Teams!$1:$1)),lambda(rw,if(ISERROR(match(rw,conf_picked,0)),rw,))));iferror(if(#REF!,,transpose(split(#REF!,"","",1,1))))})), ""^,"", """")"),"AAC,ACC,Big 12,Big Ten,,MAC,MWC,Pac12,Sun Belt") -> AAC,ACC,Big 12,Big Ten,,MAC,MWC,Pac12,Sun Belt | AN24: =IFERROR(__xludf.DUMMYFUNCTION("iferror($O24-max(filter($O24:$O$386,arrayformula(isnumber(FIND($E24:$E$386,AM24))))))"),-2.0) -> -2 | AO24: {=countifs($O$2:$O23,"<"&$O24,isnumber(FIND($E$2:$E23,AM24)),TRUE)} -> 12 | AP24: =IFERROR(__xludf.DUMMYFUNCTION("iferror(COUNT(filter($O25:$O$386,$O25:$O$386>$O24,arrayformula(isnumber(FIND($E25:$E$386,AM24))))))"),2.0) -> 2 | AQ24: =if(AN24=0,1,0) -> 0 | AR24: =IFERROR(__xludf.DUMMYFUNCTION("iferror($O24-min(filter($O24:$O$386,arrayformula(isnumber(FIND($E24:$E$386,AM24))))))"),9.0) -> 9 | AS24: =IFERROR(__xludf.DUMMYFUNCTION("iferror(join("","",index(sort(filter($F25:$F$386,$O25:$O$386>$O24,arrayformula(isnumber(FIND($E25:$E$386,AM24)))),2,false),0,1)))"),"Western Michigan,Washington") -> Western Michigan,Washington
A25: =A24+1 -> 24 | B25: 3 | C25: 4 | D25: =D5 -> Brad | E25: =if(F25<>"",VLOOKUP(F25,'Teams-Conference, for lookup'!A:B,2,0),"") -> Big Ten | F25: Nebraska | G25: =if(F25<>"",if(match(F25,F:F,0)<ROW(F25),"ERROR: Team already selected in row " & ROW(F25)&". ","")&if(COUNTIFS(E:E,"="&E25,D:D,"="&D25)>1,"ERROR: Player picked from conference more than once.",""),"") | H25: =countif(E26:E35,E25) -> 0 | I25: =countif(E26:E47,E25) -> 2 | J25: =countif(E15:E24,E25) -> 1 | K25: =countif(E5:E25,E26) -> 1 | M25: =IFERROR(__xludf.DUMMYFUNCTION("counta(iferror(filter(L$2:L24,E$2:E24=E25,L$2:L24<L25)))"),0.0) -> 0 | N25: =IFERROR(__xludf.DUMMYFUNCTION("counta(iferror(filter(L26:L$124,E26:E$124=E25,L26:L$125>L25)))"),0.0) -> 0 | O25: {=XLOOKUP(F25,'Current Week'!B:B,'Current Week'!C:O)} -> 9 | P25: 3 | Q25: ESPN2 | R25: BYE | T25: 3 | U25: No Line | W25: 9999 | AA25: =$O25-max($O25:$O$386) -> -3 | AB25: =countif($O24:$O$2,"<"&$O25) -> 7 | AC25: =IFERROR(__xludf.DUMMYFUNCTION("iferror(COUNT(filter($O26:$O$386,$O26:$O$386>$O25)))"),6.0) -> 6 | AD25: =if(AA25=0,1,0) -> 0 | AE25: =$O25-min($O$2:$O25) -> 4 | AF25: =IFERROR(__xludf.DUMMYFUNCTION("iferror(join("","",index(sort(filter($F26:$F$387,$O26:$O$387>$O25),2,false),0,1)))"),"Western Michigan,Washington,South Florida,Wisconsin,Penn State,Colorado") -> Western Michigan,Washington,South Florida,Wisconsin,Penn State,Colorado | AG25: =IFERROR(__xludf.DUMMYFUNCTION("iferror($O25-max(filter($O25:$O$386,$E25:$E$386=$E$2)))"),0.0) -> 0 | AH25: =countifs($O24:$O$2,"<"&$O25,$E24:$E$2,$E$2) -> 0 | AI25: =IFERROR(__xludf.DUMMYFUNCTION("iferror(COUNT(filter($O26:$O$386,$O26:$O$386>$O25,$E25:$E$386=$E$2)))"),0.0) -> 0 | AJ25: =if(AG25=0,1,0) -> 1 | AK25: =IFERROR(__xludf.DUMMYFUNCTION("iferror($O25-min(filter($O25:$O$386,$E25:$E$386=$E$2)))"),7.0) -> 7 | AL25: =IFERROR(__xludf.DUMMYFUNCTION("iferror(join("","",index(sort(filter($F26:$F$386,$O26:$O$386>$O25,$E26:$E$386=$E$2),2,false),0,1)))"),"") | AM25: =IFERROR(__xludf.DUMMYFUNCTION("REGEXREPLACE(join("","",unique({let(conf_picked,filter(E$1:E24,D$1:D24=D25), byrow(unique(TRANSPOSe(Teams!$1:$1)),lambda(rw,if(ISERROR(match(rw,conf_picked,0)),rw,))));iferror(if(#REF!,,transpose(split(#REF!,"","",1,1))))})), ""^,"", """")"),"AAC,ACC,,Big Ten,MAC,MWC,Pac12,SEC,Sun Belt") -> AAC,ACC,,Big Ten,MAC,MWC,Pac12,SEC,Sun Belt | AN25: =IFERROR(__xludf.DUMMYFUNCTION("iferror($O25-max(filter($O25:$O$386,arrayformula(isnumber(FIND($E25:$E$386,AM25))))))"),-3.0) -> -3 | AO25: {=countifs($O$2:$O24,"<"&$O25,isnumber(FIND($E$2:$E24,AM25)),TRUE)} -> 3 | AP25: =IFERROR(__xludf.DUMMYFUNCTION("iferror(COUNT(filter($O26:$O$386,$O26:$O$386>$O25,arrayformula(isnumber(FIND($E26:$E$386,AM25))))))"),6.0) -> 6 | AQ25: =if(AN25=0,1,0) -> 0 | AR25: =IFERROR(__xludf.DUMMYFUNCTION("iferror($O25-min(filter($O25:$O$386,arrayformula(isnumber(FIND($E25:$E$386,AM25))))))"),8.0) -> 8 | AS25: =IFERROR(__xludf.DUMMYFUNCTION("iferror(join("","",index(sort(filter($F26:$F$386,$O26:$O$386>$O25,arrayformula(isnumber(FIND($E26:$E$386,AM25)))),2,false),0,1)))"),"Western Michigan,Washington,South Florida,Wisconsin,Penn State,Colorado") -> Western Michigan,Washington,South Florida,Wisconsin,Penn State,Colorado
A26: =A25+1 -> 25 | B26: 3 | C26: 5 | D26: =D6 -> Nico | E26: =if(F26<>"",VLOOKUP(F26,'Teams-Conference, for lookup'!A:B,2,0),"") -> Pac12 | F26: Oregon | G26: =if(F26<>"",if(match(F26,F:F,0)<ROW(F26),"ERROR: Team already selected in row " & ROW(F26)&". ","")&if(COUNTIFS(E:E,"="&E26,D:D,"="&D26)>1,"ERROR: Player picked from conference more than once.",""),"") | H26: =countif(E27:E36,E26) -> 1 | I26: =countif(E27:E48,E26) -> 3 | J26: =countif(E16:E25,E26) -> 0 | K26: =countif(E6:E26,E28) -> 0 | M26: =IFERROR(__xludf.DUMMYFUNCTION("counta(iferror(filter(L$2:L25,E$2:E25=E26,L$2:L25<L26)))"),0.0) -> 0 | N26: =IFERROR(__xludf.DUMMYFUNCTION("counta(iferror(filter(L27:L$124,E27:E$124=E26,L27:L$125>L26)))"),0.0) -> 0 | O26: {=XLOOKUP(F26,'Current Week'!B:B,'Current Week'!C:O)} -> 4 | P26: 6 | Q26: ESPN | R26: BYE | T26: bye | U26: bye | W26: 9999 | AA26: =$O26-max($O26:$O$386) -> -8 | AB26: =countif($O25:$O$2,"<"&$O26) -> 0 | AC26: =IFERROR(__xludf.DUMMYFUNCTION("iferror(COUNT(filter($O27:$O$386,$O27:$O$386>$O26)))"),63.0) -> 63 | AD26: =if(AA26=0,1,0) -> 0 | AE26: =$O26-min($O$2:$O26) -> 0 | AF26: =IFERROR(__xludf.DUMMYFUNCTION("iferror(join("","",index(sort(filter($F27:$F$387,$O27:$O$387>$O26),2,false),0,1)))"),"Texas Tech,Northern Illinois,Georgia Southern,Western Michigan,Arkansas State,Washington,South Florida,North Carolina,Kansas State,Temple,Toledo,Troy,Middle Tennessee,Louisiana Lafayette,Georgia,Wisconsin,Navy,USC,Louisiana Tech,Ohio,Nevada,Virginia Tech,"&"Washington State,Memphis,Utah,Central Michigan,Colorado State,Akron,New Mexico,Florida,Miami,Tulsa,Pittsburgh,Northwestern,Ole Miss,Arkansas,Mississippi State,Idaho,Penn State,Arizona State,Minnesota,Georgia Tech,Boston College,Texas A&M,UCF,NC State,Old "&"Dominion,California,Auburn,Colorado,Wyoming,Eastern Michigan,Kentucky,Wake Forest,Indiana,Maryland,Miami-OH,South Carolina,Vanderbilt,Hawaii,SMU,North Texas,UTSA") -> Texas Tech,Northern Illinois,Georgia Southern,Western Michigan,Arkansas State,Washington,South Florida,North Carolina,Kansas State,Temple,Toledo,Troy,Middle Tennessee,Louisiana Lafayette,Georgia,Wisconsin,Navy,USC,Louisiana Tech,Ohio,Nevada,Virginia Tech,Washington State,Memphis,Utah,Central Michigan,Colorado State,Akron,New Mexico,Florida,Miami,Tulsa,Pittsburgh,Northwestern,Ole Miss,Arkansas,Mississippi State,Idaho,Penn State,Arizona State,Minnesota,Georgia Tech,Boston College,Texas A&M,UCF,NC State,Old Dominion,California,Auburn,Colorado,Wyoming,Eastern Michigan,Kentucky,Wake Forest,Indiana,Maryland,Miami-OH,South Carolina,Vanderbilt,Hawaii,SMU,North Texas,UTSA | AG26: =IFERROR(__xludf.DUMMYFUNCTION("iferror($O26-max(filter($O26:$O$386,$E26:$E$386=$E$2)))"),-5.0) -> -5 | AH26: =countifs($O25:$O$2,"<"&$O26,$E25:$E$2,$E$2) -> 0 | AI26: =IFERROR(__xludf.DUMMYFUNCTION("iferror(COUNT(filter($O27:$O$386,$O27:$O$386>$O26,$E26:$E$386=$E$2)))"),0.0) -> 0 | AJ26: =if(AG26=0,1,0) -> 0 | AK26: =IFERROR(__xludf.DUMMYFUNCTION("iferror($O26-min(filter($O26:$O$386,$E26:$E$386=$E$2)))"),2.0) -> 2 | AL26: =IFERROR(__xludf.DUMMYFUNCTION("iferror(join("","",index(sort(filter($F27:$F$386,$O27:$O$386>$O26,$E27:$E$386=$E$2),2,false),0,1)))"),"North Carolina,Virginia Tech,Miami,Pittsburgh,Georgia Tech,Boston College,NC State,Wake Forest") -> North Carolina,Virginia Tech,Miami,Pittsburgh,Georgia Tech,Boston College,NC State,Wake Forest | AM26: =IFERROR(__xludf.DUMMYFUNCTION("REGEXREPLACE(join("","",unique({let(conf_picked,filter(E$1:E25,D$1:D25=D26), byrow(unique(TRANSPOSe(Teams!$1:$1)),lambda(rw,if(ISERROR(match(rw,conf_picked,0)),rw,))));iferror(if(#REF!,,transpose(split(#REF!,"","",1,1))))})), ""^,"", """")"),"AAC,ACC,Big 12,Big Ten,CUSA,MAC,,Pac12,SEC") -> AAC,ACC,Big 12,Big Ten,CUSA,MAC,,Pac12,SEC | AN26: =IFERROR(__xludf.DUMMYFUNCTION("iferror($O26-max(filter($O26:$O$386,arrayformula(isnumber(FIND($E26:$E$386,AM26))))))"),-8.0) -> -8 | AO26: {=countifs($O$2:$O25,"<"&$O26,isnumber(FIND($E$2:$E25,AM26)),TRUE)} -> 0 | AP26: =IFERROR(__xludf.DUMMYFUNCTION("iferror(COUNT(filter($O27:$O$386,$O27:$O$386>$O26,arrayformula(isnumber(FIND($E27:$E$386,AM26))))))"),53.0) -> 53 | AQ26: =if(AN26=0,1,0) -> 0 | AR26: =IFERROR(__xludf.DUMMYFUNCTION("iferror($O26-min(filter($O26:$O$386,arrayformula(isnumber(FIND($E26:$E$386,AM26))))))"),2.0) -> 2 | AS26: =IFERROR(__xludf.DUMMYFUNCTION("iferror(join("","",index(sort(filter($F27:$F$386,$O27:$O$386>$O26,arrayformula(isnumber(FIND($E27:$E$386,AM26)))),2,false),0,1)))"),"Texas Tech,Northern Illinois,Western Michigan,Washington,South Florida,North Carolina,Kansas State,Temple,Toledo,Middle Tennessee,Georgia,Wisconsin,Navy,USC,Louisiana Tech,Ohio,Virginia Tech,Washington State,Memphis,Utah,Central Michigan,Akron,Florida,Mia"&"mi,Tulsa,Pittsburgh,Northwestern,Ole Miss,Arkansas,Mississippi State,Penn State,Arizona State,Minnesota,Georgia Tech,Boston College,Texas A&M,UCF,NC State,Old Dominion,California,Auburn,Colorado,Eastern Michigan,Kentucky,Wake Forest,Indiana,Maryland,Miami"&"-OH,South Carolina,Vanderbilt,SMU,North Texas,UTSA") -> Texas Tech,Northern Illinois,Western Michigan,Washington,South Florida,North Carolina,Kansas State,Temple,Toledo,Middle Tennessee,Georgia,Wisconsin,Navy,USC,Louisiana Tech,Ohio,Virginia Tech,Washington State,Memphis,Utah,Central Michigan,Akron,Florida,Miami,Tulsa,Pittsburgh,Northwestern,Ole Miss,Arkansas,Mississippi State,Penn State,Arizona State,Minnesota,Georgia Tech,Boston College,Texas A&M,UCF,NC State,Old Dominion,California,Auburn,Colorado,Eastern Michigan,Kentucky,Wake Forest,Indiana,Maryland,Miami-OH,South Carolina,Vanderbilt,SMU,North Texas,UTSA
A27: =A26+1 -> 26 | B27: 3 | C27: 6 | D27: =D7 -> Vu | E27: =if(F27<>"",VLOOKUP(F27,'Teams-Conference, for lookup'!A:B,2,0),"") -> Big 12 | F27: Texas Tech | G27: =if(F27<>"",if(match(F27,F:F,0)<ROW(F27),"ERROR: Team already selected in row " & ROW(F27)&". ","")&if(COUNTIFS(E:E,"="&E27,D:D,"="&D27)>1,"ERROR: Player picked from conference more than once.",""),"") | H27: =countif(E28:E37,E27) -> 1 | I27: =countif(E28:E49,E27) -> 1 | J27: =countif(E17:E26,E27) -> 3 | M27: =IFERROR(__xludf.DUMMYFUNCTION("counta(iferror(filter(L$2:L26,E$2:E26=E27,L$2:L26<L27)))"),0.0) -> 0 | N27: =IFERROR(__xludf.DUMMYFUNCTION("counta(iferror(filter(L28:L$124,E28:E$124=E27,L28:L$125>L27)))"),0.0) -> 0 | O27: {=XLOOKUP(F27,'Current Week'!B:B,'Current Week'!C:O)} -> 5 | P27: 6 | Q27: FS1 | R27: BYE | T27: bye | U27: bye | W27: 9999 | AA27: =$O27-max($O27:$O$386) -> -7 | AB27: =countif($O26:$O$2,"<"&$O27) -> 1 | AC27: =IFERROR(__xludf.DUMMYFUNCTION("iferror(COUNT(filter($O28:$O$386,$O28:$O$386>$O27)))"),51.0) -> 51 | AD27: =if(AA27=0,1,0) -> 0 | AE27: =$O27-min($O$2:$O27) -> 1 | AF27: =IFERROR(__xludf.DUMMYFUNCTION("iferror(join("","",index(sort(filter($F28:$F$387,$O28:$O$387>$O27),2,false),0,1)))"),"Western Michigan,Arkansas State,Washington,South Florida,North Carolina,Kansas State,Temple,Toledo,Troy,Middle Tennessee,Louisiana Lafayette,Georgia,Wisconsin,Navy,USC,Louisiana Tech,Ohio,Virginia Tech,Washington State,Memphis,Utah,Central Michigan,Colora"&"do State,New Mexico,Florida,Miami,Tulsa,Pittsburgh,Northwestern,Arkansas,Idaho,Penn State,Minnesota,Georgia Tech,Boston College,Texas A&M,UCF,NC State,Old Dominion,Auburn,Colorado,Wyoming,Eastern Michigan,Kentucky,Wake Forest,Indiana,Maryland,Miami-OH,Sou"&"th Carolina,Vanderbilt,Hawaii") -> Western Michigan,Arkansas State,Washington,South Florida,North Carolina,Kansas State,Temple,Toledo,Troy,Middle Tennessee,Louisiana Lafayette,Georgia,Wisconsin,Navy,USC,Louisiana Tech,Ohio,Virginia Tech,Washington State,Memphis,Utah,Central Michigan,Colorado State,New Mexico,Florida,Miami,Tulsa,Pittsburgh,Northwestern,Arkansas,Idaho,Penn State,Minnesota,Georgia Tech,Boston College,Texas A&M,UCF,NC State,Old Dominion,Auburn,Colorado,Wyoming,Eastern Michigan,Kentucky,Wake Forest,Indiana,Maryland,Miami-OH,South Carolina,Vanderbilt,Hawaii | AG27: =IFERROR(__xludf.DUMMYFUNCTION("iferror($O27-max(filter($O27:$O$386,$E27:$E$386=$E$2)))"),-4.0) -> -4 | AH27: =countifs($O26:$O$2,"<"&$O27,$E26:$E$2,$E$2) -> 0 | AI27: =IFERROR(__xludf.DUMMYFUNCTION("iferror(COUNT(filter($O28:$O$386,$O28:$O$386>$O27,$E27:$E$386=$E$2)))"),0.0) -> 0 | AJ27: =if(AG27=0,1,0) -> 0 | AK27: =IFERROR(__xludf.DUMMYFUNCTION("iferror($O27-min(filter($O27:$O$386,$E27:$E$386=$E$2)))"),3.0) -> 3 | AL27: =IFERROR(__xludf.DUMMYFUNCTION("iferror(join("","",index(sort(filter($F28:$F$386,$O28:$O$386>$O27,$E28:$E$386=$E$2),2,false),0,1)))"),"North Carolina,Virginia Tech,Miami,Pittsburgh,Georgia Tech,Boston College,NC State,Wake Forest") -> North Carolina,Virginia Tech,Miami,Pittsburgh,Georgia Tech,Boston College,NC State,Wake Forest | AM27: =IFERROR(__xludf.DUMMYFUNCTION("REGEXREPLACE(join("","",unique({let(conf_picked,filter(E$1:E26,D$1:D26=D27), byrow(unique(TRANSPOSe(Teams!$1:$1)),lambda(rw,if(ISERROR(match(rw,conf_picked,0)),rw,))));iferror(if(#REF!,,transpose(split(#REF!,"","",1,1))))})), ""^,"", """")"),"AAC,,Big 12,Big Ten,CUSA,MAC,Pac12,SEC,Sun Belt") -> AAC,,Big 12,Big Ten,CUSA,MAC,Pac12,SEC,Sun Belt | AN27: =IFERROR(__xludf.DUMMYFUNCTION("iferror($O27-max(filter($O27:$O$386,arrayformula(isnumber(FIND($E27:$E$386,AM27))))))"),-7.0) -> -7 | AO27: {=countifs($O$2:$O26,"<"&$O27,isnumber(FIND($E$2:$E26,AM27)),TRUE)} -> 1 | AP27: =IFERROR(__xludf.DUMMYFUNCTION("iferror(COUNT(filter($O28:$O$386,$O28:$O$386>$O27,arrayformula(isnumber(FIND($E28:$E$386,AM27))))))"),39.0) -> 39 | AQ27: =if(AN27=0,1,0) -> 0 | AR27: =IFERROR(__xludf.DUMMYFUNCTION("iferror($O27-min(filter($O27:$O$386,arrayformula(isnumber(FIND($E27:$E$386,AM27))))))"),3.0) -> 3 | AS27: =IFERROR(__xludf.DUMMYFUNCTION("iferror(join("","",index(sort(filter($F28:$F$386,$O28:$O$386>$O27,arrayformula(isnumber(FIND($E28:$E$386,AM27)))),2,false),0,1)))"),"Western Michigan,Arkansas State,Washington,South Florida,Kansas State,Temple,Toledo,Troy,Middle Tennessee,Louisiana Lafayette,Georgia,Wisconsin,Navy,USC,Louisiana Tech,Ohio,Washington State,Memphis,Utah,Central Michigan,Florida,Tulsa,Northwestern,Arkansas"&",Idaho,Penn State,Minnesota,Texas A&M,UCF,Old Dominion,Auburn,Colorado,Eastern Michigan,Kentucky,Indiana,Maryland,Miami-OH,South Carolina,Vanderbilt") -> Western Michigan,Arkansas State,Washington,South Florida,Kansas State,Temple,Toledo,Troy,Middle Tennessee,Louisiana Lafayette,Georgia,Wisconsin,Navy,USC,Louisiana Tech,Ohio,Washington State,Memphis,Utah,Central Michigan,Florida,Tulsa,Northwestern,Arkansas,Idaho,Penn State,Minnesota,Texas A&M,UCF,Old Dominion,Auburn,Colorado,Eastern Michigan,Kentucky,Indiana,Maryland,Miami-OH,South Carolina,Vanderbilt
A28: =A27+1 -> 27 | B28: 3 | C28: 7 | D28: =D8 -> Josh T. | E28: =if(F28<>"",VLOOKUP(F28,'Teams-Conference, for lookup'!A:B,2,0),"") -> MAC | F28: Northern Illinois | G28: =if(F28<>"",if(match(F28,F:F,0)<ROW(F28),"ERROR: Team already selected in row " & ROW(F28)&". ","")&if(COUNTIFS(E:E,"="&E28,D:D,"="&D28)>1,"ERROR: Player picked from conference more than once.",""),"") | H28: =countif(E29:E38,E28) -> 1 | I28: =countif(E29:E50,E28) -> 2 | J28: =countif(E18:E27,E28) -> 0 | K28: =countif(E7:E28,E29) -> 1 | M28: =IFERROR(__xludf.DUMMYFUNCTION("counta(iferror(filter(L$2:L27,E$2:E27=E28,L$2:L27<L28)))"),0.0) -> 0 | N28: =IFERROR(__xludf.DUMMYFUNCTION("counta(iferror(filter(L29:L$124,E29:E$124=E28,L29:L$125>L28)))"),0.0) -> 0 | O28: {=XLOOKUP(F28,'Current Week'!B:B,'Current Week'!C:O)} -> 5 | P28: 3 | Q28: CBS Sports | R28: BYE | T28: bye | U28: bye | W28: 9999 | AA28: =$O28-max($O28:$O$386) -> -7 | AB28: =countif($O27:$O$2,"<"&$O28) -> 1 | AC28: =IFERROR(__xludf.DUMMYFUNCTION("iferror(COUNT(filter($O29:$O$386,$O29:$O$386>$O28)))"),51.0) -> 51 | AD28: =if(AA28=0,1,0) -> 0 | AE28: =$O28-min($O$2:$O28) -> 1 | AF28: =IFERROR(__xludf.DUMMYFUNCTION("iferror(join("","",index(sort(filter($F29:$F$387,$O29:$O$387>$O28),2,false),0,1)))"),"Western Michigan,Arkansas State,Washington,South Florida,North Carolina,Kansas State,Temple,Toledo,Troy,Middle Tennessee,Louisiana Lafayette,Georgia,Wisconsin,Navy,USC,Louisiana Tech,Ohio,Virginia Tech,Washington State,Memphis,Utah,Central Michigan,Colora"&"do State,New Mexico,Florida,Miami,Tulsa,Pittsburgh,Northwestern,Arkansas,Idaho,Penn State,Minnesota,Georgia Tech,Boston College,Texas A&M,UCF,NC State,Old Dominion,Auburn,Colorado,Wyoming,Eastern Michigan,Kentucky,Wake Forest,Indiana,Maryland,Miami-OH,Sou"&"th Carolina,Vanderbilt,Hawaii") -> Western Michigan,Arkansas State,Washington,South Florida,North Carolina,Kansas State,Temple,Toledo,Troy,Middle Tennessee,Louisiana Lafayette,Georgia,Wisconsin,Navy,USC,Louisiana Tech,Ohio,Virginia Tech,Washington State,Memphis,Utah,Central Michigan,Colorado State,New Mexico,Florida,Miami,Tulsa,Pittsburgh,Northwestern,Arkansas,Idaho,Penn State,Minnesota,Georgia Tech,Boston College,Texas A&M,UCF,NC State,Old Dominion,Auburn,Colorado,Wyoming,Eastern Michigan,Kentucky,Wake Forest,Indiana,Maryland,Miami-OH,South Carolina,Vanderbilt,Hawaii | AG28: =IFERROR(__xludf.DUMMYFUNCTION("iferror($O28-max(filter($O28:$O$386,$E28:$E$386=$E$2)))"),-4.0) -> -4 | AH28: =countifs($O27:$O$2,"<"&$O28,$E27:$E$2,$E$2) -> 0 | AI28: =IFERROR(__xludf.DUMMYFUNCTION("iferror(COUNT(filter($O29:$O$386,$O29:$O$386>$O28,$E28:$E$386=$E$2)))"),0.0) -> 0 | AJ28: =if(AG28=0,1,0) -> 0 | AK28: =IFERROR(__xludf.DUMMYFUNCTION("iferror($O28-min(filter($O28:$O$386,$E28:$E$386=$E$2)))"),3.0) -> 3 | AL28: =IFERROR(__xludf.DUMMYFUNCTION("iferror(join("","",index(sort(filter($F29:$F$386,$O29:$O$386>$O28,$E29:$E$386=$E$2),2,false),0,1)))"),"North Carolina,Virginia Tech,Miami,Pittsburgh,Georgia Tech,Boston College,NC State,Wake Forest") -> North Carolina,Virginia Tech,Miami,Pittsburgh,Georgia Tech,Boston College,NC State,Wake Forest | AM28: =IFERROR(__xludf.DUMMYFUNCTION("REGEXREPLACE(join("","",unique({let(conf_picked,filter(E$1:E27,D$1:D27=D28), byrow(unique(TRANSPOSe(Teams!$1:$1)),lambda(rw,if(ISERROR(match(rw,conf_picked,0)),rw,))));iferror(if(#REF!,,transpose(split(#REF!,"","",1,1))))})), ""^,"", """")"),"AAC,,Big 12,Big Ten,CUSA,MAC,MWC,Pac12,Sun Belt") -> AAC,,Big 12,Big Ten,CUSA,MAC,MWC,Pac12,Sun Belt | AN28: =IFERROR(__xludf.DUMMYFUNCTION("iferror($O28-max(filter($O28:$O$386,arrayformula(isnumber(FIND($E28:$E$386,AM28))))))"),-7.0) -> -7 | AO28: {=countifs($O$2:$O27,"<"&$O28,isnumber(FIND($E$2:$E27,AM28)),TRUE)} -> 1 | AP28: =IFERROR(__xludf.DUMMYFUNCTION("iferror(COUNT(filter($O29:$O$386,$O29:$O$386>$O28,arrayformula(isnumber(FIND($E29:$E$386,AM28))))))"),35.0) -> 35 | AQ28: =if(AN28=0,1,0) -> 0 | AR28: =IFERROR(__xludf.DUMMYFUNCTION("iferror($O28-min(filter($O28:$O$386,arrayformula(isnumber(FIND($E28:$E$386,AM28))))))"),4.0) -> 4 | AS28: =IFERROR(__xludf.DUMMYFUNCTION("iferror(join("","",index(sort(filter($F29:$F$386,$O29:$O$386>$O28,arrayformula(isnumber(FIND($E29:$E$386,AM28)))),2,false),0,1)))"),"Western Michigan,Arkansas State,Washington,South Florida,Kansas State,Temple,Toledo,Troy,Middle Tennessee,Louisiana Lafayette,Wisconsin,Navy,USC,Louisiana Tech,Ohio,Washington State,Memphis,Utah,Central Michigan,Colorado State,New Mexico,Tulsa,Northwester"&"n,Idaho,Penn State,Minnesota,UCF,Old Dominion,Colorado,Wyoming,Eastern Michigan,Indiana,Maryland,Miami-OH,Hawaii") -> Western Michigan,Arkansas State,Washington,South Florida,Kansas State,Temple,Toledo,Troy,Middle Tennessee,Louisiana Lafayette,Wisconsin,Navy,USC,Louisiana Tech,Ohio,Washington State,Memphis,Utah,Central Michigan,Colorado State,New Mexico,Tulsa,Northwestern,Idaho,Penn State,Minnesota,UCF,Old Dominion,Colorado,Wyoming,Eastern Michigan,Indiana,Maryland,Miami-OH,Hawaii
A29: =A28+1 -> 28 | B29: 3 | C29: 8 | D29: =D9 -> Justin | E29: =if(F29<>"",VLOOKUP(F29,'Teams-Conference, for lookup'!A:B,2,0),"") -> Sun Belt | F29: Georgia Southern | G29: =if(F29<>"",if(match(F29,F:F,0)<ROW(F29),"ERROR: Team already selected in row " & ROW(F29)&". ","")&if(COUNTIFS(E:E,"="&E29,D:D,"="&D29)>1,"ERROR: Player picked from conference more than once.",""),"") | H29: =countif(E30:E39,E29) -> 1 | I29: =countif(E30:E51,E29) -> 3 | J29: =countif(E19:E28,E29) -> 0 | K29: =countif(E8:E29,E30) -> 1 | M29: =IFERROR(__xludf.DUMMYFUNCTION("counta(iferror(filter(L$2:L28,E$2:E28=E29,L$2:L28<L29)))"),0.0) -> 0 | N29: =IFERROR(__xludf.DUMMYFUNCTION("counta(iferror(filter(L30:L$124,E30:E$124=E29,L30:L$125>L29)))"),0.0) -> 0 | O29: {=XLOOKUP(F29,'Current Week'!B:B,'Current Week'!C:O)} -> 5 | P29: 4 | Q29: American Sports | R29: BYE | T29: bye | U29: bye | W29: 9999 | AA29: =$O29-max($O29:$O$386) -> -7 | AB29: =countif($O28:$O$2,"<"&$O29) -> 1 | AC29: =IFERROR(__xludf.DUMMYFUNCTION("iferror(COUNT(filter($O30:$O$386,$O30:$O$386>$O29)))"),51.0) -> 51 | AD29: =if(AA29=0,1,0) -> 0 | AE29: =$O29-min($O$2:$O29) -> 1 | AF29: =IFERROR(__xludf.DUMMYFUNCTION("iferror(join("","",index(sort(filter($F30:$F$387,$O30:$O$387>$O29),2,false),0,1)))"),"Western Michigan,Arkansas State,Washington,South Florida,North Carolina,Kansas State,Temple,Toledo,Troy,Middle Tennessee,Louisiana Lafayette,Georgia,Wisconsin,Navy,USC,Louisiana Tech,Ohio,Virginia Tech,Washington State,Memphis,Utah,Central Michigan,Colora"&"do State,New Mexico,Florida,Miami,Tulsa,Pittsburgh,Northwestern,Arkansas,Idaho,Penn State,Minnesota,Georgia Tech,Boston College,Texas A&M,UCF,NC State,Old Dominion,Auburn,Colorado,Wyoming,Eastern Michigan,Kentucky,Wake Forest,Indiana,Maryland,Miami-OH,Sou"&"th Carolina,Vanderbilt,Hawaii") -> Western Michigan,Arkansas State,Washington,South Florida,North Carolina,Kansas State,Temple,Toledo,Troy,Middle Tennessee,Louisiana Lafayette,Georgia,Wisconsin,Navy,USC,Louisiana Tech,Ohio,Virginia Tech,Washington State,Memphis,Utah,Central Michigan,Colorado State,New Mexico,Florida,Miami,Tulsa,Pittsburgh,Northwestern,Arkansas,Idaho,Penn State,Minnesota,Georgia Tech,Boston College,Texas A&M,UCF,NC State,Old Dominion,Auburn,Colorado,Wyoming,Eastern Michigan,Kentucky,Wake Forest,Indiana,Maryland,Miami-OH,South Carolina,Vanderbilt,Hawaii | AG29: =IFERROR(__xludf.DUMMYFUNCTION("iferror($O29-max(filter($O29:$O$386,$E29:$E$386=$E$2)))"),-4.0) -> -4 | AH29: =countifs($O28:$O$2,"<"&$O29,$E28:$E$2,$E$2) -> 0 | AI29: =IFERROR(__xludf.DUMMYFUNCTION("iferror(COUNT(filter($O30:$O$386,$O30:$O$386>$O29,$E29:$E$386=$E$2)))"),0.0) -> 0 | AJ29: =if(AG29=0,1,0) -> 0 | AK29: =IFERROR(__xludf.DUMMYFUNCTION("iferror($O29-min(filter($O29:$O$386,$E29:$E$386=$E$2)))"),3.0) -> 3 | AL29: =IFERROR(__xludf.DUMMYFUNCTION("iferror(join("","",index(sort(filter($F30:$F$386,$O30:$O$386>$O29,$E30:$E$386=$E$2),2,false),0,1)))"),"North Carolina,Virginia Tech,Miami,Pittsburgh,Georgia Tech,Boston College,NC State,Wake Forest") -> North Carolina,Virginia Tech,Miami,Pittsburgh,Georgia Tech,Boston College,NC State,Wake Forest | AM29: =IFERROR(__xludf.DUMMYFUNCTION("REGEXREPLACE(join("","",unique({let(conf_picked,filter(E$1:E28,D$1:D28=D29), byrow(unique(TRANSPOSe(Teams!$1:$1)),lambda(rw,if(ISERROR(match(rw,conf_picked,0)),rw,))));iferror(if(#REF!,,transpose(split(#REF!,"","",1,1))))})), ""^,"", """")"),"AAC,ACC,,CUSA,MAC,MWC,Pac12,SEC,Sun Belt") -> AAC,ACC,,CUSA,MAC,MWC,Pac12,SEC,Sun Belt | AN29: =IFERROR(__xludf.DUMMYFUNCTION("iferror($O29-max(filter($O29:$O$386,arrayformula(isnumber(FIND($E29:$E$386,AM29))))))"),-7.0) -> -7 | AO29: {=countifs($O$2:$O28,"<"&$O29,isnumber(FIND($E$2:$E28,AM29)),TRUE)} -> 1 | AP29: =IFERROR(__xludf.DUMMYFUNCTION("iferror(COUNT(filter($O30:$O$386,$O30:$O$386>$O29,arrayformula(isnumber(FIND($E30:$E$386,AM29))))))"),44.0) -> 44 | AQ29: =if(AN29=0,1,0) -> 0 | AR29: =IFERROR(__xludf.DUMMYFUNCTION("iferror($O29-min(filter($O29:$O$386,arrayformula(isnumber(FIND($E29:$E$386,AM29))))))"),4.0) -> 4 | AS29: =IFERROR(__xludf.DUMMYFUNCTION("iferror(join("","",index(sort(filter($F30:$F$386,$O30:$O$386>$O29,arrayformula(isnumber(FIND($E30:$E$386,AM29)))),2,false),0,1)))"),"Western Michigan,Arkansas State,Washington,South Florida,North Carolina,Temple,Toledo,Troy,Middle Tennessee,Louisiana Lafayette,Georgia,Navy,USC,Louisiana Tech,Ohio,Virginia Tech,Washington State,Memphis,Utah,Central Michigan,Colorado State,New Mexico,Flo"&"rida,Miami,Tulsa,Pittsburgh,Arkansas,Idaho,Georgia Tech,Boston College,Texas A&M,UCF,NC State,Old Dominion,Auburn,Colorado,Wyoming,Eastern Michigan,Kentucky,Wake Forest,Miami-OH,South Carolina,Vanderbilt,Hawaii") -> Western Michigan,Arkansas State,Washington,South Florida,North Carolina,Temple,Toledo,Troy,Middle Tennessee,Louisiana Lafayette,Georgia,Navy,USC,Louisiana Tech,Ohio,Virginia Tech,Washington State,Memphis,Utah,Central Michigan,Colorado State,New Mexico,Florida,Miami,Tulsa,Pittsburgh,Arkansas,Idaho,Georgia Tech,Boston College,Texas A&M,UCF,NC State,Old Dominion,Auburn,Colorado,Wyoming,Eastern Michigan,Kentucky,Wake Forest,Miami-OH,South Carolina,Vanderbilt,Hawaii
A30: =A29+1 -> 29 | B30: 3 | C30: 9 | D30: =D10 -> Frank | E30: =if(F30<>"",VLOOKUP(F30,'Teams-Conference, for lookup'!A:B,2,0),"") -> MAC | F30: Western Michigan | G30: =if(F30<>"",if(match(F30,F:F,0)<ROW(F30),"ERROR: Team already selected in row " & ROW(F30)&". ","")&if(COUNTIFS(E:E,"="&E30,D:D,"="&D30)>1,"ERROR: Player picked from conference more than once.",""),"") | H30: =countif(E31:E40,E30) -> 1 | I30: =countif(E31:E52,E30) -> 2 | J30: =countif(E20:E29,E30) -> 1 | K30: =countif(E9:E30,E31) -> 2 | M30: =IFERROR(__xludf.DUMMYFUNCTION("counta(iferror(filter(L$2:L29,E$2:E29=E30,L$2:L29<L30)))"),0.0) -> 0 | N30: =IFERROR(__xludf.DUMMYFUNCTION("counta(iferror(filter(L31:L$124,E31:E$124=E30,L31:L$125>L30)))"),0.0) -> 0 | O30: {=XLOOKUP(F30,'Current Week'!B:B,'Current Week'!C:O)} -> 12 | P30: 0 | Q30: ESPN3 | R30: BYE | T30: 7½ | U30: No Line | W30: 9999 | AA30: =$O30-max($O30:$O$386) -> 0 | AB30: =countif($O29:$O$2,"<"&$O30) -> 27 | AC30: =IFERROR(__xludf.DUMMYFUNCTION("iferror(COUNT(filter($O31:$O$386,$O31:$O$386>$O30)))"),0.0) -> 0 | AD30: =if(AA30=0,1,0) -> 1 | AE30: =$O30-min($O$2:$O30) -> 8 | AF30: =IFERROR(__xludf.DUMMYFUNCTION("iferror(join("","",index(sort(filter($F31:$F$387,$O31:$O$387>$O30),2,false),0,1)))"),"") | AG30: =IFERROR(__xludf.DUMMYFUNCTION("iferror($O30-max(filter($O30:$O$386,$E30:$E$386=$E$2)))"),3.0) -> 3 | AH30: =countifs($O29:$O$2,"<"&$O30,$E29:$E$2,$E$2) -> 3 | AI30: =IFERROR(__xludf.DUMMYFUNCTION("iferror(COUNT(filter($O31:$O$386,$O31:$O$386>$O30,$E30:$E$386=$E$2)))"),0.0) -> 0 | AJ30: =if(AG30=0,1,0) -> 0 | AK30: =IFERROR(__xludf.DUMMYFUNCTION("iferror($O30-min(filter($O30:$O$386,$E30:$E$386=$E$2)))"),10.0) -> 10 | AL30: =IFERROR(__xludf.DUMMYFUNCTION("iferror(join("","",index(sort(filter($F31:$F$386,$O31:$O$386>$O30,$E31:$E$386=$E$2),2,false),0,1)))"),"") | AM30: =IFERROR(__xludf.DUMMYFUNCTION("REGEXREPLACE(join("","",unique({let(conf_picked,filter(E$1:E29,D$1:D29=D30), byrow(unique(TRANSPOSe(Teams!$1:$1)),lambda(rw,if(ISERROR(match(rw,conf_picked,0)),rw,))));iferror(if(#REF!,,transpose(split(#REF!,"","",1,1))))})), ""^,"", """")"),"AAC,ACC,Big 12,Big Ten,CUSA,MAC,MWC,,Sun Belt") -> AAC,ACC,Big 12,Big Ten,CUSA,MAC,MWC,,Sun Belt | AN30: =IFERROR(__xludf.DUMMYFUNCTION("iferror($O30-max(filter($O30:$O$386,arrayformula(isnumber(FIND($E30:$E$386,AM30))))))"),0.0) -> 0 | AO30: {=countifs($O$2:$O29,"<"&$O30,isnumber(FIND($E$2:$E29,AM30)),TRUE)} -> 23 | AP30: =IFERROR(__xludf.DUMMYFUNCTION("iferror(COUNT(filter($O31:$O$386,$O31:$O$386>$O30,arrayformula(isnumber(FIND($E31:$E$386,AM30))))))"),0.0) -> 0 | AQ30: =if(AN30=0,1,0) -> 1 | AR30: =IFERROR(__xludf.DUMMYFUNCTION("iferror($O30-min(filter($O30:$O$386,arrayformula(isnumber(FIND($E30:$E$386,AM30))))))"),11.0) -> 11 | AS30: =IFERROR(__xludf.DUMMYFUNCTION("iferror(join("","",index(sort(filter($F31:$F$386,$O31:$O$386>$O30,arrayformula(isnumber(FIND($E31:$E$386,AM30)))),2,false),0,1)))"),"")
A31: =A30+1 -> 30 | B31: 3 | C31: 10 | D31: =D11 -> Nick A. | E31: =if(F31<>"",VLOOKUP(F31,'Teams-Conference, for lookup'!A:B,2,0),"") -> Sun Belt | F31: Arkansas State | G31: =if(F31<>"",if(match(F31,F:F,0)<ROW(F31),"ERROR: Team already selected in row " & ROW(F31)&". ","")&if(COUNTIFS(E:E,"="&E31,D:D,"="&D31)>1,"ERROR: Player picked from conference more than once.",""),"") | H31: =countif(E32:E41,E31) -> 1 | I31: =countif(E32:E53,E31) -> 2 | J31: =countif(E21:E30,E31) -> 1 | K31: =countif(E10:E31,E32) -> 2 | M31: =IFERROR(__xludf.DUMMYFUNCTION("counta(iferror(filter(L$2:L30,E$2:E30=E31,L$2:L30<L31)))"),0.0) -> 0 | N31: =IFERROR(__xludf.DUMMYFUNCTION("counta(iferror(filter(L32:L$124,E32:E$124=E31,L32:L$125>L31)))"),0.0) -> 0 | O31: {=XLOOKUP(F31,'Current Week'!B:B,'Current Week'!C:O)} -> 7 | P31: 5 | Q31: SEC | R31: BYE | T31: 6 | U31: No Line | W31: 9999 | AA31: =$O31-max($O31:$O$386) -> -4 | AB31: =countif($O30:$O$2,"<"&$O31) -> 8 | AC31: =IFERROR(__xludf.DUMMYFUNCTION("iferror(COUNT(filter($O32:$O$386,$O32:$O$386>$O31)))"),31.0) -> 31 | AD31: =if(AA31=0,1,0) -> 0 | AE31: =$O31-min($O$2:$O31) -> 3 | AF31: =IFERROR(__xludf.DUMMYFUNCTION("iferror(join("","",index(sort(filter($F32:$F$387,$O32:$O$387>$O31),2,false),0,1)))"),"Washington,South Florida,North Carolina,Kansas State,Temple,Toledo,Troy,Middle Tennessee,Wisconsin,Navy,USC,Louisiana Tech,Ohio,Virginia Tech,Washington State,Memphis,Utah,New Mexico,Florida,Miami,Tulsa,Pittsburgh,Idaho,Penn State,Minnesota,Georgia Tech,T"&"exas A&M,Old Dominion,Auburn,Colorado,Wyoming") -> Washington,South Florida,North Carolina,Kansas State,Temple,Toledo,Troy,Middle Tennessee,Wisconsin,Navy,USC,Louisiana Tech,Ohio,Virginia Tech,Washington State,Memphis,Utah,New Mexico,Florida,Miami,Tulsa,Pittsburgh,Idaho,Penn State,Minnesota,Georgia Tech,Texas A&M,Old Dominion,Auburn,Colorado,Wyoming | AG31: =IFERROR(__xludf.DUMMYFUNCTION("iferror($O31-max(filter($O31:$O$386,$E31:$E$386=$E$2)))"),-2.0) -> -2 | AH31: =countifs($O30:$O$2,"<"&$O31,$E30:$E$2,$E$2) -> 0 | AI31: =IFERROR(__xludf.DUMMYFUNCTION("iferror(COUNT(filter($O32:$O$386,$O32:$O$386>$O31,$E31:$E$386=$E$2)))"),0.0) -> 0 | AJ31: =if(AG31=0,1,0) -> 0 | AK31: =IFERROR(__xludf.DUMMYFUNCTION("iferror($O31-min(filter($O31:$O$386,$E31:$E$386=$E$2)))"),5.0) -> 5 | AL31: =IFERROR(__xludf.DUMMYFUNCTION("iferror(join("","",index(sort(filter($F32:$F$386,$O32:$O$386>$O31,$E32:$E$386=$E$2),2,false),0,1)))"),"North Carolina,Virginia Tech,Miami,Pittsburgh,Georgia Tech") -> North Carolina,Virginia Tech,Miami,Pittsburgh,Georgia Tech | AM31: =IFERROR(__xludf.DUMMYFUNCTION("REGEXREPLACE(join("","",unique({let(conf_picked,filter(E$1:E30,D$1:D30=D31), byrow(unique(TRANSPOSe(Teams!$1:$1)),lambda(rw,if(ISERROR(match(rw,conf_picked,0)),rw,))));iferror(if(#REF!,,transpose(split(#REF!,"","",1,1))))})), ""^,"", """")"),"AAC,ACC,,CUSA,MAC,MWC,Pac12,SEC,Sun Belt") -> AAC,ACC,,CUSA,MAC,MWC,Pac12,SEC,Sun Belt | AN31: =IFERROR(__xludf.DUMMYFUNCTION("iferror($O31-max(filter($O31:$O$386,arrayformula(isnumber(FIND($E31:$E$386,AM31))))))"),-4.0) -> -4 | AO31: {=countifs($O$2:$O30,"<"&$O31,isnumber(FIND($E$2:$E30,AM31)),TRUE)} -> 4 | AP31: =IFERROR(__xludf.DUMMYFUNCTION("iferror(COUNT(filter($O32:$O$386,$O32:$O$386>$O31,arrayformula(isnumber(FIND($E32:$E$386,AM31))))))"),27.0) -> 27 | AQ31: =if(AN31=0,1,0) -> 0 | AR31: =IFERROR(__xludf.DUMMYFUNCTION("iferror($O31-min(filter($O31:$O$386,arrayformula(isnumber(FIND($E31:$E$386,AM31))))))"),6.0) -> 6 | AS31: =IFERROR(__xludf.DUMMYFUNCTION("iferror(join("","",index(sort(filter($F32:$F$386,$O32:$O$386>$O31,arrayformula(isnumber(FIND($E32:$E$386,AM31)))),2,false),0,1)))"),"Washington,South Florida,North Carolina,Temple,Toledo,Troy,Middle Tennessee,Navy,USC,Louisiana Tech,Ohio,Virginia Tech,Washington State,Memphis,Utah,New Mexico,Florida,Miami,Tulsa,Pittsburgh,Idaho,Georgia Tech,Texas A&M,Old Dominion,Auburn,Colorado,Wyomin"&"g") -> Washington,South Florida,North Carolina,Temple,Toledo,Troy,Middle Tennessee,Navy,USC,Louisiana Tech,Ohio,Virginia Tech,Washington State,Memphis,Utah,New Mexico,Florida,Miami,Tulsa,Pittsburgh,Idaho,Georgia Tech,Texas A&M,Old Dominion,Auburn,Colorado,Wyoming
A32: =A31+1 -> 31 | B32: 4 | C32: 1 | D32: =D31 -> Nick A. | E32: =if(F32<>"",VLOOKUP(F32,'Teams-Conference, for lookup'!A:B,2,0),"") -> Pac12 | F32: Washington | G32: =if(F32<>"",if(match(F32,F:F,0)<ROW(F32),"ERROR: Team already selected in row " & ROW(F32)&". ","")&if(COUNTIFS(E:E,"="&E32,D:D,"="&D32)>1,"ERROR: Player picked from conference more than once.",""),"") | H32: =countif(E33:E42,E32) -> 1 | I32: =countif(E33:E54,E32) -> 3 | J32: =countif(E22:E31,E32) -> 1 | K32: =countif(E11:E32,E33) -> 0 | M32: =IFERROR(__xludf.DUMMYFUNCTION("counta(iferror(filter(L$2:L31,E$2:E31=E32,L$2:L31<L32)))"),0.0) -> 0 | N32: =IFERROR(__xludf.DUMMYFUNCTION("counta(iferror(filter(L33:L$124,E33:E$124=E32,L33:L$125>L32)))"),0.0) -> 0 | O32: {=XLOOKUP(F32,'Current Week'!B:B,'Current Week'!C:O)} -> 11 | P32: 1 | Q32: Pac-12 | R32: BYE | T32: 16½ | U32: No Line | W32: 9999 | AA32: =$O32-max($O32:$O$386) -> 0 | AB32: =countif($O31:$O$2,"<"&$O32) -> 26 | AC32: =IFERROR(__xludf.DUMMYFUNCTION("iferror(COUNT(filter($O33:$O$386,$O33:$O$386>$O32)))"),0.0) -> 0 | AD32: =if(AA32=0,1,0) -> 1 | AE32: =$O32-min($O$2:$O32) -> 7 | AF32: =IFERROR(__xludf.DUMMYFUNCTION("iferror(join("","",index(sort(filter($F33:$F$387,$O33:$O$387>$O32),2,false),0,1)))"),"") | AG32: =IFERROR(__xludf.DUMMYFUNCTION("iferror($O32-max(filter($O32:$O$386,$E32:$E$386=$E$2)))"),2.0) -> 2 | AH32: =countifs($O31:$O$2,"<"&$O32,$E31:$E$2,$E$2) -> 2 | AI32: =IFERROR(__xludf.DUMMYFUNCTION("iferror(COUNT(filter($O33:$O$386,$O33:$O$386>$O32,$E32:$E$386=$E$2)))"),0.0) -> 0 | AJ32: =if(AG32=0,1,0) -> 0 | AK32: =IFERROR(__xludf.DUMMYFUNCTION("iferror($O32-min(filter($O32:$O$386,$E32:$E$386=$E$2)))"),9.0) -> 9 | AL32: =IFERROR(__xludf.DUMMYFUNCTION("iferror(join("","",index(sort(filter($F33:$F$386,$O33:$O$386>$O32,$E33:$E$386=$E$2),2,false),0,1)))"),"") | AM32: =IFERROR(__xludf.DUMMYFUNCTION("REGEXREPLACE(join("","",unique({let(conf_picked,filter(E$1:E31,D$1:D31=D32), byrow(unique(TRANSPOSe(Teams!$1:$1)),lambda(rw,if(ISERROR(match(rw,conf_picked,0)),rw,))));iferror(if(#REF!,,transpose(split(#REF!,"","",1,1))))})), ""^,"", """")"),"AAC,ACC,,CUSA,MAC,MWC,Pac12,SEC") -> AAC,ACC,,CUSA,MAC,MWC,Pac12,SEC | AN32: =IFERROR(__xludf.DUMMYFUNCTION("iferror($O32-max(filter($O32:$O$386,arrayformula(isnumber(FIND($E32:$E$386,AM32))))))"),0.0) -> 0 | AO32: {=countifs($O$2:$O31,"<"&$O32,isnumber(FIND($E$2:$E31,AM32)),TRUE)} -> 13 | AP32: =IFERROR(__xludf.DUMMYFUNCTION("iferror(COUNT(filter($O33:$O$386,$O33:$O$386>$O32,arrayformula(isnumber(FIND($E33:$E$386,AM32))))))"),0.0) -> 0 | AQ32: =if(AN32=0,1,0) -> 1 | AR32: =IFERROR(__xludf.DUMMYFUNCTION("iferror($O32-min(filter($O32:$O$386,arrayformula(isnumber(FIND($E32:$E$386,AM32))))))"),10.0) -> 10 | AS32: =IFERROR(__xludf.DUMMYFUNCTION("iferror(join("","",index(sort(filter($F33:$F$386,$O33:$O$386>$O32,arrayformula(isnumber(FIND($E33:$E$386,AM32)))),2,false),0,1)))"),"")
A33: =A32+1 -> 32 | B33: 4 | C33: 2 | D33: =D30 -> Frank | E33: =if(F33<>"",VLOOKUP(F33,'Teams-Conference, for lookup'!A:B,2,0),"") -> AAC | F33: South Florida | G33: =if(F33<>"",if(match(F33,F:F,0)<ROW(F33),"ERROR: Team already selected in row " & ROW(F33)&". ","")&if(COUNTIFS(E:E,"="&E33,D:D,"="&D33)>1,"ERROR: Player picked from conference more than once.",""),"") | H33: =countif(E34:E43,E33) -> 2 | I33: =countif(E34:E55,E33) -> 4 | J33: =countif(E23:E32,E33) -> 0 | K33: =countif(E12:E33,E34) -> 1 | M33: =IFERROR(__xludf.DUMMYFUNCTION("counta(iferror(filter(L$2:L32,E$2:E32=E33,L$2:L32<L33)))"),0.0) -> 0 | N33: =IFERROR(__xludf.DUMMYFUNCTION("counta(iferror(filter(L34:L$124,E34:E$124=E33,L34:L$125>L33)))"),0.0) -> 0 | O33: {=XLOOKUP(F33,'Current Week'!B:B,'Current Week'!C:O)} -> 10 | P33: 2 | Q33: CBS Sports | R33: BYE | T33: 10½ | U33: No Line | W33: 9999 | AA33: =$O33-max($O33:$O$386) -> 0 | AB33: =countif($O32:$O$2,"<"&$O33) -> 22 | AC33: =IFERROR(__xludf.DUMMYFUNCTION("iferror(COUNT(filter($O34:$O$386,$O34:$O$386>$O33)))"),0.0) -> 0 | AD33: =if(AA33=0,1,0) -> 1 | AE33: =$O33-min($O$2:$O33) -> 6 | AF33: =IFERROR(__xludf.DUMMYFUNCTION("iferror(join("","",index(sort(filter($F34:$F$387,$O34:$O$387>$O33),2,false),0,1)))"),"") | AG33: =IFERROR(__xludf.DUMMYFUNCTION("iferror($O33-max(filter($O33:$O$386,$E33:$E$386=$E$2)))"),1.0) -> 1 | AH33: =countifs($O32:$O$2,"<"&$O33,$E32:$E$2,$E$2) -> 2 | AI33: =IFERROR(__xludf.DUMMYFUNCTION("iferror(COUNT(filter($O34:$O$386,$O34:$O$386>$O33,$E33:$E$386=$E$2)))"),0.0) -> 0 | AJ33: =if(AG33=0,1,0) -> 0 | AK33: =IFERROR(__xludf.DUMMYFUNCTION("iferror($O33-min(filter($O33:$O$386,$E33:$E$386=$E$2)))"),8.0) -> 8 | AL33: =IFERROR(__xludf.DUMMYFUNCTION("iferror(join("","",index(sort(filter($F34:$F$386,$O34:$O$386>$O33,$E34:$E$386=$E$2),2,false),0,1)))"),"") | AM33: =IFERROR(__xludf.DUMMYFUNCTION("REGEXREPLACE(join("","",unique({let(conf_picked,filter(E$1:E32,D$1:D32=D33), byrow(unique(TRANSPOSe(Teams!$1:$1)),lambda(rw,if(ISERROR(match(rw,conf_picked,0)),rw,))));iferror(if(#REF!,,transpose(split(#REF!,"","",1,1))))})), ""^,"", """")"),"AAC,ACC,Big 12,Big Ten,CUSA,,MWC,Sun Belt") -> AAC,ACC,Big 12,Big Ten,CUSA,,MWC,Sun Belt | AN33: =IFERROR(__xludf.DUMMYFUNCTION("iferror($O33-max(filter($O33:$O$386,arrayformula(isnumber(FIND($E33:$E$386,AM33))))))"),0.0) -> 0 | AO33: {=countifs($O$2:$O32,"<"&$O33,isnumber(FIND($E$2:$E32,AM33)),TRUE)} -> 17 | AP33: =IFERROR(__xludf.DUMMYFUNCTION("iferror(COUNT(filter($O34:$O$386,$O34:$O$386>$O33,arrayformula(isnumber(FIND($E34:$E$386,AM33))))))"),0.0) -> 0 | AQ33: =if(AN33=0,1,0) -> 1 | AR33: =IFERROR(__xludf.DUMMYFUNCTION("iferror($O33-min(filter($O33:$O$386,arrayformula(isnumber(FIND($E33:$E$386,AM33))))))"),9.0) -> 9 | AS33: =IFERROR(__xludf.DUMMYFUNCTION("iferror(join("","",index(sort(filter($F34:$F$386,$O34:$O$386>$O33,arrayformula(isnumber(FIND($E34:$E$386,AM33)))),2,false),0,1)))"),"")
A34: =A33+1 -> 33 | B34: 4 | C34: 3 | D34: =D29 -> Justin | E34: =if(F34<>"",VLOOKUP(F34,'Teams-Conference, for lookup'!A:B,2,0),"") -> ACC | F34: North Carolina | G34: =if(F34<>"",if(match(F34,F:F,0)<ROW(F34),"ERROR: Team already selected in row " & ROW(F34)&". ","")&if(COUNTIFS(E:E,"="&E34,D:D,"="&D34)>1,"ERROR: Player picked from conference more than once.",""),"") | H34: =countif(E35:E44,E34) -> 0 | I34: =countif(E35:E56,E34) -> 1 | J34: =countif(E24:E33,E34) -> 0 | K34: =countif(E15:E34,E36) -> 2 | M34: =IFERROR(__xludf.DUMMYFUNCTION("counta(iferror(filter(L$2:L33,E$2:E33=E34,L$2:L33<L34)))"),0.0) -> 0 | N34: =IFERROR(__xludf.DUMMYFUNCTION("counta(iferror(filter(L36:L$124,E36:E$124=E34,L36:L$125>L34)))"),0.0) -> 0 | O34: {=XLOOKUP(F34,'Current Week'!B:B,'Current Week'!C:O)} -> 8 | P34: 3 | Q34: BTN | R34: BYE | T34: 3 | U34: No Line | W34: 9999 | AA34: =$O34-max($O34:$O$386) -> -2 | AB34: =countif($O33:$O$2,"<"&$O34) -> 10 | AC34: =IFERROR(__xludf.DUMMYFUNCTION("iferror(COUNT(filter($O35:$O$386,$O35:$O$386>$O34)))"),11.0) -> 11 | AD34: =if(AA34=0,1,0) -> 0 | AE34: =$O34-min($O$2:$O34) -> 4 | AF34: =IFERROR(__xludf.DUMMYFUNCTION("iferror(join("","",index(sort(filter($F35:$F$387,$O35:$O$387>$O34),2,false),0,1)))"),"Temple,Toledo,Troy,Wisconsin,Navy,USC,Virginia Tech,Tulsa,Penn State,Old Dominion,Colorado") -> Temple,Toledo,Troy,Wisconsin,Navy,USC,Virginia Tech,Tulsa,Penn State,Old Dominion,Colorado | AG34: =IFERROR(__xludf.DUMMYFUNCTION("iferror($O34-max(filter($O34:$O$386,$E34:$E$386=$E$2)))"),-1.0) -> -1 | AH34: =countifs($O33:$O$2,"<"&$O34,$E33:$E$2,$E$2) -> 0 | AI34: =IFERROR(__xludf.DUMMYFUNCTION("iferror(COUNT(filter($O35:$O$386,$O35:$O$386>$O34,$E34:$E$386=$E$2)))"),0.0) -> 0 | AJ34: =if(AG34=0,1,0) -> 0 | AK34: =IFERROR(__xludf.DUMMYFUNCTION("iferror($O34-min(filter($O34:$O$386,$E34:$E$386=$E$2)))"),6.0) -> 6 | AL34: =IFERROR(__xludf.DUMMYFUNCTION("iferror(join("","",index(sort(filter($F35:$F$386,$O35:$O$386>$O34,$E35:$E$386=$E$2),2,false),0,1)))"),"Virginia Tech") -> Virginia Tech | AM34: =IFERROR(__xludf.DUMMYFUNCTION("REGEXREPLACE(join("","",unique({let(conf_picked,filter(E$1:E33,D$1:D33=D34), byrow(unique(TRANSPOSe(Teams!$1:$1)),lambda(rw,if(ISERROR(match(rw,conf_picked,0)),rw,))));iferror(if(#REF!,,transpose(split(#REF!,"","",1,1))))})), ""^,"", """")"),"AAC,ACC,,CUSA,MAC,MWC,Pac12,SEC") -> AAC,ACC,,CUSA,MAC,MWC,Pac12,SEC | AN34: =IFERROR(__xludf.DUMMYFUNCTION("iferror($O34-max(filter($O34:$O$386,arrayformula(isnumber(FIND($E34:$E$386,AM34))))))"),-2.0) -> -2 | AO34: {=countifs($O$2:$O33,"<"&$O34,isnumber(FIND($E$2:$E33,AM34)),TRUE)} -> 4 | AP34: =IFERROR(__xludf.DUMMYFUNCTION("iferror(COUNT(filter($O35:$O$386,$O35:$O$386>$O34,arrayformula(isnumber(FIND($E35:$E$386,AM34))))))"),8.0) -> 8 | AQ34: =if(AN34=0,1,0) -> 0 | AR34: =IFERROR(__xludf.DUMMYFUNCTION("iferror($O34-min(filter($O34:$O$386,arrayformula(isnumber(FIND($E34:$E$386,AM34))))))"),7.0) -> 7 | AS34: =IFERROR(__xludf.DUMMYFUNCTION("iferror(join("","",index(sort(filter($F35:$F$386,$O35:$O$386>$O34,arrayformula(isnumber(FIND($E35:$E$386,AM34)))),2,false),0,1)))"),"Temple,Toledo,Navy,USC,Virginia Tech,Tulsa,Old Dominion,Colorado") -> Temple,Toledo,Navy,USC,Virginia Tech,Tulsa,Old Dominion,Colorado
A35: =A34+1 -> 34 | B35: 4 | C35: 4 | D35: =D28 -> Josh T. | E35: =if(F35<>"",VLOOKUP(F35,'Teams-Conference, for lookup'!A:B,2,0),"") -> Big 12 | F35: Kansas State | G35: =if(F35<>"",if(match(F35,F:F,0)<ROW(F35),"ERROR: Team already selected in row " & ROW(F35)&". ","")&if(COUNTIFS(E:E,"="&E35,D:D,"="&D35)>1,"ERROR: Player picked from conference more than once.",""),"") | H35: =countif(E36:E45,E35) -> 0 | I35: =countif(E36:E57,E35) -> 0 | J35: =countif(E25:E34,E35) -> 1 | K35: =countif(E17:E36,E37) -> 1 | M35: =IFERROR(__xludf.DUMMYFUNCTION("counta(iferror(filter(L$2:L36,E$2:E36=E35,L$2:L36<L35)))"),0.0) -> 0 | N35: =IFERROR(__xludf.DUMMYFUNCTION("counta(iferror(filter(L37:L$124,E37:E$124=E35,L37:L$125>L35)))"),0.0) -> 0 | O35: {=XLOOKUP(F35,'Current Week'!B:B,'Current Week'!C:O)} -> 8 | P35: 4 | Q35: NA | R35: BYE | T35: 2 | U35: No Line | W35: 9999 | AA35: =$O35-max($O35:$O$386) -> -2 | AB35: =countif($O34:$O$2,"<"&$O35) -> 10 | AC35: =IFERROR(__xludf.DUMMYFUNCTION("iferror(COUNT(filter($O36:$O$386,$O36:$O$386>$O35)))"),11.0) -> 11 | AD35: =if(AA35=0,1,0) -> 0 | AE35: =$O35-min($O$2:$O35) -> 4 | AF35: =IFERROR(__xludf.DUMMYFUNCTION("iferror(join("","",index(sort(filter($F36:$F$387,$O36:$O$387>$O35),2,false),0,1)))"),"Temple,Toledo,Troy,Wisconsin,Navy,USC,Virginia Tech,Tulsa,Penn State,Old Dominion,Colorado") -> Temple,Toledo,Troy,Wisconsin,Navy,USC,Virginia Tech,Tulsa,Penn State,Old Dominion,Colorado | AG35: =IFERROR(__xludf.DUMMYFUNCTION("iferror($O35-max(filter($O35:$O$386,$E35:$E$386=$E$2)))"),-1.0) -> -1 | AH35: =countifs($O34:$O$2,"<"&$O35,$E34:$E$2,$E$2) -> 0 | AI35: =IFERROR(__xludf.DUMMYFUNCTION("iferror(COUNT(filter($O36:$O$386,$O36:$O$386>$O35,$E35:$E$386=$E$2)))"),0.0) -> 0 | AJ35: =if(AG35=0,1,0) -> 0 | AK35: =IFERROR(__xludf.DUMMYFUNCTION("iferror($O35-min(filter($O35:$O$386,$E35:$E$386=$E$2)))"),6.0) -> 6 | AL35: =IFERROR(__xludf.DUMMYFUNCTION("iferror(join("","",index(sort(filter($F36:$F$386,$O36:$O$386>$O35,$E36:$E$386=$E$2),2,false),0,1)))"),"Virginia Tech") -> Virginia Tech | AM35: =IFERROR(__xludf.DUMMYFUNCTION("REGEXREPLACE(join("","",unique({let(conf_picked,filter(E$1:E34,D$1:D34=D35), byrow(unique(TRANSPOSe(Teams!$1:$1)),lambda(rw,if(ISERROR(match(rw,conf_picked,0)),rw,))));iferror(if(#REF!,,transpose(split(#REF!,"","",1,1))))})), ""^,"", """")"),"AAC,,Big 12,Big Ten,CUSA,MWC,Pac12,Sun Belt") -> AAC,,Big 12,Big Ten,CUSA,MWC,Pac12,Sun Belt | AN35: =IFERROR(__xludf.DUMMYFUNCTION("iferror($O35-max(filter($O35:$O$386,arrayformula(isnumber(FIND($E35:$E$386,AM35))))))"),-2.0) -> -2 | AO35: {=countifs($O$2:$O34,"<"&$O35,isnumber(FIND($E$2:$E34,AM35)),TRUE)} -> 8 | AP35: =IFERROR(__xludf.DUMMYFUNCTION("iferror(COUNT(filter($O36:$O$386,$O36:$O$386>$O35,arrayformula(isnumber(FIND($E36:$E$386,AM35))))))"),9.0) -> 9 | AQ35: =if(AN35=0,1,0) -> 0 | AR35: =IFERROR(__xludf.DUMMYFUNCTION("iferror($O35-min(filter($O35:$O$386,arrayformula(isnumber(FIND($E35:$E$386,AM35))))))"),7.0) -> 7 | AS35: =IFERROR(__xludf.DUMMYFUNCTION("iferror(join("","",index(sort(filter($F36:$F$386,$O36:$O$386>$O35,arrayformula(isnumber(FIND($E36:$E$386,AM35)))),2,false),0,1)))"),"Temple,Troy,Wisconsin,Navy,USC,Tulsa,Penn State,Old Dominion,Colorado") -> Temple,Troy,Wisconsin,Navy,USC,Tulsa,Penn State,Old Dominion,Colorado
A36: =A35+1 -> 35 | B36: 4 | C36: 5 | D36: =D27 -> Vu | E36: =if(F36<>"",VLOOKUP(F36,'Teams-Conference, for lookup'!A:B,2,0),"") -> Big Ten | F36: Michigan State | G36: =if(F36<>"",if(match(F36,F:F,0)<ROW(F36),"ERROR: Team already selected in row " & ROW(F36)&". ","")&if(COUNTIFS(E:E,"="&E36,D:D,"="&D36)>1,"ERROR: Player picked from conference more than once.",""),"") | H36: =countif(E37:E46,E36) -> 1 | I36: =countif(E37:E58,E36) -> 1 | J36: =countif(E26:E35,E36) -> 0 | K36: =countif(E16:E36,E35) -> 5 | M36: =IFERROR(__xludf.DUMMYFUNCTION("counta(iferror(filter(L$2:L34,E$2:E34=E36,L$2:L34<L36)))"),0.0) -> 0 | N36: =IFERROR(__xludf.DUMMYFUNCTION("counta(iferror(filter(L35:L$124,E35:E$124=E36,L35:L$125>L36)))"),0.0) -> 0 | O36: {=XLOOKUP(F36,'Current Week'!B:B,'Current Week'!C:O)} -> 3 | P36: 8 | Q36: NA | R36: BYE | T36: bye | U36: bye | W36: 9999 | AA36: =$O36-max($O36:$O$386) -> -7 | AB36: =countif($O35:$O$2,"<"&$O36) -> 0 | AC36: =IFERROR(__xludf.DUMMYFUNCTION("iferror(COUNT(filter($O37:$O$386,$O37:$O$386>$O36)))"),69.0) -> 69 | AD36: =if(AA36=0,1,0) -> 0 | AE36: =$O36-min($O$2:$O36) -> 0 | AF36: =IFERROR(__xludf.DUMMYFUNCTION("iferror(join("","",index(sort(filter($F37:$F$387,$O37:$O$387>$O36),2,false),0,1)))"),"Temple,UCLA,Toledo,Troy,Cincinnati,Middle Tennessee,Louisiana Lafayette,Georgia,Wisconsin,Navy,USC,Louisiana Tech,Ohio,Nevada,Virginia Tech,Washington State,Memphis,Utah,Central Michigan,Bowling Green,Colorado State,Akron,New Mexico,Florida,Miami,Tulsa,Pi"&"ttsburgh,Florida Intl,Northwestern,Ole Miss,Arkansas,UTEP,San José State,UNLV,Mississippi State,Idaho,Penn State,Arizona State,Minnesota,Georgia Tech,Boston College,Texas A&M,UCF,NC State,Ball State,Louisiana Monroe,Old Dominion,California,Auburn,Colorado"&",Wyoming,Eastern Michigan,Kentucky,Wake Forest,Indiana,Maryland,Miami-OH,South Carolina,Vanderbilt,Hawaii,SMU,North Texas,UTSA,Tulane,Duke,Syracuse,Charlotte,Oregon State,Missouri") -> Temple,UCLA,Toledo,Troy,Cincinnati,Middle Tennessee,Louisiana Lafayette,Georgia,Wisconsin,Navy,USC,Louisiana Tech,Ohio,Nevada,Virginia Tech,Washington State,Memphis,Utah,Central Michigan,Bowling Green,Colorado State,Akron,New Mexico,Florida,Miami,Tulsa,Pittsburgh,Florida Intl,Northwestern,Ole Miss,Arkansas,UTEP,San José State,UNLV,Mississippi State,Idaho,Penn State,Arizona State,Minnesota,Georgia Tech,Boston College,Texas A&M,UCF,NC State,Ball State,Louisiana Monroe,Old Dominion,California,Auburn,Colorado,Wyoming,Eastern Michigan,Kentucky,Wake Forest,Indiana,Maryland,Miami-OH,South Carolina,Vanderbilt,Hawaii,SMU,North Texas,UTSA,Tulane,Duke,Syracuse,Charlotte,Oregon State,Missouri | AG36: =IFERROR(__xludf.DUMMYFUNCTION("iferror($O36-max(filter($O36:$O$386,$E36:$E$386=$E$2)))"),-6.0) -> -6 | AH36: =countifs($O35:$O$2,"<"&$O36,$E35:$E$2,$E$2) -> 0 | AI36: =IFERROR(__xludf.DUMMYFUNCTION("iferror(COUNT(filter($O37:$O$386,$O37:$O$386>$O36,$E36:$E$386=$E$2)))"),0.0) -> 0 | AJ36: =if(AG36=0,1,0) -> 0 | AK36: =IFERROR(__xludf.DUMMYFUNCTION("iferror($O36-min(filter($O36:$O$386,$E36:$E$386=$E$2)))"),1.0) -> 1 | AL36: =IFERROR(__xludf.DUMMYFUNCTION("iferror(join("","",index(sort(filter($F37:$F$386,$O37:$O$386>$O36,$E37:$E$386=$E$2),2,false),0,1)))"),"Virginia Tech,Miami,Pittsburgh,Georgia Tech,Boston College,NC State,Wake Forest,Duke,Syracuse") -> Virginia Tech,Miami,Pittsburgh,Georgia Tech,Boston College,NC State,Wake Forest,Duke,Syracuse | AM36: =IFERROR(__xludf.DUMMYFUNCTION("REGEXREPLACE(join("","",unique({let(conf_picked,filter(E$1:E35,D$1:D35=D36), byrow(unique(TRANSPOSe(Teams!$1:$1)),lambda(rw,if(ISERROR(match(rw,conf_picked,0)),rw,))));iferror(if(#REF!,,transpose(split(#REF!,"","",1,1))))})), ""^,"", """")"),"AAC,,Big Ten,CUSA,MAC,Pac12,SEC,Sun Belt") -> AAC,,Big Ten,CUSA,MAC,Pac12,SEC,Sun Belt | AN36: =IFERROR(__xludf.DUMMYFUNCTION("iferror($O36-max(filter($O36:$O$386,arrayformula(isnumber(FIND($E36:$E$386,AM36))))))"),-7.0) -> -7 | AO36: {=countifs($O$2:$O35,"<"&$O36,isnumber(FIND($E$2:$E35,AM36)),TRUE)} -> 0 | AP36: =IFERROR(__xludf.DUMMYFUNCTION("iferror(COUNT(filter($O37:$O$386,$O37:$O$386>$O36,arrayformula(isnumber(FIND($E37:$E$386,AM36))))))"),53.0) -> 53 | AQ36: =if(AN36=0,1,0) -> 0 | AR36: =IFERROR(__xludf.DUMMYFUNCTION("iferror($O36-min(filter($O36:$O$386,arrayformula(isnumber(FIND($E36:$E$386,AM36))))))"),1.0) -> 1 | AS36: =IFERROR(__xludf.DUMMYFUNCTION("iferror(join("","",index(sort(filter($F37:$F$386,$O37:$O$386>$O36,arrayformula(isnumber(FIND($E37:$E$386,AM36)))),2,false),0,1)))"),"Temple,UCLA,Toledo,Troy,Cincinnati,Middle Tennessee,Louisiana Lafayette,Georgia,Wisconsin,Navy,USC,Louisiana Tech,Ohio,Washington State,Memphis,Utah,Central Michigan,Bowling Green,Akron,Florida,Tulsa,Florida Intl,Northwestern,Ole Miss,Arkansas,UTEP,Missis"&"sippi State,Idaho,Penn State,Arizona State,Minnesota,Texas A&M,UCF,Ball State,Louisiana Monroe,Old Dominion,California,Auburn,Colorado,Eastern Michigan,Kentucky,Indiana,Maryland,Miami-OH,South Carolina,Vanderbilt,SMU,North Texas,UTSA,Tulane,Charlotte,Oreg"&"on State,Missouri") -> Temple,UCLA,Toledo,Troy,Cincinnati,Middle Tennessee,Louisiana Lafayette,Georgia,Wisconsin,Navy,USC,Louisiana Tech,Ohio,Washington State,Memphis,Utah,Central Michigan,Bowling Green,Akron,Florida,Tulsa,Florida Intl,Northwestern,Ole Miss,Arkansas,UTEP,Mississippi State,Idaho,Penn State,Arizona State,Minnesota,Texas A&M,UCF,Ball State,Louisiana Monroe,Old Dominion,California,Auburn,Colorado,Eastern Michigan,Kentucky,Indiana,Maryland,Miami-OH,South Carolina,Vanderbilt,SMU,North Texas,UTSA,Tulane,Charlotte,Oregon State,Missouri
A37: =A36+1 -> 36 | B37: 4 | C37: 6 | D37: =D26 -> Nico | E37: =if(F37<>"",VLOOKUP(F37,'Teams-Conference, for lookup'!A:B,2,0),"") -> AAC | F37: Temple | H37: =countif(E38:E47,E37) -> 2 | I37: =countif(E38:E59,E37) -> 3 | J37: =countif(E27:E36,E37) -> 1 | K37: =countif(E18:E37,E38) -> 2 | M37: =IFERROR(__xludf.DUMMYFUNCTION("counta(iferror(filter(L$2:L36,E$2:E36=E37,L$2:L36<L37)))"),0.0) -> 0 | N37: =IFERROR(__xludf.DUMMYFUNCTION("counta(iferror(filter(L38:L$124,E38:E$124=E37,L38:L$125>L37)))"),0.0) -> 0 | O37: {=XLOOKUP(F37,'Current Week'!B:B,'Current Week'!C:O)} -> 9 | P37: 3 | Q37: ESPN3 | R37: BYE | T37: -13 | U37: No Line | W37: 9999 | AA37: =$O37-max($O37:$O$386) -> -1 | AB37: =countif($O36:$O$2,"<"&$O37) -> 15 | AC37: =IFERROR(__xludf.DUMMYFUNCTION("iferror(COUNT(filter($O38:$O$386,$O38:$O$386>$O37)))"),3.0) -> 3 | AD37: =if(AA37=0,1,0) -> 0 | AE37: =$O37-min($O$2:$O37) -> 6 | AF37: =IFERROR(__xludf.DUMMYFUNCTION("iferror(join("","",index(sort(filter($F38:$F$387,$O38:$O$387>$O37),2,false),0,1)))"),"Wisconsin,Penn State,Colorado") -> Wisconsin,Penn State,Colorado | AG37: =IFERROR(__xludf.DUMMYFUNCTION("iferror($O37-max(filter($O37:$O$386,$E37:$E$386=$E$2)))"),0.0) -> 0 | AH37: =countifs($O36:$O$2,"<"&$O37,$E36:$E$2,$E$2) -> 1 | AI37: =IFERROR(__xludf.DUMMYFUNCTION("iferror(COUNT(filter($O38:$O$386,$O38:$O$386>$O37,$E37:$E$386=$E$2)))"),0.0) -> 0 | AJ37: =if(AG37=0,1,0) -> 1 | AK37: =IFERROR(__xludf.DUMMYFUNCTION("iferror($O37-min(filter($O37:$O$386,$E37:$E$386=$E$2)))"),7.0) -> 7 | AL37: =IFERROR(__xludf.DUMMYFUNCTION("iferror(join("","",index(sort(filter($F38:$F$386,$O38:$O$386>$O37,$E38:$E$386=$E$2),2,false),0,1)))"),"") | AM37: =IFERROR(__xludf.DUMMYFUNCTION("REGEXREPLACE(join("","",unique({let(conf_picked,filter(E$1:E36,D$1:D36=D37), byrow(unique(TRANSPOSe(Teams!$1:$1)),lambda(rw,if(ISERROR(match(rw,conf_picked,0)),rw,))));iferror(if(#REF!,,transpose(split(#REF!,"","",1,1))))})), ""^,"", """")"),"AAC,ACC,Big 12,Big Ten,CUSA,MAC,,SEC") -> AAC,ACC,Big 12,Big Ten,CUSA,MAC,,SEC | AN37: =IFERROR(__xludf.DUMMYFUNCTION("iferror($O37-max(filter($O37:$O$386,arrayformula(isnumber(FIND($E37:$E$386,AM37))))))"),-1.0) -> -1 | AO37: {=countifs($O$2:$O36,"<"&$O37,isnumber(FIND($E$2:$E36,AM37)),TRUE)} -> 12 | AP37: =IFERROR(__xludf.DUMMYFUNCTION("iferror(COUNT(filter($O38:$O$386,$O38:$O$386>$O37,arrayformula(isnumber(FIND($E38:$E$386,AM37))))))"),2.0) -> 2 | AQ37: =if(AN37=0,1,0) -> 0 | AR37: =IFERROR(__xludf.DUMMYFUNCTION("iferror($O37-min(filter($O37:$O$386,arrayformula(isnumber(FIND($E37:$E$386,AM37))))))"),7.0) -> 7 | AS37: =IFERROR(__xludf.DUMMYFUNCTION("iferror(join("","",index(sort(filter($F38:$F$386,$O38:$O$386>$O37,arrayformula(isnumber(FIND($E38:$E$386,AM37)))),2,false),0,1)))"),"Wisconsin,Penn State") -> Wisconsin,Penn State
A38: =A37+1 -> 37 | B38: 4 | C38: 7 | D38: =D25 -> Brad | E38: =if(F38<>"",VLOOKUP(F38,'Teams-Conference, for lookup'!A:B,2,0),"") -> Pac12 | F38: UCLA | G38: =if(F38<>"",if(match(F38,F:F,0)<ROW(F38),"ERROR: Team already selected in row " & ROW(F38)&". ","")&if(COUNTIFS(E:E,"="&E38,D:D,"="&D38)>1,"ERROR: Player picked from conference more than once.",""),"") | H38: =countif(E39:E48,E38) -> 1 | I38: =countif(E39:E60,E38) -> 3 | J38: =countif(E28:E37,E38) -> 1 | K38: =countif(E19:E38,E39) -> 2 | M38: =IFERROR(__xludf.DUMMYFUNCTION("counta(iferror(filter(L$2:L37,E$2:E37=E38,L$2:L37<L38)))"),0.0) -> 0 | N38: =IFERROR(__xludf.DUMMYFUNCTION("counta(iferror(filter(L39:L$124,E39:E$124=E38,L39:L$125>L38)))"),0.0) -> 0 | O38: {=XLOOKUP(F38,'Current Week'!B:B,'Current Week'!C:O)} -> 4 | P38: 7 | Q38: Pac-12 | R38: BYE | T38: bye | U38: bye | W38: 9999 | AA38: =$O38-max($O38:$O$386) -> -6 | AB38: =countif($O37:$O$2,"<"&$O38) -> 1 | AC38: =IFERROR(__xludf.DUMMYFUNCTION("iferror(COUNT(filter($O39:$O$386,$O39:$O$386>$O38)))"),53.0) -> 53 | AD38: =if(AA38=0,1,0) -> 0 | AE38: =$O38-min($O$2:$O38) -> 1 | AF38: =IFERROR(__xludf.DUMMYFUNCTION("iferror(join("","",index(sort(filter($F39:$F$387,$O39:$O$387>$O38),2,false),0,1)))"),"Toledo,Troy,Middle Tennessee,Louisiana Lafayette,Georgia,Wisconsin,Navy,USC,Louisiana Tech,Ohio,Nevada,Virginia Tech,Washington State,Memphis,Utah,Central Michigan,Colorado State,Akron,New Mexico,Florida,Miami,Tulsa,Pittsburgh,Northwestern,Ole Miss,Arkans"&"as,Mississippi State,Idaho,Penn State,Arizona State,Minnesota,Georgia Tech,Boston College,Texas A&M,UCF,NC State,Old Dominion,California,Auburn,Colorado,Wyoming,Eastern Michigan,Kentucky,Wake Forest,Indiana,Maryland,Miami-OH,South Carolina,Vanderbilt,Hawa"&"ii,SMU,North Texas,UTSA") -> Toledo,Troy,Middle Tennessee,Louisiana Lafayette,Georgia,Wisconsin,Navy,USC,Louisiana Tech,Ohio,Nevada,Virginia Tech,Washington State,Memphis,Utah,Central Michigan,Colorado State,Akron,New Mexico,Florida,Miami,Tulsa,Pittsburgh,Northwestern,Ole Miss,Arkansas,Mississippi State,Idaho,Penn State,Arizona State,Minnesota,Georgia Tech,Boston College,Texas A&M,UCF,NC State,Old Dominion,California,Auburn,Colorado,Wyoming,Eastern Michigan,Kentucky,Wake Forest,Indiana,Maryland,Miami-OH,South Carolina,Vanderbilt,Hawaii,SMU,North Texas,UTSA | AG38: =IFERROR(__xludf.DUMMYFUNCTION("iferror($O38-max(filter($O38:$O$386,$E38:$E$386=$E$2)))"),-5.0) -> -5 | AH38: =countifs($O37:$O$2,"<"&$O38,$E37:$E$2,$E$2) -> 0 | AI38: =IFERROR(__xludf.DUMMYFUNCTION("iferror(COUNT(filter($O39:$O$386,$O39:$O$386>$O38,$E38:$E$386=$E$2)))"),0.0) -> 0 | AJ38: =if(AG38=0,1,0) -> 0 | AK38: =IFERROR(__xludf.DUMMYFUNCTION("iferror($O38-min(filter($O38:$O$386,$E38:$E$386=$E$2)))"),2.0) -> 2 | AL38: =IFERROR(__xludf.DUMMYFUNCTION("iferror(join("","",index(sort(filter($F39:$F$386,$O39:$O$386>$O38,$E39:$E$386=$E$2),2,false),0,1)))"),"Virginia Tech,Miami,Pittsburgh,Georgia Tech,Boston College,NC State,Wake Forest") -> Virginia Tech,Miami,Pittsburgh,Georgia Tech,Boston College,NC State,Wake Forest | AM38: =IFERROR(__xludf.DUMMYFUNCTION("REGEXREPLACE(join("","",unique({let(conf_picked,filter(E$1:E37,D$1:D37=D38), byrow(unique(TRANSPOSe(Teams!$1:$1)),lambda(rw,if(ISERROR(match(rw,conf_picked,0)),rw,))));iferror(if(#REF!,,transpose(split(#REF!,"","",1,1))))})), ""^,"", """")"),"AAC,ACC,,MAC,MWC,Pac12,SEC,Sun Belt") -> AAC,ACC,,MAC,MWC,Pac12,SEC,Sun Belt | AN38: =IFERROR(__xludf.DUMMYFUNCTION("iferror($O38-max(filter($O38:$O$386,arrayformula(isnumber(FIND($E38:$E$386,AM38))))))"),-6.0) -> -6 | AO38: {=countifs($O$2:$O37,"<"&$O38,isnumber(FIND($E$2:$E37,AM38)),TRUE)} -> 0 | AP38: =IFERROR(__xludf.DUMMYFUNCTION("iferror(COUNT(filter($O39:$O$386,$O39:$O$386>$O38,arrayformula(isnumber(FIND($E39:$E$386,AM38))))))"),42.0) -> 42 | AQ38: =if(AN38=0,1,0) -> 0 | AR38: =IFERROR(__xludf.DUMMYFUNCTION("iferror($O38-min(filter($O38:$O$386,arrayformula(isnumber(FIND($E38:$E$386,AM38))))))"),3.0) -> 3 | AS38: =IFERROR(__xludf.DUMMYFUNCTION("iferror(join("","",index(sort(filter($F39:$F$386,$O39:$O$386>$O38,arrayformula(isnumber(FIND($E39:$E$386,AM38)))),2,false),0,1)))"),"Toledo,Troy,Louisiana Lafayette,Georgia,Navy,USC,Ohio,Nevada,Virginia Tech,Washington State,Memphis,Utah,Central Michigan,Colorado State,Akron,New Mexico,Florida,Miami,Tulsa,Pittsburgh,Ole Miss,Arkansas,Mississippi State,Idaho,Arizona State,Georgia Tech,B"&"oston College,Texas A&M,UCF,NC State,California,Auburn,Colorado,Wyoming,Eastern Michigan,Kentucky,Wake Forest,Miami-OH,South Carolina,Vanderbilt,Hawaii,SMU") -> Toledo,Troy,Louisiana Lafayette,Georgia,Navy,USC,Ohio,Nevada,Virginia Tech,Washington State,Memphis,Utah,Central Michigan,Colorado State,Akron,New Mexico,Florida,Miami,Tulsa,Pittsburgh,Ole Miss,Arkansas,Mississippi State,Idaho,Arizona State,Georgia Tech,Boston College,Texas A&M,UCF,NC State,California,Auburn,Colorado,Wyoming,Eastern Michigan,Kentucky,Wake Forest,Miami-OH,South Carolina,Vanderbilt,Hawaii,SMU
