Workbook

Sheet Standings
A1: =HYPERLINK("https://docs.google.com/document/d/1-e84tTr9zFoIfOR2Z7Z-1lI4YO7v6GoaThMqj1UrcXE/edit","Rules") -> Rules | B1: Season | F1: Current Week (Projections based on most recent Consensus) | M1: Actaul + Chalk Projections
A2: Players | B2: Wins | C2: Losses | D2: P5 Ws | E2: G5 Ws | F2: Games | G2: Games Played | H2: Wins | I2: Games Left | J2: Expected Wins | K2: Upsets Won | L2: Upsets Lost
A3: {=sort(A17:M29,2,false,3,true,7,false,8,true,1,true)} -> DavEmily | B3: 72 | C3: 49 | D3: 39 | E3: 33 | F3: 10 | G3: 10 | H3: 6 | I3: 0 | J3: 1 | K3: 0 | L3: 0 | M3: 6
A4: Janice/Mike | B4: 71 | C4: 49 | D4: 41 | E4: 30 | F4: 10 | G4: 10 | H4: 6 | I4: 0 | J4: 0 | K4: 0 | L4: 0 | M4: 6
A5: Brad | B5: 70 | C5: 50 | D5: 39 | E5: 31 | F5: 10 | G5: 10 | H5: 4 | I5: 0 | J5: 0 | K5: 0 | L5: 0 | M5: 4
A6: Justin | B6: 67 | C6: 52 | D6: 42 | E6: 25 | F6: 7 | G6: 7 | H6: 3 | I6: 0 | J6: 0 | K6: 0 | L6: 0 | M6: 3
A7: Nick G. | B7: 65 | C7: 55 | D7: 40 | E7: 25 | F7: 9 | G7: 9 | H7: 4 | I7: 0 | J7: 0 | K7: 0 | L7: 0 | M7: 4
A8: Dan | B8: 64 | C8: 56 | D8: 39 | E8: 25 | F8: 10 | G8: 10 | H8: 3 | I8: 0 | J8: 0 | K8: 0 | L8: 0 | M8: 3
A9: Masa | B9: 64 | C9: 56 | D9: 26 | E9: 38 | F9: 10 | G9: 10 | H9: 3 | I9: 0 | J9: 0 | K9: 0 | L9: 0 | M9: 3
A10: Josh | B10: 61 | C10: 58 | D10: 32 | E10: 29 | F10: 9 | G10: 9 | H10: 7 | I10: 0 | J10: 0 | K10: 0 | L10: 0 | M10: 7
A11: Gary | B11: 60 | C11: 59 | D11: 25 | E11: 35 | F11: 10 | G11: 10 | H11: 6 | I11: 0 | J11: 0 | K11: 0 | L11: 0 | M11: 6
A12: Vu | B12: 59 | C12: 60 | D12: 30 | E12: 29 | F12: 10 | G12: 9 | H12: 4 | I12: 1 | J12: 0 | K12: 0 | L12: 0 | M12: 4
A13: Nico | B13: 59 | C13: 61 | D13: 32 | E13: 27 | F13: 10 | G13: 10 | H13: 4 | I13: 0 | J13: 0 | K13: 0 | L13: 0 | M13: 4
A14: Jeannine | B14: 58 | C14: 60 | D14: 34 | E14: 24 | F14: 10 | G14: 9 | H14: 3 | I14: 1 | J14: 0 | K14: 0 | L14: 0 | M14: 3
A15: Nick A. | B15: 57 | C15: 64 | D15: 29 | E15: 28 | F15: 10 | G15: 10 | H15: 4 | I15: 0 | J15: 0 | K15: 0 | L15: 0 | M15: 4
A17: {='Draft Order'!B2:B29} -> Jeannine | B17: =sumif('Current Week'!$B:$B,$A17,'Current Week'!D:D) -> 58 | C17: =sumif('Current Week'!$B:$B,$A17,'Current Week'!E:E) -> 60 | D17: =sumifs('Current Week'!D:D,'Current Week'!$B:$B,$A17,'Current Week'!AN:AN,"Power 5") -> 34 | E17: =sumifs('Current Week'!D:D,'Current Week'!$B:$B,$A17,'Current Week'!AN:AN,"Group of 5") -> 24 | F17: =10-countifs('Current Week'!B:B,A17,'Current Week'!G:G,"") -> 10 | G17: =IFERROR(__xludf.DUMMYFUNCTION("COUNTA(iferror(filter('Current Week'!B:B,'Current Week'!B:B=A17,left('Current Week'!G:G,5)=""FINAL"")))"),9.0) -> 9 | H17: =countifs('Current Week'!B:B,A17,'Current Week'!AO:AO,"=TRUE") -> 3 | I17: =F17-G17 -> 1 | J17: =IFERROR(__xludf.DUMMYFUNCTION("countifs('Current Week'!B:B,A17,'Current Week'!K:K,""<0"")+counta(iferror(filter('Current Week'!B:B,'Current Week'!B:B=A17,'Current Week'!F:F<>"""",'Current Week'!K:K="""",'Current Week'!H:H="""")))"),0.0) -> 0 | K17: =IFERROR(__xludf.DUMMYFUNCTION("counta(iferror(filter('Current Week'!B:B,'Current Week'!B:B=A17,'Current Week'!K:K>0,not(iserror(find(""FINAL"",'Current Week'!G:G))),'Current Week'!AO:AO=TRUE)))+counta(iferror(filter('Current Week'!B:B,'Current Week'!B:B=A17,'Current Week'!K:K="""",not("&"iserror(find(""FINAL"",'Current Week'!G:G))),'Current Week'!AO:AO=TRUE,'Current Week'!H:H="""")))"),0.0) -> 0 | L17: =IFERROR(__xludf.DUMMYFUNCTION("counta(iferror(filter('Current Week'!B:B,'Current Week'!B:B=A17,'Current Week'!K:K<0,not(iserror(find(""FINAL"",'Current Week'!G:G))),'Current Week'!AO:AO<>TRUE)))"),0.0) -> 0 | M17: =IFERROR(__xludf.DUMMYFUNCTION("H17+counta(iferror(filter('Current Week'!B:B,'Current Week'!B:B=A17,'Current Week'!K:K<0,iserror(find(""FINAL"",'Current Week'!G:G)))))+counta(iferror(filter('Current Week'!B:B,'Current Week'!B:B=A17,'Current Week'!F:F<>"""",'Current Week'!J:J="""",'Curre"&"nt Week'!H:H="""",iserror(find(""FINAL"",'Current Week'!G:G)))))"),3.0) -> 3
A18: Dan | B18: =sumif('Current Week'!$B:$B,$A18,'Current Week'!D:D) -> 64 | C18: =sumif('Current Week'!$B:$B,$A18,'Current Week'!E:E) -> 56 | D18: =sumifs('Current Week'!D:D,'Current Week'!$B:$B,$A18,'Current Week'!AN:AN,"Power 5") -> 39 | E18: =sumifs('Current Week'!D:D,'Current Week'!$B:$B,$A18,'Current Week'!AN:AN,"Group of 5") -> 25 | F18: =10-countifs('Current Week'!B:B,A18,'Current Week'!G:G,"") -> 10 | G18: =IFERROR(__xludf.DUMMYFUNCTION("COUNTA(iferror(filter('Current Week'!B:B,'Current Week'!B:B=A18,left('Current Week'!G:G,5)=""FINAL"")))"),10.0) -> 10 | H18: =countifs('Current Week'!B:B,A18,'Current Week'!AO:AO,"=TRUE") -> 3 | I18: =F18-G18 -> 0 | J18: =IFERROR(__xludf.DUMMYFUNCTION("countifs('Current Week'!B:B,A18,'Current Week'!K:K,""<0"")+counta(iferror(filter('Current Week'!B:B,'Current Week'!B:B=A18,'Current Week'!F:F<>"""",'Current Week'!K:K="""",'Current Week'!H:H="""")))"),0.0) -> 0 | K18: =IFERROR(__xludf.DUMMYFUNCTION("counta(iferror(filter('Current Week'!B:B,'Current Week'!B:B=A18,'Current Week'!K:K>0,not(iserror(find(""FINAL"",'Current Week'!G:G))),'Current Week'!AO:AO=TRUE)))+counta(iferror(filter('Current Week'!B:B,'Current Week'!B:B=A18,'Current Week'!K:K="""",not("&"iserror(find(""FINAL"",'Current Week'!G:G))),'Current Week'!AO:AO=TRUE,'Current Week'!H:H="""")))"),0.0) -> 0 | L18: =IFERROR(__xludf.DUMMYFUNCTION("counta(iferror(filter('Current Week'!B:B,'Current Week'!B:B=A18,'Current Week'!K:K<0,not(iserror(find(""FINAL"",'Current Week'!G:G))),'Current Week'!AO:AO<>TRUE)))"),0.0) -> 0 | M18: =IFERROR(__xludf.DUMMYFUNCTION("H18+counta(iferror(filter('Current Week'!B:B,'Current Week'!B:B=A18,'Current Week'!K:K<0,iserror(find(""FINAL"",'Current Week'!G:G)))))+counta(iferror(filter('Current Week'!B:B,'Current Week'!B:B=A18,'Current Week'!F:F<>"""",'Current Week'!J:J="""",'Curre"&"nt Week'!H:H="""",iserror(find(""FINAL"",'Current Week'!G:G)))))"),3.0) -> 3
A19: DavEmily | B19: =sumif('Current Week'!$B:$B,$A19,'Current Week'!D:D) -> 72 | C19: =sumif('Current Week'!$B:$B,$A19,'Current Week'!E:E) -> 49 | D19: =sumifs('Current Week'!D:D,'Current Week'!$B:$B,$A19,'Current Week'!AN:AN,"Power 5") -> 39 | E19: =sumifs('Current Week'!D:D,'Current Week'!$B:$B,$A19,'Current Week'!AN:AN,"Group of 5") -> 33 | F19: =10-countifs('Current Week'!B:B,A19,'Current Week'!G:G,"") -> 10 | G19: =IFERROR(__xludf.DUMMYFUNCTION("COUNTA(iferror(filter('Current Week'!B:B,'Current Week'!B:B=A19,left('Current Week'!G:G,5)=""FINAL"")))"),10.0) -> 10 | H19: =countifs('Current Week'!B:B,A19,'Current Week'!AO:AO,"=TRUE") -> 6 | I19: =F19-G19 -> 0 | J19: =IFERROR(__xludf.DUMMYFUNCTION("countifs('Current Week'!B:B,A19,'Current Week'!K:K,""<0"")+counta(iferror(filter('Current Week'!B:B,'Current Week'!B:B=A19,'Current Week'!F:F<>"""",'Current Week'!K:K="""",'Current Week'!H:H="""")))"),1.0) -> 1 | K19: =IFERROR(__xludf.DUMMYFUNCTION("counta(iferror(filter('Current Week'!B:B,'Current Week'!B:B=A19,'Current Week'!K:K>0,not(iserror(find(""FINAL"",'Current Week'!G:G))),'Current Week'!AO:AO=TRUE)))+counta(iferror(filter('Current Week'!B:B,'Current Week'!B:B=A19,'Current Week'!K:K="""",not("&"iserror(find(""FINAL"",'Current Week'!G:G))),'Current Week'!AO:AO=TRUE,'Current Week'!H:H="""")))"),0.0) -> 0 | L19: =IFERROR(__xludf.DUMMYFUNCTION("counta(iferror(filter('Current Week'!B:B,'Current Week'!B:B=A19,'Current Week'!K:K<0,not(iserror(find(""FINAL"",'Current Week'!G:G))),'Current Week'!AO:AO<>TRUE)))"),0.0) -> 0 | M19: =IFERROR(__xludf.DUMMYFUNCTION("H19+counta(iferror(filter('Current Week'!B:B,'Current Week'!B:B=A19,'Current Week'!K:K<0,iserror(find(""FINAL"",'Current Week'!G:G)))))+counta(iferror(filter('Current Week'!B:B,'Current Week'!B:B=A19,'Current Week'!F:F<>"""",'Current Week'!J:J="""",'Curre"&"nt Week'!H:H="""",iserror(find(""FINAL"",'Current Week'!G:G)))))"),6.0) -> 6
A20: Nick G. | B20: =sumif('Current Week'!$B:$B,$A20,'Current Week'!D:D) -> 65 | C20: =sumif('Current Week'!$B:$B,$A20,'Current Week'!E:E) -> 55 | D20: =sumifs('Current Week'!D:D,'Current Week'!$B:$B,$A20,'Current Week'!AN:AN,"Power 5") -> 40 | E20: =sumifs('Current Week'!D:D,'Current Week'!$B:$B,$A20,'Current Week'!AN:AN,"Group of 5") -> 25 | F20: =10-countifs('Current Week'!B:B,A20,'Current Week'!G:G,"") -> 9 | G20: =IFERROR(__xludf.DUMMYFUNCTION("COUNTA(iferror(filter('Current Week'!B:B,'Current Week'!B:B=A20,left('Current Week'!G:G,5)=""FINAL"")))"),9.0) -> 9 | H20: =countifs('Current Week'!B:B,A20,'Current Week'!AO:AO,"=TRUE") -> 4 | I20: =F20-G20 -> 0 | J20: =IFERROR(__xludf.DUMMYFUNCTION("countifs('Current Week'!B:B,A20,'Current Week'!K:K,""<0"")+counta(iferror(filter('Current Week'!B:B,'Current Week'!B:B=A20,'Current Week'!F:F<>"""",'Current Week'!K:K="""",'Current Week'!H:H="""")))"),0.0) -> 0 | K20: =IFERROR(__xludf.DUMMYFUNCTION("counta(iferror(filter('Current Week'!B:B,'Current Week'!B:B=A20,'Current Week'!K:K>0,not(iserror(find(""FINAL"",'Current Week'!G:G))),'Current Week'!AO:AO=TRUE)))+counta(iferror(filter('Current Week'!B:B,'Current Week'!B:B=A20,'Current Week'!K:K="""",not("&"iserror(find(""FINAL"",'Current Week'!G:G))),'Current Week'!AO:AO=TRUE,'Current Week'!H:H="""")))"),0.0) -> 0 | L20: =IFERROR(__xludf.DUMMYFUNCTION("counta(iferror(filter('Current Week'!B:B,'Current Week'!B:B=A20,'Current Week'!K:K<0,not(iserror(find(""FINAL"",'Current Week'!G:G))),'Current Week'!AO:AO<>TRUE)))"),0.0) -> 0 | M20: =IFERROR(__xludf.DUMMYFUNCTION("H20+counta(iferror(filter('Current Week'!B:B,'Current Week'!B:B=A20,'Current Week'!K:K<0,iserror(find(""FINAL"",'Current Week'!G:G)))))+counta(iferror(filter('Current Week'!B:B,'Current Week'!B:B=A20,'Current Week'!F:F<>"""",'Current Week'!J:J="""",'Curre"&"nt Week'!H:H="""",iserror(find(""FINAL"",'Current Week'!G:G)))))"),4.0) -> 4
A21: Masa | B21: =sumif('Current Week'!$B:$B,$A21,'Current Week'!D:D) -> 64 | C21: =sumif('Current Week'!$B:$B,$A21,'Current Week'!E:E) -> 56 | D21: =sumifs('Current Week'!D:D,'Current Week'!$B:$B,$A21,'Current Week'!AN:AN,"Power 5") -> 26 | E21: =sumifs('Current Week'!D:D,'Current Week'!$B:$B,$A21,'Current Week'!AN:AN,"Group of 5") -> 38 | F21: =10-countifs('Current Week'!B:B,A21,'Current Week'!G:G,"") -> 10 | G21: =IFERROR(__xludf.DUMMYFUNCTION("COUNTA(iferror(filter('Current Week'!B:B,'Current Week'!B:B=A21,left('Current Week'!G:G,5)=""FINAL"")))"),10.0) -> 10 | H21: =countifs('Current Week'!B:B,A21,'Current Week'!AO:AO,"=TRUE") -> 3 | I21: =F21-G21 -> 0 | J21: =IFERROR(__xludf.DUMMYFUNCTION("countifs('Current Week'!B:B,A21,'Current Week'!K:K,""<0"")+counta(iferror(filter('Current Week'!B:B,'Current Week'!B:B=A21,'Current Week'!F:F<>"""",'Current Week'!K:K="""",'Current Week'!H:H="""")))"),0.0) -> 0 | K21: =IFERROR(__xludf.DUMMYFUNCTION("counta(iferror(filter('Current Week'!B:B,'Current Week'!B:B=A21,'Current Week'!K:K>0,not(iserror(find(""FINAL"",'Current Week'!G:G))),'Current Week'!AO:AO=TRUE)))+counta(iferror(filter('Current Week'!B:B,'Current Week'!B:B=A21,'Current Week'!K:K="""",not("&"iserror(find(""FINAL"",'Current Week'!G:G))),'Current Week'!AO:AO=TRUE,'Current Week'!H:H="""")))"),0.0) -> 0 | L21: =IFERROR(__xludf.DUMMYFUNCTION("counta(iferror(filter('Current Week'!B:B,'Current Week'!B:B=A21,'Current Week'!K:K<0,not(iserror(find(""FINAL"",'Current Week'!G:G))),'Current Week'!AO:AO<>TRUE)))"),0.0) -> 0 | M21: =IFERROR(__xludf.DUMMYFUNCTION("H21+counta(iferror(filter('Current Week'!B:B,'Current Week'!B:B=A21,'Current Week'!K:K<0,iserror(find(""FINAL"",'Current Week'!G:G)))))+counta(iferror(filter('Current Week'!B:B,'Current Week'!B:B=A21,'Current Week'!F:F<>"""",'Current Week'!J:J="""",'Curre"&"nt Week'!H:H="""",iserror(find(""FINAL"",'Current Week'!G:G)))))"),3.0) -> 3
A22: Josh | B22: =sumif('Current Week'!$B:$B,$A22,'Current Week'!D:D) -> 61 | C22: =sumif('Current Week'!$B:$B,$A22,'Current Week'!E:E) -> 58 | D22: =sumifs('Current Week'!D:D,'Current Week'!$B:$B,$A22,'Current Week'!AN:AN,"Power 5") -> 32 | E22: =sumifs('Current Week'!D:D,'Current Week'!$B:$B,$A22,'Current Week'!AN:AN,"Group of 5") -> 29 | F22: =10-countifs('Current Week'!B:B,A22,'Current Week'!G:G,"") -> 9 | G22: =IFERROR(__xludf.DUMMYFUNCTION("COUNTA(iferror(filter('Current Week'!B:B,'Current Week'!B:B=A22,left('Current Week'!G:G,5)=""FINAL"")))"),9.0) -> 9 | H22: =countifs('Current Week'!B:B,A22,'Current Week'!AO:AO,"=TRUE") -> 7 | I22: =F22-G22 -> 0 | J22: =IFERROR(__xludf.DUMMYFUNCTION("countifs('Current Week'!B:B,A22,'Current Week'!K:K,""<0"")+counta(iferror(filter('Current Week'!B:B,'Current Week'!B:B=A22,'Current Week'!F:F<>"""",'Current Week'!K:K="""",'Current Week'!H:H="""")))"),0.0) -> 0 | K22: =IFERROR(__xludf.DUMMYFUNCTION("counta(iferror(filter('Current Week'!B:B,'Current Week'!B:B=A22,'Current Week'!K:K>0,not(iserror(find(""FINAL"",'Current Week'!G:G))),'Current Week'!AO:AO=TRUE)))+counta(iferror(filter('Current Week'!B:B,'Current Week'!B:B=A22,'Current Week'!K:K="""",not("&"iserror(find(""FINAL"",'Current Week'!G:G))),'Current Week'!AO:AO=TRUE,'Current Week'!H:H="""")))"),0.0) -> 0 | L22: =IFERROR(__xludf.DUMMYFUNCTION("counta(iferror(filter('Current Week'!B:B,'Current Week'!B:B=A22,'Current Week'!K:K<0,not(iserror(find(""FINAL"",'Current Week'!G:G))),'Current Week'!AO:AO<>TRUE)))"),0.0) -> 0 | M22: =IFERROR(__xludf.DUMMYFUNCTION("H22+counta(iferror(filter('Current Week'!B:B,'Current Week'!B:B=A22,'Current Week'!K:K<0,iserror(find(""FINAL"",'Current Week'!G:G)))))+counta(iferror(filter('Current Week'!B:B,'Current Week'!B:B=A22,'Current Week'!F:F<>"""",'Current Week'!J:J="""",'Curre"&"nt Week'!H:H="""",iserror(find(""FINAL"",'Current Week'!G:G)))))"),7.0) -> 7
A23: Brad | B23: =sumif('Current Week'!$B:$B,$A23,'Current Week'!D:D) -> 70 | C23: =sumif('Current Week'!$B:$B,$A23,'Current Week'!E:E) -> 50 | D23: =sumifs('Current Week'!D:D,'Current Week'!$B:$B,$A23,'Current Week'!AN:AN,"Power 5") -> 39 | E23: =sumifs('Current Week'!D:D,'Current Week'!$B:$B,$A23,'Current Week'!AN:AN,"Group of 5") -> 31 | F23: =10-countifs('Current Week'!B:B,A23,'Current Week'!G:G,"") -> 10 | G23: =IFERROR(__xludf.DUMMYFUNCTION("COUNTA(iferror(filter('Current Week'!B:B,'Current Week'!B:B=A23,left('Current Week'!G:G,5)=""FINAL"")))"),10.0) -> 10 | H23: =countifs('Current Week'!B:B,A23,'Current Week'!AO:AO,"=TRUE") -> 4 | I23: =F23-G23 -> 0 | J23: =IFERROR(__xludf.DUMMYFUNCTION("countifs('Current Week'!B:B,A23,'Current Week'!K:K,""<0"")+counta(iferror(filter('Current Week'!B:B,'Current Week'!B:B=A23,'Current Week'!F:F<>"""",'Current Week'!K:K="""",'Current Week'!H:H="""")))"),0.0) -> 0 | K23: =IFERROR(__xludf.DUMMYFUNCTION("counta(iferror(filter('Current Week'!B:B,'Current Week'!B:B=A23,'Current Week'!K:K>0,not(iserror(find(""FINAL"",'Current Week'!G:G))),'Current Week'!AO:AO=TRUE)))+counta(iferror(filter('Current Week'!B:B,'Current Week'!B:B=A23,'Current Week'!K:K="""",not("&"iserror(find(""FINAL"",'Current Week'!G:G))),'Current Week'!AO:AO=TRUE,'Current Week'!H:H="""")))"),0.0) -> 0 | L23: =IFERROR(__xludf.DUMMYFUNCTION("counta(iferror(filter('Current Week'!B:B,'Current Week'!B:B=A23,'Current Week'!K:K<0,not(iserror(find(""FINAL"",'Current Week'!G:G))),'Current Week'!AO:AO<>TRUE)))"),0.0) -> 0 | M23: =IFERROR(__xludf.DUMMYFUNCTION("H23+counta(iferror(filter('Current Week'!B:B,'Current Week'!B:B=A23,'Current Week'!K:K<0,iserror(find(""FINAL"",'Current Week'!G:G)))))+counta(iferror(filter('Current Week'!B:B,'Current Week'!B:B=A23,'Current Week'!F:F<>"""",'Current Week'!J:J="""",'Curre"&"nt Week'!H:H="""",iserror(find(""FINAL"",'Current Week'!G:G)))))"),4.0) -> 4
A24: Gary | B24: =sumif('Current Week'!$B:$B,$A24,'Current Week'!D:D) -> 60 | C24: =sumif('Current Week'!$B:$B,$A24,'Current Week'!E:E) -> 59 | D24: =sumifs('Current Week'!D:D,'Current Week'!$B:$B,$A24,'Current Week'!AN:AN,"Power 5") -> 25 | E24: =sumifs('Current Week'!D:D,'Current Week'!$B:$B,$A24,'Current Week'!AN:AN,"Group of 5") -> 35 | F24: =10-countifs('Current Week'!B:B,A24,'Current Week'!G:G,"") -> 10 | G24: =IFERROR(__xludf.DUMMYFUNCTION("COUNTA(iferror(filter('Current Week'!B:B,'Current Week'!B:B=A24,left('Current Week'!G:G,5)=""FINAL"")))"),10.0) -> 10 | H24: =countifs('Current Week'!B:B,A24,'Current Week'!AO:AO,"=TRUE") -> 6 | I24: =F24-G24 -> 0 | J24: =IFERROR(__xludf.DUMMYFUNCTION("countifs('Current Week'!B:B,A24,'Current Week'!K:K,""<0"")+counta(iferror(filter('Current Week'!B:B,'Current Week'!B:B=A24,'Current Week'!F:F<>"""",'Current Week'!K:K="""",'Current Week'!H:H="""")))"),0.0) -> 0 | K24: =IFERROR(__xludf.DUMMYFUNCTION("counta(iferror(filter('Current Week'!B:B,'Current Week'!B:B=A24,'Current Week'!K:K>0,not(iserror(find(""FINAL"",'Current Week'!G:G))),'Current Week'!AO:AO=TRUE)))+counta(iferror(filter('Current Week'!B:B,'Current Week'!B:B=A24,'Current Week'!K:K="""",not("&"iserror(find(""FINAL"",'Current Week'!G:G))),'Current Week'!AO:AO=TRUE,'Current Week'!H:H="""")))"),0.0) -> 0 | L24: =IFERROR(__xludf.DUMMYFUNCTION("counta(iferror(filter('Current Week'!B:B,'Current Week'!B:B=A24,'Current Week'!K:K<0,not(iserror(find(""FINAL"",'Current Week'!G:G))),'Current Week'!AO:AO<>TRUE)))"),0.0) -> 0 | M24: =IFERROR(__xludf.DUMMYFUNCTION("H24+counta(iferror(filter('Current Week'!B:B,'Current Week'!B:B=A24,'Current Week'!K:K<0,iserror(find(""FINAL"",'Current Week'!G:G)))))+counta(iferror(filter('Current Week'!B:B,'Current Week'!B:B=A24,'Current Week'!F:F<>"""",'Current Week'!J:J="""",'Curre"&"nt Week'!H:H="""",iserror(find(""FINAL"",'Current Week'!G:G)))))"),6.0) -> 6
A25: Nick A. | B25: =sumif('Current Week'!$B:$B,$A25,'Current Week'!D:D) -> 57 | C25: =sumif('Current Week'!$B:$B,$A25,'Current Week'!E:E) -> 64 | D25: =sumifs('Current Week'!D:D,'Current Week'!$B:$B,$A25,'Current Week'!AN:AN,"Power 5") -> 29 | E25: =sumifs('Current Week'!D:D,'Current Week'!$B:$B,$A25,'Current Week'!AN:AN,"Group of 5") -> 28 | F25: =10-countifs('Current Week'!B:B,A25,'Current Week'!G:G,"") -> 10 | G25: =IFERROR(__xludf.DUMMYFUNCTION("COUNTA(iferror(filter('Current Week'!B:B,'Current Week'!B:B=A25,left('Current Week'!G:G,5)=""FINAL"")))"),10.0) -> 10 | H25: =countifs('Current Week'!B:B,A25,'Current Week'!AO:AO,"=TRUE") -> 4 | I25: =F25-G25 -> 0 | J25: =IFERROR(__xludf.DUMMYFUNCTION("countifs('Current Week'!B:B,A25,'Current Week'!K:K,""<0"")+counta(iferror(filter('Current Week'!B:B,'Current Week'!B:B=A25,'Current Week'!F:F<>"""",'Current Week'!K:K="""",'Current Week'!H:H="""")))"),0.0) -> 0 | K25: =IFERROR(__xludf.DUMMYFUNCTION("counta(iferror(filter('Current Week'!B:B,'Current Week'!B:B=A25,'Current Week'!K:K>0,not(iserror(find(""FINAL"",'Current Week'!G:G))),'Current Week'!AO:AO=TRUE)))+counta(iferror(filter('Current Week'!B:B,'Current Week'!B:B=A25,'Current Week'!K:K="""",not("&"iserror(find(""FINAL"",'Current Week'!G:G))),'Current Week'!AO:AO=TRUE,'Current Week'!H:H="""")))"),0.0) -> 0 | L25: =IFERROR(__xludf.DUMMYFUNCTION("counta(iferror(filter('Current Week'!B:B,'Current Week'!B:B=A25,'Current Week'!K:K<0,not(iserror(find(""FINAL"",'Current Week'!G:G))),'Current Week'!AO:AO<>TRUE)))"),0.0) -> 0 | M25: =IFERROR(__xludf.DUMMYFUNCTION("H25+counta(iferror(filter('Current Week'!B:B,'Current Week'!B:B=A25,'Current Week'!K:K<0,iserror(find(""FINAL"",'Current Week'!G:G)))))+counta(iferror(filter('Current Week'!B:B,'Current Week'!B:B=A25,'Current Week'!F:F<>"""",'Current Week'!J:J="""",'Curre"&"nt Week'!H:H="""",iserror(find(""FINAL"",'Current Week'!G:G)))))"),4.0) -> 4
A26: Justin | B26: =sumif('Current Week'!$B:$B,$A26,'Current Week'!D:D) -> 67 | C26: =sumif('Current Week'!$B:$B,$A26,'Current Week'!E:E) -> 52 | D26: =sumifs('Current Week'!D:D,'Current Week'!$B:$B,$A26,'Current Week'!AN:AN,"Power 5") -> 42 | E26: =sumifs('Current Week'!D:D,'Current Week'!$B:$B,$A26,'Current Week'!AN:AN,"Group of 5") -> 25 | F26: =10-countifs('Current Week'!B:B,A26,'Current Week'!G:G,"") -> 7 | G26: =IFERROR(__xludf.DUMMYFUNCTION("COUNTA(iferror(filter('Current Week'!B:B,'Current Week'!B:B=A26,left('Current Week'!G:G,5)=""FINAL"")))"),7.0) -> 7 | H26: =countifs('Current Week'!B:B,A26,'Current Week'!AO:AO,"=TRUE") -> 3 | I26: =F26-G26 -> 0 | J26: =IFERROR(__xludf.DUMMYFUNCTION("countifs('Current Week'!B:B,A26,'Current Week'!K:K,""<0"")+counta(iferror(filter('Current Week'!B:B,'Current Week'!B:B=A26,'Current Week'!F:F<>"""",'Current Week'!K:K="""",'Current Week'!H:H="""")))"),0.0) -> 0 | K26: =IFERROR(__xludf.DUMMYFUNCTION("counta(iferror(filter('Current Week'!B:B,'Current Week'!B:B=A26,'Current Week'!K:K>0,not(iserror(find(""FINAL"",'Current Week'!G:G))),'Current Week'!AO:AO=TRUE)))+counta(iferror(filter('Current Week'!B:B,'Current Week'!B:B=A26,'Current Week'!K:K="""",not("&"iserror(find(""FINAL"",'Current Week'!G:G))),'Current Week'!AO:AO=TRUE,'Current Week'!H:H="""")))"),0.0) -> 0 | L26: =IFERROR(__xludf.DUMMYFUNCTION("counta(iferror(filter('Current Week'!B:B,'Current Week'!B:B=A26,'Current Week'!K:K<0,not(iserror(find(""FINAL"",'Current Week'!G:G))),'Current Week'!AO:AO<>TRUE)))"),0.0) -> 0 | M26: =IFERROR(__xludf.DUMMYFUNCTION("H26+counta(iferror(filter('Current Week'!B:B,'Current Week'!B:B=A26,'Current Week'!K:K<0,iserror(find(""FINAL"",'Current Week'!G:G)))))+counta(iferror(filter('Current Week'!B:B,'Current Week'!B:B=A26,'Current Week'!F:F<>"""",'Current Week'!J:J="""",'Curre"&"nt Week'!H:H="""",iserror(find(""FINAL"",'Current Week'!G:G)))))"),3.0) -> 3
A27: Vu | B27: =sumif('Current Week'!$B:$B,$A27,'Current Week'!D:D) -> 59 | C27: =sumif('Current Week'!$B:$B,$A27,'Current Week'!E:E) -> 60 | D27: =sumifs('Current Week'!D:D,'Current Week'!$B:$B,$A27,'Current Week'!AN:AN,"Power 5") -> 30 | E27: =sumifs('Current Week'!D:D,'Current Week'!$B:$B,$A27,'Current Week'!AN:AN,"Group of 5") -> 29 | F27: =10-countifs('Current Week'!B:B,A27,'Current Week'!G:G,"") -> 10 | G27: =IFERROR(__xludf.DUMMYFUNCTION("COUNTA(iferror(filter('Current Week'!B:B,'Current Week'!B:B=A27,left('Current Week'!G:G,5)=""FINAL"")))"),9.0) -> 9 | H27: =countifs('Current Week'!B:B,A27,'Current Week'!AO:AO,"=TRUE") -> 4 | I27: =F27-G27 -> 1 | J27: =IFERROR(__xludf.DUMMYFUNCTION("countifs('Current Week'!B:B,A27,'Current Week'!K:K,""<0"")+counta(iferror(filter('Current Week'!B:B,'Current Week'!B:B=A27,'Current Week'!F:F<>"""",'Current Week'!K:K="""",'Current Week'!H:H="""")))"),0.0) -> 0 | K27: =IFERROR(__xludf.DUMMYFUNCTION("counta(iferror(filter('Current Week'!B:B,'Current Week'!B:B=A27,'Current Week'!K:K>0,not(iserror(find(""FINAL"",'Current Week'!G:G))),'Current Week'!AO:AO=TRUE)))+counta(iferror(filter('Current Week'!B:B,'Current Week'!B:B=A27,'Current Week'!K:K="""",not("&"iserror(find(""FINAL"",'Current Week'!G:G))),'Current Week'!AO:AO=TRUE,'Current Week'!H:H="""")))"),0.0) -> 0 | L27: =IFERROR(__xludf.DUMMYFUNCTION("counta(iferror(filter('Current Week'!B:B,'Current Week'!B:B=A27,'Current Week'!K:K<0,not(iserror(find(""FINAL"",'Current Week'!G:G))),'Current Week'!AO:AO<>TRUE)))"),0.0) -> 0 | M27: =IFERROR(__xludf.DUMMYFUNCTION("H27+counta(iferror(filter('Current Week'!B:B,'Current Week'!B:B=A27,'Current Week'!K:K<0,iserror(find(""FINAL"",'Current Week'!G:G)))))+counta(iferror(filter('Current Week'!B:B,'Current Week'!B:B=A27,'Current Week'!F:F<>"""",'Current Week'!J:J="""",'Curre"&"nt Week'!H:H="""",iserror(find(""FINAL"",'Current Week'!G:G)))))"),4.0) -> 4
A28: Janice/Mike | B28: =sumif('Current Week'!$B:$B,$A28,'Current Week'!D:D) -> 71 | C28: =sumif('Current Week'!$B:$B,$A28,'Current Week'!E:E) -> 49 | D28: =sumifs('Current Week'!D:D,'Current Week'!$B:$B,$A28,'Current Week'!AN:AN,"Power 5") -> 41 | E28: =sumifs('Current Week'!D:D,'Current Week'!$B:$B,$A28,'Current Week'!AN:AN,"Group of 5") -> 30 | F28: =10-countifs('Current Week'!B:B,A28,'Current Week'!G:G,"") -> 10 | G28: =IFERROR(__xludf.DUMMYFUNCTION("COUNTA(iferror(filter('Current Week'!B:B,'Current Week'!B:B=A28,left('Current Week'!G:G,5)=""FINAL"")))"),10.0) -> 10 | H28: =countifs('Current Week'!B:B,A28,'Current Week'!AO:AO,"=TRUE") -> 6 | I28: =F28-G28 -> 0 | J28: =IFERROR(__xludf.DUMMYFUNCTION("countifs('Current Week'!B:B,A28,'Current Week'!K:K,""<0"")+counta(iferror(filter('Current Week'!B:B,'Current Week'!B:B=A28,'Current Week'!F:F<>"""",'Current Week'!K:K="""",'Current Week'!H:H="""")))"),0.0) -> 0 | K28: =IFERROR(__xludf.DUMMYFUNCTION("counta(iferror(filter('Current Week'!B:B,'Current Week'!B:B=A28,'Current Week'!K:K>0,not(iserror(find(""FINAL"",'Current Week'!G:G))),'Current Week'!AO:AO=TRUE)))+counta(iferror(filter('Current Week'!B:B,'Current Week'!B:B=A28,'Current Week'!K:K="""",not("&"iserror(find(""FINAL"",'Current Week'!G:G))),'Current Week'!AO:AO=TRUE,'Current Week'!H:H="""")))"),0.0) -> 0 | L28: =IFERROR(__xludf.DUMMYFUNCTION("counta(iferror(filter('Current Week'!B:B,'Current Week'!B:B=A28,'Current Week'!K:K<0,not(iserror(find(""FINAL"",'Current Week'!G:G))),'Current Week'!AO:AO<>TRUE)))"),0.0) -> 0 | M28: =IFERROR(__xludf.DUMMYFUNCTION("H28+counta(iferror(filter('Current Week'!B:B,'Current Week'!B:B=A28,'Current Week'!K:K<0,iserror(find(""FINAL"",'Current Week'!G:G)))))+counta(iferror(filter('Current Week'!B:B,'Current Week'!B:B=A28,'Current Week'!F:F<>"""",'Current Week'!J:J="""",'Curre"&"nt Week'!H:H="""",iserror(find(""FINAL"",'Current Week'!G:G)))))"),6.0) -> 6
A29: Nico | B29: =sumif('Current Week'!$B:$B,$A29,'Current Week'!D:D) -> 59 | C29: =sumif('Current Week'!$B:$B,$A29,'Current Week'!E:E) -> 61 | D29: =sumifs('Current Week'!D:D,'Current Week'!$B:$B,$A29,'Current Week'!AN:AN,"Power 5") -> 32 | E29: =sumifs('Current Week'!D:D,'Current Week'!$B:$B,$A29,'Current Week'!AN:AN,"Group of 5") -> 27 | F29: =10-countifs('Current Week'!B:B,A29,'Current Week'!G:G,"") -> 10 | G29: =IFERROR(__xludf.DUMMYFUNCTION("COUNTA(iferror(filter('Current Week'!B:B,'Current Week'!B:B=A29,left('Current Week'!G:G,5)=""FINAL"")))"),10.0) -> 10 | H29: =countifs('Current Week'!B:B,A29,'Current Week'!AO:AO,"=TRUE") -> 4 | I29: =F29-G29 -> 0 | J29: =IFERROR(__xludf.DUMMYFUNCTION("countifs('Current Week'!B:B,A29,'Current Week'!K:K,""<0"")+counta(iferror(filter('Current Week'!B:B,'Current Week'!B:B=A29,'Current Week'!F:F<>"""",'Current Week'!K:K="""",'Current Week'!H:H="""")))"),0.0) -> 0 | K29: =IFERROR(__xludf.DUMMYFUNCTION("counta(iferror(filter('Current Week'!B:B,'Current Week'!B:B=A29,'Current Week'!K:K>0,not(iserror(find(""FINAL"",'Current Week'!G:G))),'Current Week'!AO:AO=TRUE)))+counta(iferror(filter('Current Week'!B:B,'Current Week'!B:B=A29,'Current Week'!K:K="""",not("&"iserror(find(""FINAL"",'Current Week'!G:G))),'Current Week'!AO:AO=TRUE,'Current Week'!H:H="""")))"),0.0) -> 0 | L29: =IFERROR(__xludf.DUMMYFUNCTION("counta(iferror(filter('Current Week'!B:B,'Current Week'!B:B=A29,'Current Week'!K:K<0,not(iserror(find(""FINAL"",'Current Week'!G:G))),'Current Week'!AO:AO<>TRUE)))"),0.0) -> 0 | M29: =IFERROR(__xludf.DUMMYFUNCTION("H29+counta(iferror(filter('Current Week'!B:B,'Current Week'!B:B=A29,'Current Week'!K:K<0,iserror(find(""FINAL"",'Current Week'!G:G)))))+counta(iferror(filter('Current Week'!B:B,'Current Week'!B:B=A29,'Current Week'!F:F<>"""",'Current Week'!J:J="""",'Curre"&"nt Week'!H:H="""",iserror(find(""FINAL"",'Current Week'!G:G)))))"),4.0) -> 4

Sheet Current Week
A1: 100 | B1: 100 | C1: Team | D1: W | E1: L | F1: matchup | G1: Status (Time ET) | H1: opponent | I1: network | J1: Opening Spread | K1: Current Spread | L1: Current Total | M1: Money Lines | N1: MGM_spread | O1: MGM_total | P1: SI_spread | Q1: SI_total | R1: Wynn_spread | S1: Wynn_total | T1: Rivers_spread | U1: Rivers_total | V1: DraftKings_spread | W1: DraftKings_total | X1: FanDuel_spread | Y1: FanDuel_total | Z1: Fubu_spread | AA1: Fubu_total | AB1: Points_spread | AC1: Points_total | AD1: SugarHouse_spread | AE1: SugarHouse_total | AF1: UniBet_spread | AG1: UniBet_total | AH1: PF | AI1: PA | AJ1: sort2 | AK1: dupe | AL1: activeSort | AM1: Conf | AN1: Conf type | AO1: Win
A2: 101 | B2: Jeannine | C2: Oregon | D2: 9 | E2: 3 | F2: (9) Oregon 34 (22) Oregon State 38 | G2: FINAL | H2: Nick G. | I2: ABC | AH2: 442 | AI2: 291 | AJ2: 0 | AK2: FALSE | AL2: 7.1833333 | AM2: {=vlookup(C2,{DraftTracker!F:F,DraftTracker!E:E},2,0)} -> Pac12 | AN2: =VLOOKUP(AM2,P5G5!A:B,2,0) -> Power 5 | AO2: =IFERROR(__xludf.DUMMYFUNCTION("iferror(if(not(iserror(find(""FINAL"",G2))),max(arrayformula(value(REGEXEXTRACT(F2,""^""&C2&"" ([\d]+)|[^a-zA-Z] ""&C2&"" ([\d]+)""))))=max(value(REGEXEXTRACT(F2,"" ([\d]+)"")),value(REGEXEXTRACT(F2,""([\d]+)$""))),""""))"),FALSE) -> FALSE
A3: 101 | B3: Jeannine | C3: Nevada | D3: 2 | E3: 10 | F3: Nevada 13 UNLV 14 | G3: FINAL | H3: Nick G. | I3: MWC | AH3: 204 | AI3: 344 | AJ3: 0 | AK3: TRUE | AL3: 40.466667 | AM3: {=vlookup(C3,{DraftTracker!F:F,DraftTracker!E:E},2,0)} -> MWC | AN3: =VLOOKUP(AM3,P5G5!A:B,2,0) -> Group of 5 | AO3: =IFERROR(__xludf.DUMMYFUNCTION("iferror(if(not(iserror(find(""FINAL"",G3))),max(arrayformula(value(REGEXEXTRACT(F3,""^""&C3&"" ([\d]+)|[^a-zA-Z] ""&C3&"" ([\d]+)""))))=max(value(REGEXEXTRACT(F3,"" ([\d]+)"")),value(REGEXEXTRACT(F3,""([\d]+)$""))),""""))"),FALSE) -> FALSE
A4: 101 | B4: Jeannine | C4: Virginia | D4: 3 | E4: 7 | F4: Virginia 0 Virginia Tech 0 | G4: CANCELLED | H4: Vu | I4: Canceled | AH4: 170 | AI4: 240 | AJ4: 0 | AK4: TRUE | AL4: 59 | AM4: {=vlookup(C4,{DraftTracker!F:F,DraftTracker!E:E},2,0)} -> ACC | AN4: =VLOOKUP(AM4,P5G5!A:B,2,0) -> Power 5 | AO4: =IFERROR(__xludf.DUMMYFUNCTION("iferror(if(not(iserror(find(""FINAL"",G4))),max(arrayformula(value(REGEXEXTRACT(F4,""^""&C4&"" ([\d]+)|[^a-zA-Z] ""&C4&"" ([\d]+)""))))=max(value(REGEXEXTRACT(F4,"" ([\d]+)"")),value(REGEXEXTRACT(F4,""([\d]+)$""))),""""))"),"")
A5: 101 | B5: Jeannine | C5: Ohio State | D5: 11 | E5: 1 | F5: (3) Michigan 45 (2) Ohio State 23 | G5: FINAL | H5: Nick G. | AH5: 534 | AI5: 231 | AJ5: 2 | AK5: FALSE | AL5: 100 | AM5: {=vlookup(C5,{DraftTracker!F:F,DraftTracker!E:E},2,0)} -> Big Ten | AN5: =VLOOKUP(AM5,P5G5!A:B,2,0) -> Power 5 | AO5: =IFERROR(__xludf.DUMMYFUNCTION("iferror(if(not(iserror(find(""FINAL"",G5))),max(arrayformula(value(REGEXEXTRACT(F5,""^""&C5&"" ([\d]+)|[^a-zA-Z] ""&C5&"" ([\d]+)""))))=max(value(REGEXEXTRACT(F5,"" ([\d]+)"")),value(REGEXEXTRACT(F5,""([\d]+)$""))),""""))"),FALSE) -> FALSE
A6: 101 | B6: Jeannine | C6: Old Dominion | D6: 3 | E6: 9 | F6: Old Dominion 20 South Alabama 27 | G6: FINAL | H6: Masa | AH6: 234 | AI6: 319 | AJ6: 2 | AK6: TRUE | AL6: 100 | AM6: {=vlookup(C6,{DraftTracker!F:F,DraftTracker!E:E},2,0)} -> Sun Belt | AN6: =VLOOKUP(AM6,P5G5!A:B,2,0) -> Group of 5 | AO6: =IFERROR(__xludf.DUMMYFUNCTION("iferror(if(not(iserror(find(""FINAL"",G6))),max(arrayformula(value(REGEXEXTRACT(F6,""^""&C6&"" ([\d]+)|[^a-zA-Z] ""&C6&"" ([\d]+)""))))=max(value(REGEXEXTRACT(F6,"" ([\d]+)"")),value(REGEXEXTRACT(F6,""([\d]+)$""))),""""))"),FALSE) -> FALSE
A7: 101 | B7: Jeannine | C7: Missouri | D7: 6 | E7: 6 | F7: Arkansas 27 Missouri 29 | G7: FINAL | H7: Masa | AH7: 306 | AI7: 300 | AJ7: 2 | AK7: FALSE | AL7: 100 | AM7: {=vlookup(C7,{DraftTracker!F:F,DraftTracker!E:E},2,0)} -> SEC | AN7: =VLOOKUP(AM7,P5G5!A:B,2,0) -> Power 5 | AO7: =IFERROR(__xludf.DUMMYFUNCTION("iferror(if(not(iserror(find(""FINAL"",G7))),max(arrayformula(value(REGEXEXTRACT(F7,""^""&C7&"" ([\d]+)|[^a-zA-Z] ""&C7&"" ([\d]+)""))))=max(value(REGEXEXTRACT(F7,"" ([\d]+)"")),value(REGEXEXTRACT(F7,""([\d]+)$""))),""""))"),TRUE) -> TRUE
A8: 101 | B8: Jeannine | C8: Ohio | D8: 9 | E8: 3 | F8: Bowling Green 14 Ohio 38 | G8: FINAL | H8: Vu | AH8: 408 | AI8: 352 | AJ8: 2 | AK8: FALSE | AL8: 100 | AM8: {=vlookup(C8,{DraftTracker!F:F,DraftTracker!E:E},2,0)} -> MAC | AN8: =VLOOKUP(AM8,P5G5!A:B,2,0) -> Group of 5 | AO8: =IFERROR(__xludf.DUMMYFUNCTION("iferror(if(not(iserror(find(""FINAL"",G8))),max(arrayformula(value(REGEXEXTRACT(F8,""^""&C8&"" ([\d]+)|[^a-zA-Z] ""&C8&"" ([\d]+)""))))=max(value(REGEXEXTRACT(F8,"" ([\d]+)"")),value(REGEXEXTRACT(F8,""([\d]+)$""))),""""))"),TRUE) -> TRUE
A9: 101 | B9: Jeannine | C9: Florida Atlantic | D9: 5 | E9: 7 | F9: Western Kentucky 32 Florida Atlantic 31 | G9: FINAL | H9: DavEmily | AH9: 357 | AI9: 319 | AJ9: 2 | AK9: FALSE | AL9: 100 | AM9: {=vlookup(C9,{DraftTracker!F:F,DraftTracker!E:E},2,0)} -> CUSA | AN9: =VLOOKUP(AM9,P5G5!A:B,2,0) -> Group of 5 | AO9: =IFERROR(__xludf.DUMMYFUNCTION("iferror(if(not(iserror(find(""FINAL"",G9))),max(arrayformula(value(REGEXEXTRACT(F9,""^""&C9&"" ([\d]+)|[^a-zA-Z] ""&C9&"" ([\d]+)""))))=max(value(REGEXEXTRACT(F9,"" ([\d]+)"")),value(REGEXEXTRACT(F9,""([\d]+)$""))),""""))"),FALSE) -> FALSE
A10: 101 | B10: Jeannine | C10: Oklahoma | D10: 5 | E10: 7 | F10: Oklahoma 0 at Texas Tech 1 | G10: FINAL | H10: DavEmily | I10: FS1 | AH10: 347 | AI10: 304 | AJ10: 3 | AK10: FALSE | AL10: 100 | AM10: {=vlookup(C10,{DraftTracker!F:F,DraftTracker!E:E},2,0)} -> Big 12 | AN10: =VLOOKUP(AM10,P5G5!A:B,2,0) -> Power 5 | AO10: =IFERROR(__xludf.DUMMYFUNCTION("iferror(if(not(iserror(find(""FINAL"",G10))),max(arrayformula(value(REGEXEXTRACT(F10,""^""&C10&"" ([\d]+)|[^a-zA-Z] ""&C10&"" ([\d]+)""))))=max(value(REGEXEXTRACT(F10,"" ([\d]+)"")),value(REGEXEXTRACT(F10,""([\d]+)$""))),""""))"),"")
A11: 101 | B11: Jeannine | C11: Tulsa | D11: 5 | E11: 7 | F11: Tulsa 1 at Houston 0 | G11: FINAL | H11: Nico | I11: ESPNU | AH11: 330 | AI11: 367 | AJ11: 3 | AK11: FALSE | AL11: 100 | AM11: {=vlookup(C11,{DraftTracker!F:F,DraftTracker!E:E},2,0)} -> AAC | AN11: =VLOOKUP(AM11,P5G5!A:B,2,0) -> Group of 5 | AO11: =IFERROR(__xludf.DUMMYFUNCTION("iferror(if(not(iserror(find(""FINAL"",G11))),max(arrayformula(value(REGEXEXTRACT(F11,""^""&C11&"" ([\d]+)|[^a-zA-Z] ""&C11&"" ([\d]+)""))))=max(value(REGEXEXTRACT(F11,"" ([\d]+)"")),value(REGEXEXTRACT(F11,""([\d]+)$""))),""""))"),TRUE) -> TRUE
A12: 102 | AM12: {=vlookup(C12,{DraftTracker!F:F,DraftTracker!E:E},2,0)} -> #N/A | AN12: =VLOOKUP(AM12,P5G5!A:B,2,0) -> #N/A | AO12: =IFERROR(__xludf.DUMMYFUNCTION("iferror(if(not(iserror(find(""FINAL"",G12))),max(arrayformula(value(REGEXEXTRACT(F12,""^""&C12&"" ([\d]+)|[^a-zA-Z] ""&C12&"" ([\d]+)""))))=max(value(REGEXEXTRACT(F12,"" ([\d]+)"")),value(REGEXEXTRACT(F12,""([\d]+)$""))),""""))"),"")
A13: 103 | B13: Dan | C13: Wisconsin | D13: 6 | E13: 6 | F13: Minnesota 23 Wisconsin 16 | G13: FINAL | H13: DavEmily | I13: ESPN | AH13: 302 | AI13: 223 | AJ13: 0 | AK13: FALSE | AL13: 0.3 | AM13: {=vlookup(C13,{DraftTracker!F:F,DraftTracker!E:E},2,0)} -> Big Ten | AN13: =VLOOKUP(AM13,P5G5!A:B,2,0) -> Power 5 | AO13: =IFERROR(__xludf.DUMMYFUNCTION("iferror(if(not(iserror(find(""FINAL"",G13))),max(arrayformula(value(REGEXEXTRACT(F13,""^""&C13&"" ([\d]+)|[^a-zA-Z] ""&C13&"" ([\d]+)""))))=max(value(REGEXEXTRACT(F13,"" ([\d]+)"")),value(REGEXEXTRACT(F13,""([\d]+)$""))),""""))"),FALSE) -> FALSE
A14: 103 | B14: Dan | C14: UL Monroe | D14: 4 | E14: 8 | F14: Southern Mississippi 20 UL Monroe 10 | G14: FINAL | H14: Gary | I14: espn+ | AH14: 258 | AI14: 393 | AJ14: 0 | AK14: TRUE | AL14: 18.6 | AM14: {=vlookup(C14,{DraftTracker!F:F,DraftTracker!E:E},2,0)} -> Sun Belt | AN14: =VLOOKUP(AM14,P5G5!A:B,2,0) -> Group of 5 | AO14: =IFERROR(__xludf.DUMMYFUNCTION("iferror(if(not(iserror(find(""FINAL"",G14))),max(arrayformula(value(REGEXEXTRACT(F14,""^""&C14&"" ([\d]+)|[^a-zA-Z] ""&C14&"" ([\d]+)""))))=max(value(REGEXEXTRACT(F14,"" ([\d]+)"")),value(REGEXEXTRACT(F14,""([\d]+)$""))),""""))"),FALSE) -> FALSE
A15: 103 | B15: Dan | C15: North Texas | D15: 7 | E15: 5 | F15: Rice 17 North Texas 21 | G15: FINAL | H15: Justin | AH15: 414 | AI15: 361 | AJ15: 2 | AK15: TRUE | AL15: 100 | AM15: {=vlookup(C15,{DraftTracker!F:F,DraftTracker!E:E},2,0)} -> CUSA | AN15: =VLOOKUP(AM15,P5G5!A:B,2,0) -> Group of 5 | AO15: =IFERROR(__xludf.DUMMYFUNCTION("iferror(if(not(iserror(find(""FINAL"",G15))),max(arrayformula(value(REGEXEXTRACT(F15,""^""&C15&"" ([\d]+)|[^a-zA-Z] ""&C15&"" ([\d]+)""))))=max(value(REGEXEXTRACT(F15,"" ([\d]+)"")),value(REGEXEXTRACT(F15,""([\d]+)$""))),""""))"),TRUE) -> TRUE
A16: 103 | B16: Dan | C16: Clemson | D16: 10 | E16: 2 | F16: South Carolina 31 (8) Clemson 30 | G16: FINAL | H16: Nico | AH16: 412 | AI16: 251 | AJ16: 2 | AK16: TRUE | AL16: 100 | AM16: {=vlookup(C16,{DraftTracker!F:F,DraftTracker!E:E},2,0)} -> ACC | AN16: =VLOOKUP(AM16,P5G5!A:B,2,0) -> Power 5 | AO16: =IFERROR(__xludf.DUMMYFUNCTION("iferror(if(not(iserror(find(""FINAL"",G16))),max(arrayformula(value(REGEXEXTRACT(F16,""^""&C16&"" ([\d]+)|[^a-zA-Z] ""&C16&"" ([\d]+)""))))=max(value(REGEXEXTRACT(F16,"" ([\d]+)"")),value(REGEXEXTRACT(F16,""([\d]+)$""))),""""))"),FALSE) -> FALSE
A17: 103 | B17: Dan | C17: Miami-OH | D17: 6 | E17: 6 | F17: Ball State 17 Miami-OH 18 | G17: FINAL | H17: Justin | AH17: 243 | AI17: 270 | AJ17: 2 | AK17: TRUE | AL17: 100 | AM17: {=vlookup(C17,{DraftTracker!F:F,DraftTracker!E:E},2,0)} -> MAC | AN17: =VLOOKUP(AM17,P5G5!A:B,2,0) -> Group of 5 | AO17: =IFERROR(__xludf.DUMMYFUNCTION("iferror(if(not(iserror(find(""FINAL"",G17))),max(arrayformula(value(REGEXEXTRACT(F17,""^""&C17&"" ([\d]+)|[^a-zA-Z] ""&C17&"" ([\d]+)""))))=max(value(REGEXEXTRACT(F17,"" ([\d]+)"")),value(REGEXEXTRACT(F17,""([\d]+)$""))),""""))"),TRUE) -> TRUE
A18: 103 | B18: Dan | C18: South Florida | D18: 1 | E18: 11 | F18: UCF 1 at South Florida 0 | G18: FINAL | H18: Vu | I18: ESPN2 | AH18: 297 | AI18: 448 | AJ18: 3 | AK18: FALSE | AL18: 100 | AM18: {=vlookup(C18,{DraftTracker!F:F,DraftTracker!E:E},2,0)} -> AAC | AN18: =VLOOKUP(AM18,P5G5!A:B,2,0) -> Group of 5 | AO18: =IFERROR(__xludf.DUMMYFUNCTION("iferror(if(not(iserror(find(""FINAL"",G18))),max(arrayformula(value(REGEXEXTRACT(F18,""^""&C18&"" ([\d]+)|[^a-zA-Z] ""&C18&"" ([\d]+)""))))=max(value(REGEXEXTRACT(F18,"" ([\d]+)"")),value(REGEXEXTRACT(F18,""([\d]+)$""))),""""))"),"")
A19: 103 | B19: Dan | C19: Tennessee | D19: 10 | E19: 2 | F19: (11) Tennessee 50 at Vanderbilt 0 | G19: FINAL | H19: Masa | I19: SECN | AH19: 512 | AI19: 282 | AJ19: 3 | AK19: FALSE | AL19: 100 | AM19: {=vlookup(C19,{DraftTracker!F:F,DraftTracker!E:E},2,0)} -> SEC | AN19: =VLOOKUP(AM19,P5G5!A:B,2,0) -> Power 5 | AO19: =IFERROR(__xludf.DUMMYFUNCTION("iferror(if(not(iserror(find(""FINAL"",G19))),max(arrayformula(value(REGEXEXTRACT(F19,""^""&C19&"" ([\d]+)|[^a-zA-Z] ""&C19&"" ([\d]+)""))))=max(value(REGEXEXTRACT(F19,"" ([\d]+)"")),value(REGEXEXTRACT(F19,""([\d]+)$""))),""""))"),TRUE) -> TRUE
A20: 103 | B20: Dan | C20: Kansas | D20: 6 | E20: 6 | F20: Kansas 0 at (13) Kansas State 1 | G20: FINAL | H20: Nick G. | I20: FOX | AH20: 383 | AI20: 359 | AJ20: 3 | AK20: FALSE | AL20: 100 | AM20: {=vlookup(C20,{DraftTracker!F:F,DraftTracker!E:E},2,0)} -> Big 12 | AN20: =VLOOKUP(AM20,P5G5!A:B,2,0) -> Power 5 | AO20: =IFERROR(__xludf.DUMMYFUNCTION("iferror(if(not(iserror(find(""FINAL"",G20))),max(arrayformula(value(REGEXEXTRACT(F20,""^""&C20&"" ([\d]+)|[^a-zA-Z] ""&C20&"" ([\d]+)""))))=max(value(REGEXEXTRACT(F20,"" ([\d]+)"")),value(REGEXEXTRACT(F20,""([\d]+)$""))),""""))"),FALSE) -> FALSE
A21: 103 | B21: Dan | C21: San Diego State | D21: 7 | E21: 5 | F21: Air Force 1 at San Diego State 0 | G21: FINAL | H21: Janice/Mike | I21: CBSSN | AH21: 253 | AI21: 229 | AJ21: 3 | AK21: TRUE | AL21: 100 | AM21: {=vlookup(C21,{DraftTracker!F:F,DraftTracker!E:E},2,0)} -> MWC | AN21: =VLOOKUP(AM21,P5G5!A:B,2,0) -> Group of 5 | AO21: =IFERROR(__xludf.DUMMYFUNCTION("iferror(if(not(iserror(find(""FINAL"",G21))),max(arrayformula(value(REGEXEXTRACT(F21,""^""&C21&"" ([\d]+)|[^a-zA-Z] ""&C21&"" ([\d]+)""))))=max(value(REGEXEXTRACT(F21,"" ([\d]+)"")),value(REGEXEXTRACT(F21,""([\d]+)$""))),""""))"),"")
A22: 103 | B22: Dan | C22: Washington State | D22: 7 | E22: 5 | F22: (12) Washington 54 at Washington State 33 | G22: FINAL | H22: Vu | I22: ESPN | AH22: 300 | AI22: 218 | AJ22: 3 | AK22: FALSE | AL22: 100 | AM22: {=vlookup(C22,{DraftTracker!F:F,DraftTracker!E:E},2,0)} -> Pac12 | AN22: =VLOOKUP(AM22,P5G5!A:B,2,0) -> Power 5 | AO22: =IFERROR(__xludf.DUMMYFUNCTION("iferror(if(not(iserror(find(""FINAL"",G22))),max(arrayformula(value(REGEXEXTRACT(F22,""^""&C22&"" ([\d]+)|[^a-zA-Z] ""&C22&"" ([\d]+)""))))=max(value(REGEXEXTRACT(F22,"" ([\d]+)"")),value(REGEXEXTRACT(F22,""([\d]+)$""))),""""))"),"")
A23: 104 | AM23: {=vlookup(C23,{DraftTracker!F:F,DraftTracker!E:E},2,0)} -> #N/A | AN23: =VLOOKUP(AM23,P5G5!A:B,2,0) -> #N/A | AO23: =IFERROR(__xludf.DUMMYFUNCTION("iferror(if(not(iserror(find(""FINAL"",G23))),max(arrayformula(value(REGEXEXTRACT(F23,""^""&C23&"" ([\d]+)|[^a-zA-Z] ""&C23&"" ([\d]+)""))))=max(value(REGEXEXTRACT(F23,"" ([\d]+)"")),value(REGEXEXTRACT(F23,""([\d]+)$""))),""""))"),"")
A24: 105 | B24: DavEmily | C24: Minnesota | D24: 8 | E24: 4 | F24: Minnesota 23 Wisconsin 16 | G24: FINAL | H24: Dan | I24: ESPN | AH24: 316 | AI24: 144 | AJ24: 0 | AK24: TRUE | AL24: 0.3 | AM24: {=vlookup(C24,{DraftTracker!F:F,DraftTracker!E:E},2,0)} -> Big Ten | AN24: =VLOOKUP(AM24,P5G5!A:B,2,0) -> Power 5 | AO24: =IFERROR(__xludf.DUMMYFUNCTION("iferror(if(not(iserror(find(""FINAL"",G24))),max(arrayformula(value(REGEXEXTRACT(F24,""^""&C24&"" ([\d]+)|[^a-zA-Z] ""&C24&"" ([\d]+)""))))=max(value(REGEXEXTRACT(F24,"" ([\d]+)"")),value(REGEXEXTRACT(F24,""([\d]+)$""))),""""))"),TRUE) -> TRUE
A25: 105 | B25: DavEmily | C25: Georgia Southern | D25: 6 | E25: 6 | F25: Appalachian State 13 Georgia Southern 14 | G25: FINAL | H25: Nick G. | I25: espn+ | AH25: 353 | AI25: 340 | AJ25: 0 | AK25: TRUE | AL25: 39.6 | AM25: {=vlookup(C25,{DraftTracker!F:F,DraftTracker!E:E},2,0)} -> Sun Belt | AN25: =VLOOKUP(AM25,P5G5!A:B,2,0) -> Group of 5 | AO25: =IFERROR(__xludf.DUMMYFUNCTION("iferror(if(not(iserror(find(""FINAL"",G25))),max(arrayformula(value(REGEXEXTRACT(F25,""^""&C25&"" ([\d]+)|[^a-zA-Z] ""&C25&"" ([\d]+)""))))=max(value(REGEXEXTRACT(F25,"" ([\d]+)"")),value(REGEXEXTRACT(F25,""([\d]+)$""))),""""))"),TRUE) -> TRUE
A26: 105 | B26: DavEmily | C26: Wake Forest | D26: 7 | E26: 5 | F26: Wake Forest 31 Duke 34 | G26: FINAL | AH26: 442 | AI26: 351 | AJ26: 2 | AK26: TRUE | AL26: 100 | AM26: {=vlookup(C26,{DraftTracker!F:F,DraftTracker!E:E},2,0)} -> ACC | AN26: =VLOOKUP(AM26,P5G5!A:B,2,0) -> Power 5 | AO26: =IFERROR(__xludf.DUMMYFUNCTION("iferror(if(not(iserror(find(""FINAL"",G26))),max(arrayformula(value(REGEXEXTRACT(F26,""^""&C26&"" ([\d]+)|[^a-zA-Z] ""&C26&"" ([\d]+)""))))=max(value(REGEXEXTRACT(F26,"" ([\d]+)"")),value(REGEXEXTRACT(F26,""([\d]+)$""))),""""))"),FALSE) -> FALSE
A27: 105 | B27: DavEmily | C27: UCLA | D27: 9 | E27: 3 | F27: (18) UCLA 35 California 28 | G27: FINAL | H27: Nick A. | AH27: 475 | AI27: 340 | AJ27: 2 | AK27: TRUE | AL27: 100 | AM27: {=vlookup(C27,{DraftTracker!F:F,DraftTracker!E:E},2,0)} -> Pac12 | AN27: =VLOOKUP(AM27,P5G5!A:B,2,0) -> Power 5 | AO27: =IFERROR(__xludf.DUMMYFUNCTION("iferror(if(not(iserror(find(""FINAL"",G27))),max(arrayformula(value(REGEXEXTRACT(F27,""^""&C27&"" ([\d]+)|[^a-zA-Z] ""&C27&"" ([\d]+)""))))=max(value(REGEXEXTRACT(F27,"" ([\d]+)"")),value(REGEXEXTRACT(F27,""([\d]+)$""))),""""))"),TRUE) -> TRUE
A28: 105 | B28: DavEmily | C28: New Mexico | D28: 2 | E28: 10 | F28: New Mexico 0 Colorado State 17 | G28: FINAL | H28: Justin | AH28: 157 | AI28: 312 | AJ28: 2 | AK28: FALSE | AL28: 100 | AM28: {=vlookup(C28,{DraftTracker!F:F,DraftTracker!E:E},2,0)} -> MWC | AN28: =VLOOKUP(AM28,P5G5!A:B,2,0) -> Group of 5 | AO28: =IFERROR(__xludf.DUMMYFUNCTION("iferror(if(not(iserror(find(""FINAL"",G28))),max(arrayformula(value(REGEXEXTRACT(F28,""^""&C28&"" ([\d]+)|[^a-zA-Z] ""&C28&"" ([\d]+)""))))=max(value(REGEXEXTRACT(F28,"" ([\d]+)"")),value(REGEXEXTRACT(F28,""([\d]+)$""))),""""))"),FALSE) -> FALSE
A29: 105 | B29: DavEmily | C29: Toledo | D29: 7 | E29: 5 | F29: Toledo 14 Western Michigan 20 | G29: FINAL | H29: Nico | AH29: 400 | AI29: 325 | AJ29: 2 | AK29: TRUE | AL29: 100 | AM29: {=vlookup(C29,{DraftTracker!F:F,DraftTracker!E:E},2,0)} -> MAC | AN29: =VLOOKUP(AM29,P5G5!A:B,2,0) -> Group of 5 | AO29: =IFERROR(__xludf.DUMMYFUNCTION("iferror(if(not(iserror(find(""FINAL"",G29))),max(arrayformula(value(REGEXEXTRACT(F29,""^""&C29&"" ([\d]+)|[^a-zA-Z] ""&C29&"" ([\d]+)""))))=max(value(REGEXEXTRACT(F29,"" ([\d]+)"")),value(REGEXEXTRACT(F29,""([\d]+)$""))),""""))"),FALSE) -> FALSE
A30: 105 | B30: DavEmily | C30: Tulane | D30: 10 | E30: 2 | F30: (20) Tulane 27 (21) Cincinnati 24 | G30: FINAL | H30: Masa | AH30: 413 | AI30: 238 | AJ30: 2 | AK30: FALSE | AL30: 100 | AM30: {=vlookup(C30,{DraftTracker!F:F,DraftTracker!E:E},2,0)} -> AAC | AN30: =VLOOKUP(AM30,P5G5!A:B,2,0) -> Group of 5 | AO30: =IFERROR(__xludf.DUMMYFUNCTION("iferror(if(not(iserror(find(""FINAL"",G30))),max(arrayformula(value(REGEXEXTRACT(F30,""^""&C30&"" ([\d]+)|[^a-zA-Z] ""&C30&"" ([\d]+)""))))=max(value(REGEXEXTRACT(F30,"" ([\d]+)"")),value(REGEXEXTRACT(F30,""([\d]+)$""))),""""))"),TRUE) -> TRUE
A31: 105 | B31: DavEmily | C31: Mississippi State | D31: 8 | E31: 4 | F31: Mississippi State 24 (19) Ole Miss 22 | G31: FINAL | H31: Janice/Mike | AH31: 392 | AI31: 290 | AJ31: 2 | AK31: TRUE | AL31: 100 | AM31: {=vlookup(C31,{DraftTracker!F:F,DraftTracker!E:E},2,0)} -> SEC | AN31: =VLOOKUP(AM31,P5G5!A:B,2,0) -> Power 5 | AO31: =IFERROR(__xludf.DUMMYFUNCTION("iferror(if(not(iserror(find(""FINAL"",G31))),max(arrayformula(value(REGEXEXTRACT(F31,""^""&C31&"" ([\d]+)|[^a-zA-Z] ""&C31&"" ([\d]+)""))))=max(value(REGEXEXTRACT(F31,"" ([\d]+)"")),value(REGEXEXTRACT(F31,""([\d]+)$""))),""""))"),TRUE) -> TRUE
A32: 105 | B32: DavEmily | C32: Western Kentucky | D32: 8 | E32: 5 | F32: Western Kentucky 32 Florida Atlantic 31 | G32: FINAL | H32: Jeannine | AH32: 466 | AI32: 305 | AJ32: 2 | AK32: TRUE | AL32: 100 | AM32: {=vlookup(C32,{DraftTracker!F:F,DraftTracker!E:E},2,0)} -> CUSA | AN32: =VLOOKUP(AM32,P5G5!A:B,2,0) -> Group of 5 | AO32: =IFERROR(__xludf.DUMMYFUNCTION("iferror(if(not(iserror(find(""FINAL"",G32))),max(arrayformula(value(REGEXEXTRACT(F32,""^""&C32&"" ([\d]+)|[^a-zA-Z] ""&C32&"" ([\d]+)""))))=max(value(REGEXEXTRACT(F32,"" ([\d]+)"")),value(REGEXEXTRACT(F32,""([\d]+)$""))),""""))"),TRUE) -> TRUE
A33: 105 | B33: DavEmily | C33: Texas Tech | D33: 7 | E33: 5 | F33: Oklahoma 0 at Texas Tech 1 | G33: FINAL | H33: Jeannine | I33: FS1 | AH33: 352 | AI33: 306 | AJ33: 3 | AK33: TRUE | AL33: 100 | AM33: {=vlookup(C33,{DraftTracker!F:F,DraftTracker!E:E},2,0)} -> Big 12 | AN33: =VLOOKUP(AM33,P5G5!A:B,2,0) -> Power 5 | AO33: =IFERROR(__xludf.DUMMYFUNCTION("iferror(if(not(iserror(find(""FINAL"",G33))),max(arrayformula(value(REGEXEXTRACT(F33,""^""&C33&"" ([\d]+)|[^a-zA-Z] ""&C33&"" ([\d]+)""))))=max(value(REGEXEXTRACT(F33,"" ([\d]+)"")),value(REGEXEXTRACT(F33,""([\d]+)$""))),""""))"),"")
A34: 106 | AM34: {=vlookup(C34,{DraftTracker!F:F,DraftTracker!E:E},2,0)} -> #N/A | AN34: =VLOOKUP(AM34,P5G5!A:B,2,0) -> #N/A | AO34: =IFERROR(__xludf.DUMMYFUNCTION("iferror(if(not(iserror(find(""FINAL"",G34))),max(arrayformula(value(REGEXEXTRACT(F34,""^""&C34&"" ([\d]+)|[^a-zA-Z] ""&C34&"" ([\d]+)""))))=max(value(REGEXEXTRACT(F34,"" ([\d]+)"")),value(REGEXEXTRACT(F34,""([\d]+)$""))),""""))"),"")
A35: 107 | B35: Nick G. | C35: Oregon State | D35: 9 | E35: 3 | F35: (9) Oregon 34 (22) Oregon State 38 | G35: FINAL | H35: Jeannine | I35: ABC | AH35: 351 | AI35: 223 | AJ35: 0 | AK35: TRUE | AL35: 7.1833333 | AM35: {=vlookup(C35,{DraftTracker!F:F,DraftTracker!E:E},2,0)} -> Pac12 | AN35: =VLOOKUP(AM35,P5G5!A:B,2,0) -> Power 5 | AO35: =IFERROR(__xludf.DUMMYFUNCTION("iferror(if(not(iserror(find(""FINAL"",G35))),max(arrayformula(value(REGEXEXTRACT(F35,""^""&C35&"" ([\d]+)|[^a-zA-Z] ""&C35&"" ([\d]+)""))))=max(value(REGEXEXTRACT(F35,"" ([\d]+)"")),value(REGEXEXTRACT(F35,""([\d]+)$""))),""""))"),TRUE) -> TRUE
A36: 107 | B36: Nick G. | C36: Florida Intl | D36: 4 | E36: 8 | F36: Middle Tennessee 13 Florida Intl 0 | G36: FINAL | H36: Brad | AH36: 196 | AI36: 414 | AJ36: 0 | AK36: FALSE | AL36: 36.933333 | AM36: {=vlookup(C36,{DraftTracker!F:F,DraftTracker!E:E},2,0)} -> CUSA | AN36: =VLOOKUP(AM36,P5G5!A:B,2,0) -> Group of 5 | AO36: =IFERROR(__xludf.DUMMYFUNCTION("iferror(if(not(iserror(find(""FINAL"",G36))),max(arrayformula(value(REGEXEXTRACT(F36,""^""&C36&"" ([\d]+)|[^a-zA-Z] ""&C36&"" ([\d]+)""))))=max(value(REGEXEXTRACT(F36,"" ([\d]+)"")),value(REGEXEXTRACT(F36,""([\d]+)$""))),""""))"),FALSE) -> FALSE
A37: 107 | B37: Nick G. | C37: Appalachian State | D37: 6 | E37: 6 | F37: Appalachian State 13 Georgia Southern 7 | G37: FINAL | H37: DavEmily | I37: espn+ | AH37: 371 | AI37: 270 | AJ37: 0 | AK37: FALSE | AL37: 39.6 | AM37: {=vlookup(C37,{DraftTracker!F:F,DraftTracker!E:E},2,0)} -> Sun Belt | AN37: =VLOOKUP(AM37,P5G5!A:B,2,0) -> Group of 5 | AO37: =IFERROR(__xludf.DUMMYFUNCTION("iferror(if(not(iserror(find(""FINAL"",G37))),max(arrayformula(value(REGEXEXTRACT(F37,""^""&C37&"" ([\d]+)|[^a-zA-Z] ""&C37&"" ([\d]+)""))))=max(value(REGEXEXTRACT(F37,"" ([\d]+)"")),value(REGEXEXTRACT(F37,""([\d]+)$""))),""""))"),TRUE) -> TRUE
A38: 107 | B38: Nick G. | C38: UNLV | D38: 5 | E38: 7 | F38: Nevada 15 UNLV 14 | G38: FINAL | H38: Jeannine | I38: MWC | AH38: 289 | AI38: 320 | AJ38: 0 | AK38: FALSE | AL38: 40.466667 | AM38: {=vlookup(C38,{DraftTracker!F:F,DraftTracker!E:E},2,0)} -> MWC | AN38: =VLOOKUP(AM38,P5G5!A:B,2,0) -> Group of 5 | AO38: =IFERROR(__xludf.DUMMYFUNCTION("iferror(if(not(iserror(find(""FINAL"",G38))),max(arrayformula(value(REGEXEXTRACT(F38,""^""&C38&"" ([\d]+)|[^a-zA-Z] ""&C38&"" ([\d]+)""))))=max(value(REGEXEXTRACT(F38,"" ([\d]+)"")),value(REGEXEXTRACT(F38,""([\d]+)$""))),""""))"),FALSE) -> FALSE
A39: 107 | B39: Nick G. | C39: UConn | D39: 6 | E39: 6 | AH39: 238 | AI39: 313 | AJ39: 0 | AK39: TRUE | AL39: 59 | AM39: {=vlookup(C39,{DraftTracker!F:F,DraftTracker!E:E},2,0)} -> AAC | AN39: =VLOOKUP(AM39,P5G5!A:B,2,0) -> Group of 5 | AO39: =IFERROR(__xludf.DUMMYFUNCTION("iferror(if(not(iserror(find(""FINAL"",G39))),max(arrayformula(value(REGEXEXTRACT(F39,""^""&C39&"" ([\d]+)|[^a-zA-Z] ""&C39&"" ([\d]+)""))))=max(value(REGEXEXTRACT(F39,"" ([\d]+)"")),value(REGEXEXTRACT(F39,""([\d]+)$""))),""""))"),"")
A40: 107 | B40: Nick G. | C40: Kentucky | D40: 7 | E40: 5 | G40: FINAL | H40: Josh | AH40: 265 | AI40: 229 | AJ40: 2 | AK40: FALSE | AL40: 100 | AM40: {=vlookup(C40,{DraftTracker!F:F,DraftTracker!E:E},2,0)} -> SEC | AN40: =VLOOKUP(AM40,P5G5!A:B,2,0) -> Power 5 | AO40: =IFERROR(__xludf.DUMMYFUNCTION("iferror(if(not(iserror(find(""FINAL"",G40))),max(arrayformula(value(REGEXEXTRACT(F40,""^""&C40&"" ([\d]+)|[^a-zA-Z] ""&C40&"" ([\d]+)""))))=max(value(REGEXEXTRACT(F40,"" ([\d]+)"")),value(REGEXEXTRACT(F40,""([\d]+)$""))),""""))"),"")
A41: 107 | B41: Nick G. | C41: Michigan | D41: 12 | E41: 0 | F41: (3) Michigan 45 (2) Ohio State 23 | G41: FINAL | H41: Jeannine | AH41: 478 | AI41: 152 | AJ41: 2 | AK41: TRUE | AL41: 100 | AM41: {=vlookup(C41,{DraftTracker!F:F,DraftTracker!E:E},2,0)} -> Big Ten | AN41: =VLOOKUP(AM41,P5G5!A:B,2,0) -> Power 5 | AO41: =IFERROR(__xludf.DUMMYFUNCTION("iferror(if(not(iserror(find(""FINAL"",G41))),max(arrayformula(value(REGEXEXTRACT(F41,""^""&C41&"" ([\d]+)|[^a-zA-Z] ""&C41&"" ([\d]+)""))))=max(value(REGEXEXTRACT(F41,"" ([\d]+)"")),value(REGEXEXTRACT(F41,""([\d]+)$""))),""""))"),TRUE) -> TRUE
A42: 107 | B42: Nick G. | C42: Central Michigan | D42: 4 | E42: 8 | F42: Central Michigan 19 EMU 38 | G42: FINAL | H42: Janice/Mike | AH42: 297 | AI42: 338 | AJ42: 2 | AK42: FALSE | AL42: 100 | AM42: {=vlookup(C42,{DraftTracker!F:F,DraftTracker!E:E},2,0)} -> MAC | AN42: =VLOOKUP(AM42,P5G5!A:B,2,0) -> Group of 5 | AO42: =IFERROR(__xludf.DUMMYFUNCTION("iferror(if(not(iserror(find(""FINAL"",G42))),max(arrayformula(value(REGEXEXTRACT(F42,""^""&C42&"" ([\d]+)|[^a-zA-Z] ""&C42&"" ([\d]+)""))))=max(value(REGEXEXTRACT(F42,"" ([\d]+)"")),value(REGEXEXTRACT(F42,""([\d]+)$""))),""""))"),FALSE) -> FALSE
A43: 107 | B43: Nick G. | C43: Boston College | D43: 3 | E43: 9 | F43: Syracuse 1 at Boston College 0 | G43: FINAL | H43: Masa | I43: ACC RSN | AH43: 190 | AI43: 332 | AJ43: 3 | AK43: FALSE | AL43: 100 | AM43: {=vlookup(C43,{DraftTracker!F:F,DraftTracker!E:E},2,0)} -> ACC | AN43: =VLOOKUP(AM43,P5G5!A:B,2,0) -> Power 5 | AO43: =IFERROR(__xludf.DUMMYFUNCTION("iferror(if(not(iserror(find(""FINAL"",G43))),max(arrayformula(value(REGEXEXTRACT(F43,""^""&C43&"" ([\d]+)|[^a-zA-Z] ""&C43&"" ([\d]+)""))))=max(value(REGEXEXTRACT(F43,"" ([\d]+)"")),value(REGEXEXTRACT(F43,""([\d]+)$""))),""""))"),"")
A44: 107 | B44: Nick G. | C44: Kansas State | D44: 9 | E44: 3 | F44: Kansas 0 at (13) Kansas State 1 | G44: FINAL | H44: Dan | I44: FOX | AH44: 354 | AI44: 206 | AJ44: 3 | AK44: TRUE | AL44: 100 | AM44: {=vlookup(C44,{DraftTracker!F:F,DraftTracker!E:E},2,0)} -> Big 12 | AN44: =VLOOKUP(AM44,P5G5!A:B,2,0) -> Power 5 | AO44: =IFERROR(__xludf.DUMMYFUNCTION("iferror(if(not(iserror(find(""FINAL"",G44))),max(arrayformula(value(REGEXEXTRACT(F44,""^""&C44&"" ([\d]+)|[^a-zA-Z] ""&C44&"" ([\d]+)""))))=max(value(REGEXEXTRACT(F44,"" ([\d]+)"")),value(REGEXEXTRACT(F44,""([\d]+)$""))),""""))"),TRUE) -> TRUE
A45: 108 | AM45: {=vlookup(C45,{DraftTracker!F:F,DraftTracker!E:E},2,0)} -> #N/A | AN45: =VLOOKUP(AM45,P5G5!A:B,2,0) -> #N/A | AO45: =IFERROR(__xludf.DUMMYFUNCTION("iferror(if(not(iserror(find(""FINAL"",G45))),max(arrayformula(value(REGEXEXTRACT(F45,""^""&C45&"" ([\d]+)|[^a-zA-Z] ""&C45&"" ([\d]+)""))))=max(value(REGEXEXTRACT(F45,"" ([\d]+)"")),value(REGEXEXTRACT(F45,""([\d]+)$""))),""""))"),"")
A46: 109 | B46: Masa | C46: Michigan State | D46: 5 | E46: 7 | F46: Michigan State 16 (10) Penn State 21 | G46: FINAL | H46: Brad | I46: FS1 | AH46: 277 | AI46: 294 | AJ46: 0 | AK46: TRUE | AL46: 9.8666667 | AM46: {=vlookup(C46,{DraftTracker!F:F,DraftTracker!E:E},2,0)} -> Big Ten | AN46: =VLOOKUP(AM46,P5G5!A:B,2,0) -> Power 5 | AO46: =IFERROR(__xludf.DUMMYFUNCTION("iferror(if(not(iserror(find(""FINAL"",G46))),max(arrayformula(value(REGEXEXTRACT(F46,""^""&C46&"" ([\d]+)|[^a-zA-Z] ""&C46&"" ([\d]+)""))))=max(value(REGEXEXTRACT(F46,"" ([\d]+)"")),value(REGEXEXTRACT(F46,""([\d]+)$""))),""""))"),FALSE) -> FALSE
A47: 109 | B47: Masa | C47: UTSA | D47: 10 | E47: 2 | F47: UTEP 31 (25) UTSA 34 | G47: FINAL | H47: Nico | AH47: 421 | AI47: 287 | AJ47: 2 | AK47: TRUE | AL47: 100 | AM47: {=vlookup(C47,{DraftTracker!F:F,DraftTracker!E:E},2,0)} -> CUSA | AN47: =VLOOKUP(AM47,P5G5!A:B,2,0) -> Group of 5 | AO47: =IFERROR(__xludf.DUMMYFUNCTION("iferror(if(not(iserror(find(""FINAL"",G47))),max(arrayformula(value(REGEXEXTRACT(F47,""^""&C47&"" ([\d]+)|[^a-zA-Z] ""&C47&"" ([\d]+)""))))=max(value(REGEXEXTRACT(F47,"" ([\d]+)"")),value(REGEXEXTRACT(F47,""([\d]+)$""))),""""))"),TRUE) -> TRUE
A48: 109 | B48: Masa | C48: Northern Illinois | D48: 3 | E48: 9 | F48: Akron 44 Northern Illinois 12 | G48: FINAL | H48: Josh | AH48: 327 | AI48: 393 | AJ48: 2 | AK48: FALSE | AL48: 100 | AM48: {=vlookup(C48,{DraftTracker!F:F,DraftTracker!E:E},2,0)} -> MAC | AN48: =VLOOKUP(AM48,P5G5!A:B,2,0) -> Group of 5 | AO48: =IFERROR(__xludf.DUMMYFUNCTION("iferror(if(not(iserror(find(""FINAL"",G48))),max(arrayformula(value(REGEXEXTRACT(F48,""^""&C48&"" ([\d]+)|[^a-zA-Z] ""&C48&"" ([\d]+)""))))=max(value(REGEXEXTRACT(F48,"" ([\d]+)"")),value(REGEXEXTRACT(F48,""([\d]+)$""))),""""))"),FALSE) -> FALSE
A49: 109 | B49: Masa | C49: South Alabama | D49: 10 | E49: 2 | F49: Old Dominion 20 South Alabama 27 | G49: FINAL | H49: Jeannine | AH49: 383 | AI49: 233 | AJ49: 2 | AK49: FALSE | AL49: 100 | AM49: {=vlookup(C49,{DraftTracker!F:F,DraftTracker!E:E},2,0)} -> Sun Belt | AN49: =VLOOKUP(AM49,P5G5!A:B,2,0) -> Group of 5 | AO49: =IFERROR(__xludf.DUMMYFUNCTION("iferror(if(not(iserror(find(""FINAL"",G49))),max(arrayformula(value(REGEXEXTRACT(F49,""^""&C49&"" ([\d]+)|[^a-zA-Z] ""&C49&"" ([\d]+)""))))=max(value(REGEXEXTRACT(F49,"" ([\d]+)"")),value(REGEXEXTRACT(F49,""([\d]+)$""))),""""))"),TRUE) -> TRUE
A50: 109 | B50: Masa | C50: Arkansas | D50: 6 | E50: 6 | F50: Arkansas 27 Missouri 29 | G50: FINAL | H50: Jeannine | AH50: 368 | AI50: 345 | AJ50: 2 | AK50: TRUE | AL50: 100 | AM50: {=vlookup(C50,{DraftTracker!F:F,DraftTracker!E:E},2,0)} -> SEC | AN50: =VLOOKUP(AM50,P5G5!A:B,2,0) -> Power 5 | AO50: =IFERROR(__xludf.DUMMYFUNCTION("iferror(if(not(iserror(find(""FINAL"",G50))),max(arrayformula(value(REGEXEXTRACT(F50,""^""&C50&"" ([\d]+)|[^a-zA-Z] ""&C50&"" ([\d]+)""))))=max(value(REGEXEXTRACT(F50,"" ([\d]+)"")),value(REGEXEXTRACT(F50,""([\d]+)$""))),""""))"),FALSE) -> FALSE
A51: 109 | B51: Masa | C51: Utah State | D51: 6 | E51: 6 | F51: Utah State 23 Boise State 42 | G51: FINAL | H51: Vu | AH51: 279 | AI51: 367 | AJ51: 2 | AK51: FALSE | AL51: 100 | AM51: {=vlookup(C51,{DraftTracker!F:F,DraftTracker!E:E},2,0)} -> MWC | AN51: =VLOOKUP(AM51,P5G5!A:B,2,0) -> Group of 5 | AO51: =IFERROR(__xludf.DUMMYFUNCTION("iferror(if(not(iserror(find(""FINAL"",G51))),max(arrayformula(value(REGEXEXTRACT(F51,""^""&C51&"" ([\d]+)|[^a-zA-Z] ""&C51&"" ([\d]+)""))))=max(value(REGEXEXTRACT(F51,"" ([\d]+)"")),value(REGEXEXTRACT(F51,""([\d]+)$""))),""""))"),FALSE) -> FALSE
A52: 109 | B52: Masa | C52: Cincinnati | D52: 9 | E52: 3 | F52: (20) Tulane 27 (21) Cincinnati 24 | G52: FINAL | H52: DavEmily | AH52: 373 | AI52: 244 | AJ52: 2 | AK52: TRUE | AL52: 100 | AM52: {=vlookup(C52,{DraftTracker!F:F,DraftTracker!E:E},2,0)} -> AAC | AN52: =VLOOKUP(AM52,P5G5!A:B,2,0) -> Group of 5 | AO52: =IFERROR(__xludf.DUMMYFUNCTION("iferror(if(not(iserror(find(""FINAL"",G52))),max(arrayformula(value(REGEXEXTRACT(F52,""^""&C52&"" ([\d]+)|[^a-zA-Z] ""&C52&"" ([\d]+)""))))=max(value(REGEXEXTRACT(F52,"" ([\d]+)"")),value(REGEXEXTRACT(F52,""([\d]+)$""))),""""))"),FALSE) -> FALSE
A53: 109 | B53: Masa | C53: Syracuse | D53: 7 | E53: 5 | F53: Syracuse 1 at Boston College 0 | G53: FINAL | H53: Nick G. | I53: ACC RSN | AH53: 308 | AI53: 249 | AJ53: 3 | AK53: TRUE | AL53: 100 | AM53: {=vlookup(C53,{DraftTracker!F:F,DraftTracker!E:E},2,0)} -> ACC | AN53: =VLOOKUP(AM53,P5G5!A:B,2,0) -> Power 5 | AO53: =IFERROR(__xludf.DUMMYFUNCTION("iferror(if(not(iserror(find(""FINAL"",G53))),max(arrayformula(value(REGEXEXTRACT(F53,""^""&C53&"" ([\d]+)|[^a-zA-Z] ""&C53&"" ([\d]+)""))))=max(value(REGEXEXTRACT(F53,"" ([\d]+)"")),value(REGEXEXTRACT(F53,""([\d]+)$""))),""""))"),TRUE) -> TRUE
A54: 109 | B54: Masa | C54: Vanderbilt | D54: 5 | E54: 7 | F54: (11) Tennessee 1 at Vanderbilt 0 | G54: FINAL | H54: Dan | I54: SECN | AH54: 295 | AI54: 376 | AJ54: 3 | AK54: TRUE | AL54: 100 | AM54: {=vlookup(C54,{DraftTracker!F:F,DraftTracker!E:E},2,0)} -> Big 12 | AN54: =VLOOKUP(AM54,P5G5!A:B,2,0) -> Power 5 | AO54: =IFERROR(__xludf.DUMMYFUNCTION("iferror(if(not(iserror(find(""FINAL"",G54))),max(arrayformula(value(REGEXEXTRACT(F54,""^""&C54&"" ([\d]+)|[^a-zA-Z] ""&C54&"" ([\d]+)""))))=max(value(REGEXEXTRACT(F54,"" ([\d]+)"")),value(REGEXEXTRACT(F54,""([\d]+)$""))),""""))"),"")
A55: 109 | B55: Masa | C55: Stanford | D55: 3 | E55: 9 | F55: BYU 1 at Stanford 0 | G55: FINAL | H55: Josh | I55: FS1 | AH55: 230 | AI55: 351 | AJ55: 3 | AK55: FALSE | AL55: 100 | AM55: {=vlookup(C55,{DraftTracker!F:F,DraftTracker!E:E},2,0)} -> Pac12 | AN55: =VLOOKUP(AM55,P5G5!A:B,2,0) -> Power 5 | AO55: =IFERROR(__xludf.DUMMYFUNCTION("iferror(if(not(iserror(find(""FINAL"",G55))),max(arrayformula(value(REGEXEXTRACT(F55,""^""&C55&"" ([\d]+)|[^a-zA-Z] ""&C55&"" ([\d]+)""))))=max(value(REGEXEXTRACT(F55,"" ([\d]+)"")),value(REGEXEXTRACT(F55,""([\d]+)$""))),""""))"),"")
A56: 110 | AM56: {=vlookup(C56,{DraftTracker!F:F,DraftTracker!E:E},2,0)} -> #N/A | AN56: =VLOOKUP(AM56,P5G5!A:B,2,0) -> #N/A | AO56: =IFERROR(__xludf.DUMMYFUNCTION("iferror(if(not(iserror(find(""FINAL"",G56))),max(arrayformula(value(REGEXEXTRACT(F56,""^""&C56&"" ([\d]+)|[^a-zA-Z] ""&C56&"" ([\d]+)""))))=max(value(REGEXEXTRACT(F56,"" ([\d]+)"")),value(REGEXEXTRACT(F56,""([\d]+)$""))),""""))"),"")
A57: 111 | B57: Josh | C57: SMU | D57: 7 | E57: 5 | F57: Memphis 31 SMU 34 | G57: FINAL | H57: Brad | I57: ESPN2 | AH57: 427 | AI57: 385 | AJ57: 0 | AK57: TRUE | AL57: -0.2 | AM57: {=vlookup(C57,{DraftTracker!F:F,DraftTracker!E:E},2,0)} -> AAC | AN57: =VLOOKUP(AM57,P5G5!A:B,2,0) -> Group of 5 | AO57: =IFERROR(__xludf.DUMMYFUNCTION("iferror(if(not(iserror(find(""FINAL"",G57))),max(arrayformula(value(REGEXEXTRACT(F57,""^""&C57&"" ([\d]+)|[^a-zA-Z] ""&C57&"" ([\d]+)""))))=max(value(REGEXEXTRACT(F57,"" ([\d]+)"")),value(REGEXEXTRACT(F57,""([\d]+)$""))),""""))"),TRUE) -> TRUE
A58: 111 | B58: Josh | C58: Alabama | D58: 10 | E58: 2 | F58: Auburn 27 (7) Alabama 42 | G58: FINAL | H58: Nick A. | I58: CBS | AH58: 440 | AI58: 189 | AJ58: 0 | AK58: FALSE | AL58: 1.0666667 | AM58: {=vlookup(C58,{DraftTracker!F:F,DraftTracker!E:E},2,0)} -> SEC | AN58: =VLOOKUP(AM58,P5G5!A:B,2,0) -> Power 5 | AO58: =IFERROR(__xludf.DUMMYFUNCTION("iferror(if(not(iserror(find(""FINAL"",G58))),max(arrayformula(value(REGEXEXTRACT(F58,""^""&C58&"" ([\d]+)|[^a-zA-Z] ""&C58&"" ([\d]+)""))))=max(value(REGEXEXTRACT(F58,"" ([\d]+)"")),value(REGEXEXTRACT(F58,""([\d]+)$""))),""""))"),TRUE) -> TRUE
A59: 111 | B59: Josh | C59: Charlotte | D59: 3 | E59: 9 | AH59: 293 | AI59: 473 | AJ59: 0 | AK59: FALSE | AL59: 59 | AM59: {=vlookup(C59,{DraftTracker!F:F,DraftTracker!E:E},2,0)} -> CUSA | AN59: =VLOOKUP(AM59,P5G5!A:B,2,0) -> Group of 5 | AO59: =IFERROR(__xludf.DUMMYFUNCTION("iferror(if(not(iserror(find(""FINAL"",G59))),max(arrayformula(value(REGEXEXTRACT(F59,""^""&C59&"" ([\d]+)|[^a-zA-Z] ""&C59&"" ([\d]+)""))))=max(value(REGEXEXTRACT(F59,"" ([\d]+)"")),value(REGEXEXTRACT(F59,""([\d]+)$""))),""""))"),"")
A60: 111 | B60: Josh | C60: Troy | D60: 10 | E60: 2 | F60: Troy 48 Arkansas State 19 | G60: FINAL | H60: Nico | AH60: 295 | AI60: 202 | AJ60: 2 | AK60: FALSE | AL60: 100 | AM60: {=vlookup(C60,{DraftTracker!F:F,DraftTracker!E:E},2,0)} -> Sun Belt | AN60: =VLOOKUP(AM60,P5G5!A:B,2,0) -> Group of 5 | AO60: =IFERROR(__xludf.DUMMYFUNCTION("iferror(if(not(iserror(find(""FINAL"",G60))),max(arrayformula(value(REGEXEXTRACT(F60,""^""&C60&"" ([\d]+)|[^a-zA-Z] ""&C60&"" ([\d]+)""))))=max(value(REGEXEXTRACT(F60,"" ([\d]+)"")),value(REGEXEXTRACT(F60,""([\d]+)$""))),""""))"),TRUE) -> TRUE
A61: 111 | B61: Josh | C61: San José State | D61: 7 | E61: 4 | F61: Hawaii 14 San José State 27 | G61: FINAL | H61: Nick A. | AH61: 302 | AI61: 223 | AJ61: 2 | AK61: FALSE | AL61: 100 | AM61: {=vlookup(C61,{DraftTracker!F:F,DraftTracker!E:E},2,0)} -> MWC | AN61: =VLOOKUP(AM61,P5G5!A:B,2,0) -> Group of 5 | AO61: =IFERROR(__xludf.DUMMYFUNCTION("iferror(if(not(iserror(find(""FINAL"",G61))),max(arrayformula(value(REGEXEXTRACT(F61,""^""&C61&"" ([\d]+)|[^a-zA-Z] ""&C61&"" ([\d]+)""))))=max(value(REGEXEXTRACT(F61,"" ([\d]+)"")),value(REGEXEXTRACT(F61,""([\d]+)$""))),""""))"),TRUE) -> TRUE
A62: 111 | B62: Josh | C62: Louisville | D62: 7 | E62: 5 | F62: Louisville 13 Kentucky 26 | G62: FINAL | H62: Nick G. | AH62: 326 | AI62: 242 | AJ62: 2 | AK62: TRUE | AL62: 100 | AM62: {=vlookup(C62,{DraftTracker!F:F,DraftTracker!E:E},2,0)} -> ACC | AN62: =VLOOKUP(AM62,P5G5!A:B,2,0) -> Power 5 | AO62: =IFERROR(__xludf.DUMMYFUNCTION("iferror(if(not(iserror(find(""FINAL"",G62))),max(arrayformula(value(REGEXEXTRACT(F62,""^""&C62&"" ([\d]+)|[^a-zA-Z] ""&C62&"" ([\d]+)""))))=max(value(REGEXEXTRACT(F62,"" ([\d]+)"")),value(REGEXEXTRACT(F62,""([\d]+)$""))),""""))"),FALSE) -> FALSE
A63: 111 | B63: Josh | C63: Akron | D63: 2 | E63: 10 | F63: Akron 44 Northern Illinois 12 | G63: FINAL | H63: Masa | AH63: 239 | AI63: 379 | AJ63: 2 | AK63: TRUE | AL63: 100 | AM63: {=vlookup(C63,{DraftTracker!F:F,DraftTracker!E:E},2,0)} -> MAC | AN63: =VLOOKUP(AM63,P5G5!A:B,2,0) -> Group of 5 | AO63: =IFERROR(__xludf.DUMMYFUNCTION("iferror(if(not(iserror(find(""FINAL"",G63))),max(arrayformula(value(REGEXEXTRACT(F63,""^""&C63&"" ([\d]+)|[^a-zA-Z] ""&C63&"" ([\d]+)""))))=max(value(REGEXEXTRACT(F63,"" ([\d]+)"")),value(REGEXEXTRACT(F63,""([\d]+)$""))),""""))"),TRUE) -> TRUE
A64: 111 | B64: Josh | C64: Rutgers | D64: 4 | E64: 8 | F64: Rutgers 0 Maryland 37 | G64: FINAL | H64: Janice/Mike | AH64: 209 | AI64: 351 | AJ64: 2 | AK64: TRUE | AL64: 100 | AM64: {=vlookup(C64,{DraftTracker!F:F,DraftTracker!E:E},2,0)} -> Pac12 | AN64: =VLOOKUP(AM64,P5G5!A:B,2,0) -> Power 5 | AO64: =IFERROR(__xludf.DUMMYFUNCTION("iferror(if(not(iserror(find(""FINAL"",G64))),max(arrayformula(value(REGEXEXTRACT(F64,""^""&C64&"" ([\d]+)|[^a-zA-Z] ""&C64&"" ([\d]+)""))))=max(value(REGEXEXTRACT(F64,"" ([\d]+)"")),value(REGEXEXTRACT(F64,""([\d]+)$""))),""""))"),FALSE) -> FALSE
A65: 111 | B65: Josh | C65: Nebraska | D65: 4 | E65: 8 | F65: Nebraska 24 Iowa 17 | G65: FINAL | H65: Justin | AH65: 271 | AI65: 331 | AJ65: 2 | AK65: TRUE | AL65: 100 | AM65: {=vlookup(C65,{DraftTracker!F:F,DraftTracker!E:E},2,0)} -> Big Ten | AN65: =VLOOKUP(AM65,P5G5!A:B,2,0) -> Power 5 | AO65: =IFERROR(__xludf.DUMMYFUNCTION("iferror(if(not(iserror(find(""FINAL"",G65))),max(arrayformula(value(REGEXEXTRACT(F65,""^""&C65&"" ([\d]+)|[^a-zA-Z] ""&C65&"" ([\d]+)""))))=max(value(REGEXEXTRACT(F65,"" ([\d]+)"")),value(REGEXEXTRACT(F65,""([\d]+)$""))),""""))"),TRUE) -> TRUE
A66: 111 | B66: Josh | C66: BYU | D66: 7 | E66: 5 | F66: BYU 1 at Stanford 0 | G66: FINAL | H66: Masa | I66: FS1 | AH66: 348 | AI66: 334 | AJ66: 3 | AK66: TRUE | AL66: 100 | AM66: {=vlookup(C66,{DraftTracker!F:F,DraftTracker!E:E},2,0)} -> Big 12 | AN66: =VLOOKUP(AM66,P5G5!A:B,2,0) -> Power 5 | AO66: =IFERROR(__xludf.DUMMYFUNCTION("iferror(if(not(iserror(find(""FINAL"",G66))),max(arrayformula(value(REGEXEXTRACT(F66,""^""&C66&"" ([\d]+)|[^a-zA-Z] ""&C66&"" ([\d]+)""))))=max(value(REGEXEXTRACT(F66,"" ([\d]+)"")),value(REGEXEXTRACT(F66,""([\d]+)$""))),""""))"),TRUE) -> TRUE
A67: 112 | AM67: {=vlookup(C67,{DraftTracker!F:F,DraftTracker!E:E},2,0)} -> #N/A | AN67: =VLOOKUP(AM67,P5G5!A:B,2,0) -> #N/A | AO67: =IFERROR(__xludf.DUMMYFUNCTION("iferror(if(not(iserror(find(""FINAL"",G67))),max(arrayformula(value(REGEXEXTRACT(F67,""^""&C67&"" ([\d]+)|[^a-zA-Z] ""&C67&"" ([\d]+)""))))=max(value(REGEXEXTRACT(F67,"" ([\d]+)"")),value(REGEXEXTRACT(F67,""([\d]+)$""))),""""))"),"")
A68: 113 | B68: Brad | C68: Memphis | D68: 6 | E68: 6 | F68: Memphis 31 SMU 34 | G68: FINAL | H68: Josh | I68: ESPN2 | AH68: 390 | AI68: 294 | AJ68: 0 | AK68: FALSE | AL68: -0.2 | AM68: {=vlookup(C68,{DraftTracker!F:F,DraftTracker!E:E},2,0)} -> AAC | AN68: =VLOOKUP(AM68,P5G5!A:B,2,0) -> Group of 5 | AO68: =IFERROR(__xludf.DUMMYFUNCTION("iferror(if(not(iserror(find(""FINAL"",G68))),max(arrayformula(value(REGEXEXTRACT(F68,""^""&C68&"" ([\d]+)|[^a-zA-Z] ""&C68&"" ([\d]+)""))))=max(value(REGEXEXTRACT(F68,"" ([\d]+)"")),value(REGEXEXTRACT(F68,""([\d]+)$""))),""""))"),FALSE) -> FALSE
A69: 113 | B69: Brad | C69: Penn State | D69: 10 | E69: 2 | F69: Michigan State 16 (10) Penn State 21 | G69: FINAL | H69: Masa | I69: FS1 | AH69: 395 | AI69: 200 | AJ69: 0 | AK69: FALSE | AL69: 9.8666667 | AM69: {=vlookup(C69,{DraftTracker!F:F,DraftTracker!E:E},2,0)} -> Big Ten | AN69: =VLOOKUP(AM69,P5G5!A:B,2,0) -> Power 5 | AO69: =IFERROR(__xludf.DUMMYFUNCTION("iferror(if(not(iserror(find(""FINAL"",G69))),max(arrayformula(value(REGEXEXTRACT(F69,""^""&C69&"" ([\d]+)|[^a-zA-Z] ""&C69&"" ([\d]+)""))))=max(value(REGEXEXTRACT(F69,"" ([\d]+)"")),value(REGEXEXTRACT(F69,""([\d]+)$""))),""""))"),TRUE) -> TRUE
A70: 113 | B70: Brad | C70: UL Lafayette | D70: 6 | E70: 6 | F70: UL Lafayette 26 Texas State 6 | G70: FINAL | H70: Vu | I70: espn+ | AH70: 283 | AI70: 261 | AJ70: 0 | AK70: FALSE | AL70: 26.583333 | AM70: {=vlookup(C70,{DraftTracker!F:F,DraftTracker!E:E},2,0)} -> Sun Belt | AN70: =VLOOKUP(AM70,P5G5!A:B,2,0) -> Group of 5 | AO70: =IFERROR(__xludf.DUMMYFUNCTION("iferror(if(not(iserror(find(""FINAL"",G70))),max(arrayformula(value(REGEXEXTRACT(F70,""^""&C70&"" ([\d]+)|[^a-zA-Z] ""&C70&"" ([\d]+)""))))=max(value(REGEXEXTRACT(F70,"" ([\d]+)"")),value(REGEXEXTRACT(F70,""([\d]+)$""))),""""))"),TRUE) -> TRUE
A71: 113 | B71: Brad | C71: Middle Tennessee | D71: 7 | E71: 5 | F71: Middle Tennessee 13 Florida Intl 0 | G71: FINAL | H71: Nick G. | I71: espn3 | AH71: 317 | AI71: 309 | AJ71: 0 | AK71: TRUE | AL71: 36.933333 | AM71: {=vlookup(C71,{DraftTracker!F:F,DraftTracker!E:E},2,0)} -> CUSA | AN71: =VLOOKUP(AM71,P5G5!A:B,2,0) -> Group of 5 | AO71: =IFERROR(__xludf.DUMMYFUNCTION("iferror(if(not(iserror(find(""FINAL"",G71))),max(arrayformula(value(REGEXEXTRACT(F71,""^""&C71&"" ([\d]+)|[^a-zA-Z] ""&C71&"" ([\d]+)""))))=max(value(REGEXEXTRACT(F71,"" ([\d]+)"")),value(REGEXEXTRACT(F71,""([\d]+)$""))),""""))"),TRUE) -> TRUE
A72: 113 | B72: Brad | C72: New Mexico State | D72: 6 | E72: 6 | F72: New Mexico State 49 Liberty 14 | G72: FINAL | H72: Nick A. | AH72: 242 | AI72: 289 | AJ72: 2 | AK72: FALSE | AL72: 100 | AM72: {=vlookup(C72,{DraftTracker!F:F,DraftTracker!E:E},2,0)} -> MWC | AN72: =VLOOKUP(AM72,P5G5!A:B,2,0) -> Group of 5 | AO72: =IFERROR(__xludf.DUMMYFUNCTION("iferror(if(not(iserror(find(""FINAL"",G72))),max(arrayformula(value(REGEXEXTRACT(F72,""^""&C72&"" ([\d]+)|[^a-zA-Z] ""&C72&"" ([\d]+)""))))=max(value(REGEXEXTRACT(F72,"" ([\d]+)"")),value(REGEXEXTRACT(F72,""([\d]+)$""))),""""))"),TRUE) -> TRUE
A73: 113 | B73: Brad | C73: Arizona State | D73: 3 | E73: 9 | F73: Arizona State 35 Arizona 38 | G73: FINAL | H73: Janice/Mike | AH73: 313 | AI73: 377 | AJ73: 2 | AK73: TRUE | AL73: 100 | AM73: {=vlookup(C73,{DraftTracker!F:F,DraftTracker!E:E},2,0)} -> Pac12 | AN73: =VLOOKUP(AM73,P5G5!A:B,2,0) -> Power 5 | AO73: =IFERROR(__xludf.DUMMYFUNCTION("iferror(if(not(iserror(find(""FINAL"",G73))),max(arrayformula(value(REGEXEXTRACT(F73,""^""&C73&"" ([\d]+)|[^a-zA-Z] ""&C73&"" ([\d]+)""))))=max(value(REGEXEXTRACT(F73,"" ([\d]+)"")),value(REGEXEXTRACT(F73,""([\d]+)$""))),""""))"),FALSE) -> FALSE
A74: 113 | B74: Brad | C74: Buffalo | D74: 6 | E74: 6 | F74: Kent State 30 Buffalo 27 | G74: FINAL | H74: Gary | AH74: 325 | AI74: 304 | AJ74: 2 | AK74: TRUE | AL74: 100 | AM74: {=vlookup(C74,{DraftTracker!F:F,DraftTracker!E:E},2,0)} -> MAC | AN74: =VLOOKUP(AM74,P5G5!A:B,2,0) -> Group of 5 | AO74: =IFERROR(__xludf.DUMMYFUNCTION("iferror(if(not(iserror(find(""FINAL"",G74))),max(arrayformula(value(REGEXEXTRACT(F74,""^""&C74&"" ([\d]+)|[^a-zA-Z] ""&C74&"" ([\d]+)""))))=max(value(REGEXEXTRACT(F74,"" ([\d]+)"")),value(REGEXEXTRACT(F74,""([\d]+)$""))),""""))"),FALSE) -> FALSE
A75: 113 | B75: Brad | C75: North Carolina | D75: 9 | E75: 3 | F75: NC State 30 (17) North Carolina 27 | G75: FINAL | H75: Nico | AH75: 445 | AI75: 364 | AJ75: 2 | AK75: TRUE | AL75: 100 | AM75: {=vlookup(C75,{DraftTracker!F:F,DraftTracker!E:E},2,0)} -> ACC | AN75: =VLOOKUP(AM75,P5G5!A:B,2,0) -> Power 5 | AO75: =IFERROR(__xludf.DUMMYFUNCTION("iferror(if(not(iserror(find(""FINAL"",G75))),max(arrayformula(value(REGEXEXTRACT(F75,""^""&C75&"" ([\d]+)|[^a-zA-Z] ""&C75&"" ([\d]+)""))))=max(value(REGEXEXTRACT(F75,"" ([\d]+)"")),value(REGEXEXTRACT(F75,""([\d]+)$""))),""""))"),FALSE) -> FALSE
A76: 113 | B76: Brad | C76: LSU | D76: 9 | E76: 3 | F76: (6) LSU 0 at Texas A&M 1 | G76: FINAL | H76: Vu | I76: ESPN | AH76: 367 | AI76: 220 | AJ76: 3 | AK76: FALSE | AL76: 100 | AM76: {=vlookup(C76,{DraftTracker!F:F,DraftTracker!E:E},2,0)} -> SEC | AN76: =VLOOKUP(AM76,P5G5!A:B,2,0) -> Power 5 | AO76: =IFERROR(__xludf.DUMMYFUNCTION("iferror(if(not(iserror(find(""FINAL"",G76))),max(arrayformula(value(REGEXEXTRACT(F76,""^""&C76&"" ([\d]+)|[^a-zA-Z] ""&C76&"" ([\d]+)""))))=max(value(REGEXEXTRACT(F76,"" ([\d]+)"")),value(REGEXEXTRACT(F76,""([\d]+)$""))),""""))"),FALSE) -> FALSE
A77: 113 | B77: Brad | C77: Notre Dame | D77: 8 | E77: 4 | F77: (15) Notre Dame 0 at (5) USC 1 | G77: FINAL | H77: Justin | I77: ABC | AH77: 341 | AI77: 223 | AJ77: 3 | AK77: TRUE | AL77: 100 | AM77: {=vlookup(C77,{DraftTracker!F:F,DraftTracker!E:E},2,0)} -> Big 12 | AN77: =VLOOKUP(AM77,P5G5!A:B,2,0) -> Power 5 | AO77: =IFERROR(__xludf.DUMMYFUNCTION("iferror(if(not(iserror(find(""FINAL"",G77))),max(arrayformula(value(REGEXEXTRACT(F77,""^""&C77&"" ([\d]+)|[^a-zA-Z] ""&C77&"" ([\d]+)""))))=max(value(REGEXEXTRACT(F77,"" ([\d]+)"")),value(REGEXEXTRACT(F77,""([\d]+)$""))),""""))"),FALSE) -> FALSE
A78: 114 | AM78: {=vlookup(C78,{DraftTracker!F:F,DraftTracker!E:E},2,0)} -> #N/A | AN78: =VLOOKUP(AM78,P5G5!A:B,2,0) -> #N/A | AO78: =IFERROR(__xludf.DUMMYFUNCTION("iferror(if(not(iserror(find(""FINAL"",G78))),max(arrayformula(value(REGEXEXTRACT(F78,""^""&C78&"" ([\d]+)|[^a-zA-Z] ""&C78&"" ([\d]+)""))))=max(value(REGEXEXTRACT(F78,"" ([\d]+)"")),value(REGEXEXTRACT(F78,""([\d]+)$""))),""""))"),"")
A79: 115 | B79: Gary | C79: Southern Mississippi | D79: 6 | E79: 6 | F79: Southern Mississippi 11 UL Monroe 10 | G79: FINAL | H79: Dan | I79: espn+ | AH79: 271 | AI79: 272 | AJ79: 0 | AK79: FALSE | AL79: 18.6 | AM79: {=vlookup(C79,{DraftTracker!F:F,DraftTracker!E:E},2,0)} -> CUSA | AN79: =VLOOKUP(AM79,P5G5!A:B,2,0) -> Group of 5 | AO79: =IFERROR(__xludf.DUMMYFUNCTION("iferror(if(not(iserror(find(""FINAL"",G79))),max(arrayformula(value(REGEXEXTRACT(F79,""^""&C79&"" ([\d]+)|[^a-zA-Z] ""&C79&"" ([\d]+)""))))=max(value(REGEXEXTRACT(F79,"" ([\d]+)"")),value(REGEXEXTRACT(F79,""([\d]+)$""))),""""))"),TRUE) -> TRUE
A80: 115 | B80: Gary | C80: Colorado | D80: 1 | E80: 11 | F80: (14) Utah 56 Colorado 14 | G80: FINAL | H80: Nico | I80: Pac-12 | AH80: 164 | AI80: 471 | AJ80: 0 | AK80: FALSE | AL80: 100 | AM80: {=vlookup(C80,{DraftTracker!F:F,DraftTracker!E:E},2,0)} -> Pac12 | AN80: =VLOOKUP(AM80,P5G5!A:B,2,0) -> Power 5 | AO80: =IFERROR(__xludf.DUMMYFUNCTION("iferror(if(not(iserror(find(""FINAL"",G80))),max(arrayformula(value(REGEXEXTRACT(F80,""^""&C80&"" ([\d]+)|[^a-zA-Z] ""&C80&"" ([\d]+)""))))=max(value(REGEXEXTRACT(F80,"" ([\d]+)"")),value(REGEXEXTRACT(F80,""([\d]+)$""))),""""))"),FALSE) -> FALSE
A81: 115 | B81: Gary | C81: Illinois | D81: 8 | E81: 4 | F81: Illinois 41 Northwestern 3 | G81: FINAL | H81: Nico | AH81: 305 | AI81: 147 | AJ81: 2 | AK81: TRUE | AL81: 100 | AM81: {=vlookup(C81,{DraftTracker!F:F,DraftTracker!E:E},2,0)} -> Big Ten | AN81: =VLOOKUP(AM81,P5G5!A:B,2,0) -> Power 5 | AO81: =IFERROR(__xludf.DUMMYFUNCTION("iferror(if(not(iserror(find(""FINAL"",G81))),max(arrayformula(value(REGEXEXTRACT(F81,""^""&C81&"" ([\d]+)|[^a-zA-Z] ""&C81&"" ([\d]+)""))))=max(value(REGEXEXTRACT(F81,"" ([\d]+)"")),value(REGEXEXTRACT(F81,""([\d]+)$""))),""""))"),TRUE) -> TRUE
A82: 115 | B82: Gary | C82: East Carolina | D82: 7 | E82: 5 | F82: East Carolina 49 Temple 46 | G82: FINAL | H82: Janice/Mike | AH82: 370 | AI82: 324 | AJ82: 2 | AK82: TRUE | AL82: 100 | AM82: {=vlookup(C82,{DraftTracker!F:F,DraftTracker!E:E},2,0)} -> AAC | AN82: =VLOOKUP(AM82,P5G5!A:B,2,0) -> Group of 5 | AO82: =IFERROR(__xludf.DUMMYFUNCTION("iferror(if(not(iserror(find(""FINAL"",G82))),max(arrayformula(value(REGEXEXTRACT(F82,""^""&C82&"" ([\d]+)|[^a-zA-Z] ""&C82&"" ([\d]+)""))))=max(value(REGEXEXTRACT(F82,"" ([\d]+)"")),value(REGEXEXTRACT(F82,""([\d]+)$""))),""""))"),TRUE) -> TRUE
A83: 115 | B83: Gary | C83: West Virginia | D83: 5 | E83: 7 | F83: West Virginia 24 Oklahoma State 19 | G83: FINAL | H83: Justin | AH83: 367 | AI83: 395 | AJ83: 2 | AK83: FALSE | AL83: 100 | AM83: {=vlookup(C83,{DraftTracker!F:F,DraftTracker!E:E},2,0)} -> Big 12 | AN83: =VLOOKUP(AM83,P5G5!A:B,2,0) -> Power 5 | AO83: =IFERROR(__xludf.DUMMYFUNCTION("iferror(if(not(iserror(find(""FINAL"",G83))),max(arrayformula(value(REGEXEXTRACT(F83,""^""&C83&"" ([\d]+)|[^a-zA-Z] ""&C83&"" ([\d]+)""))))=max(value(REGEXEXTRACT(F83,"" ([\d]+)"")),value(REGEXEXTRACT(F83,""([\d]+)$""))),""""))"),TRUE) -> TRUE
A84: 115 | B84: Gary | C84: Coastal Carolina | D84: 9 | E84: 2 | F84: (23) Coastal Carolina 7 James Madison 47 | G84: FINAL | H84: Justin | AH84: 323 | AI84: 316 | AJ84: 2 | AK84: FALSE | AL84: 100 | AM84: {=vlookup(C84,{DraftTracker!F:F,DraftTracker!E:E},2,0)} -> Sun Belt | AN84: =VLOOKUP(AM84,P5G5!A:B,2,0) -> Group of 5 | AO84: =IFERROR(__xludf.DUMMYFUNCTION("iferror(if(not(iserror(find(""FINAL"",G84))),max(arrayformula(value(REGEXEXTRACT(F84,""^""&C84&"" ([\d]+)|[^a-zA-Z] ""&C84&"" ([\d]+)""))))=max(value(REGEXEXTRACT(F84,"" ([\d]+)"")),value(REGEXEXTRACT(F84,""([\d]+)$""))),""""))"),FALSE) -> FALSE
A85: 115 | B85: Gary | C85: Fresno State | D85: 8 | E85: 4 | F85: Wyoming 0 Fresno State 30 | G85: FINAL | H85: Nico | AH85: 371 | AI85: 250 | AJ85: 2 | AK85: FALSE | AL85: 100 | AM85: {=vlookup(C85,{DraftTracker!F:F,DraftTracker!E:E},2,0)} -> MWC | AN85: =VLOOKUP(AM85,P5G5!A:B,2,0) -> Group of 5 | AO85: =IFERROR(__xludf.DUMMYFUNCTION("iferror(if(not(iserror(find(""FINAL"",G85))),max(arrayformula(value(REGEXEXTRACT(F85,""^""&C85&"" ([\d]+)|[^a-zA-Z] ""&C85&"" ([\d]+)""))))=max(value(REGEXEXTRACT(F85,"" ([\d]+)"")),value(REGEXEXTRACT(F85,""([\d]+)$""))),""""))"),TRUE) -> TRUE
A86: 115 | B86: Gary | C86: Florida | D86: 6 | E86: 6 | F86: Florida 38 (16) Florida State 45 | G86: FINAL | H86: Janice/Mike | AH86: 381 | AI86: 345 | AJ86: 2 | AK86: FALSE | AL86: 100 | AM86: {=vlookup(C86,{DraftTracker!F:F,DraftTracker!E:E},2,0)} -> SEC | AN86: =VLOOKUP(AM86,P5G5!A:B,2,0) -> Power 5 | AO86: =IFERROR(__xludf.DUMMYFUNCTION("iferror(if(not(iserror(find(""FINAL"",G86))),max(arrayformula(value(REGEXEXTRACT(F86,""^""&C86&"" ([\d]+)|[^a-zA-Z] ""&C86&"" ([\d]+)""))))=max(value(REGEXEXTRACT(F86,"" ([\d]+)"")),value(REGEXEXTRACT(F86,""([\d]+)$""))),""""))"),FALSE) -> FALSE
A87: 115 | B87: Gary | C87: Kent State | D87: 5 | E87: 7 | F87: Kent State 30 Buffalo 27 | G87: FINAL | H87: Brad | AH87: 341 | AI87: 348 | AJ87: 2 | AK87: FALSE | AL87: 100 | AM87: {=vlookup(C87,{DraftTracker!F:F,DraftTracker!E:E},2,0)} -> MAC | AN87: =VLOOKUP(AM87,P5G5!A:B,2,0) -> Group of 5 | AO87: =IFERROR(__xludf.DUMMYFUNCTION("iferror(if(not(iserror(find(""FINAL"",G87))),max(arrayformula(value(REGEXEXTRACT(F87,""^""&C87&"" ([\d]+)|[^a-zA-Z] ""&C87&"" ([\d]+)""))))=max(value(REGEXEXTRACT(F87,"" ([\d]+)"")),value(REGEXEXTRACT(F87,""([\d]+)$""))),""""))"),TRUE) -> TRUE
A88: 115 | B88: Gary | C88: Miami | D88: 5 | E88: 7 | F88: Pittsburgh 1 at Miami 0 | G88: FINAL | H88: Nick A. | I88: ACCN | AH88: 267 | AI88: 279 | AJ88: 3 | AK88: FALSE | AL88: 100 | AM88: {=vlookup(C88,{DraftTracker!F:F,DraftTracker!E:E},2,0)} -> ACC | AN88: =VLOOKUP(AM88,P5G5!A:B,2,0) -> Power 5 | AO88: =IFERROR(__xludf.DUMMYFUNCTION("iferror(if(not(iserror(find(""FINAL"",G88))),max(arrayformula(value(REGEXEXTRACT(F88,""^""&C88&"" ([\d]+)|[^a-zA-Z] ""&C88&"" ([\d]+)""))))=max(value(REGEXEXTRACT(F88,"" ([\d]+)"")),value(REGEXEXTRACT(F88,""([\d]+)$""))),""""))"),"")
A89: 116 | AM89: {=vlookup(C89,{DraftTracker!F:F,DraftTracker!E:E},2,0)} -> #N/A | AN89: =VLOOKUP(AM89,P5G5!A:B,2,0) -> #N/A | AO89: =IFERROR(__xludf.DUMMYFUNCTION("iferror(if(not(iserror(find(""FINAL"",G89))),max(arrayformula(value(REGEXEXTRACT(F89,""^""&C89&"" ([\d]+)|[^a-zA-Z] ""&C89&"" ([\d]+)""))))=max(value(REGEXEXTRACT(F89,"" ([\d]+)"")),value(REGEXEXTRACT(F89,""([\d]+)$""))),""""))"),"")
A90: 117 | B90: Nick A. | C90: Auburn | D90: 5 | E90: 7 | F90: Auburn 27 (7) Alabama 42 | G90: FINAL | H90: Josh | I90: CBS | AH90: 270 | AI90: 305 | AJ90: 0 | AK90: TRUE | AL90: 1.0666667 | AM90: {=vlookup(C90,{DraftTracker!F:F,DraftTracker!E:E},2,0)} -> SEC | AN90: =VLOOKUP(AM90,P5G5!A:B,2,0) -> Power 5 | AO90: =IFERROR(__xludf.DUMMYFUNCTION("iferror(if(not(iserror(find(""FINAL"",G90))),max(arrayformula(value(REGEXEXTRACT(F90,""^""&C90&"" ([\d]+)|[^a-zA-Z] ""&C90&"" ([\d]+)""))))=max(value(REGEXEXTRACT(F90,"" ([\d]+)"")),value(REGEXEXTRACT(F90,""([\d]+)$""))),""""))"),FALSE) -> FALSE
A91: 117 | B91: Nick A. | C91: Louisiana Tech | D91: 3 | E91: 9 | F91: UAB 37 Louisiana Tech 27 | G91: FINAL | H91: Janice/Mike | I91: CBSSN | AH91: 321 | AI91: 418 | AJ91: 0 | AK91: FALSE | AL91: 1.15 | AM91: {=vlookup(C91,{DraftTracker!F:F,DraftTracker!E:E},2,0)} -> CUSA | AN91: =VLOOKUP(AM91,P5G5!A:B,2,0) -> Group of 5 | AO91: =IFERROR(__xludf.DUMMYFUNCTION("iferror(if(not(iserror(find(""FINAL"",G91))),max(arrayformula(value(REGEXEXTRACT(F91,""^""&C91&"" ([\d]+)|[^a-zA-Z] ""&C91&"" ([\d]+)""))))=max(value(REGEXEXTRACT(F91,"" ([\d]+)"")),value(REGEXEXTRACT(F91,""([\d]+)$""))),""""))"),FALSE) -> FALSE
A92: 117 | B92: Nick A. | C92: Indiana | D92: 4 | E92: 8 | F92: Purdue 30 Indiana 16 | G92: FINAL | H92: Vu | AH92: 279 | AI92: 407 | AJ92: 2 | AK92: TRUE | AL92: 100 | AM92: {=vlookup(C92,{DraftTracker!F:F,DraftTracker!E:E},2,0)} -> Big Ten | AN92: =VLOOKUP(AM92,P5G5!A:B,2,0) -> Power 5 | AO92: =IFERROR(__xludf.DUMMYFUNCTION("iferror(if(not(iserror(find(""FINAL"",G92))),max(arrayformula(value(REGEXEXTRACT(F92,""^""&C92&"" ([\d]+)|[^a-zA-Z] ""&C92&"" ([\d]+)""))))=max(value(REGEXEXTRACT(F92,"" ([\d]+)"")),value(REGEXEXTRACT(F92,""([\d]+)$""))),""""))"),FALSE) -> FALSE
A93: 117 | B93: Nick A. | C93: Hawaii | D93: 3 | E93: 10 | F93: Hawaii 14 San José State 27 | G93: FINAL | H93: Josh | AH93: 257 | AI93: 451 | AJ93: 2 | AK93: TRUE | AL93: 100 | AM93: {=vlookup(C93,{DraftTracker!F:F,DraftTracker!E:E},2,0)} -> MWC | AN93: =VLOOKUP(AM93,P5G5!A:B,2,0) -> Group of 5 | AO93: =IFERROR(__xludf.DUMMYFUNCTION("iferror(if(not(iserror(find(""FINAL"",G93))),max(arrayformula(value(REGEXEXTRACT(F93,""^""&C93&"" ([\d]+)|[^a-zA-Z] ""&C93&"" ([\d]+)""))))=max(value(REGEXEXTRACT(F93,"" ([\d]+)"")),value(REGEXEXTRACT(F93,""([\d]+)$""))),""""))"),FALSE) -> FALSE
A94: 117 | B94: Nick A. | C94: Liberty | D94: 8 | E94: 4 | F94: New Mexico State 49 Liberty 14 | G94: FINAL | H94: Brad | AH94: 339 | AI94: 299 | AJ94: 2 | AK94: TRUE | AL94: 100 | AM94: {=vlookup(C94,{DraftTracker!F:F,DraftTracker!E:E},2,0)} -> MAC | AN94: =VLOOKUP(AM94,P5G5!A:B,2,0) -> Group of 5 | AO94: =IFERROR(__xludf.DUMMYFUNCTION("iferror(if(not(iserror(find(""FINAL"",G94))),max(arrayformula(value(REGEXEXTRACT(F94,""^""&C94&"" ([\d]+)|[^a-zA-Z] ""&C94&"" ([\d]+)""))))=max(value(REGEXEXTRACT(F94,"" ([\d]+)"")),value(REGEXEXTRACT(F94,""([\d]+)$""))),""""))"),FALSE) -> FALSE
A95: 117 | B95: Nick A. | C95: Marshall | D95: 8 | E95: 4 | F95: Georgia State 23 Marshall 28 | G95: FINAL | H95: Janice/Mike | AH95: 290 | AI95: 194 | AJ95: 2 | AK95: FALSE | AL95: 100 | AM95: {=vlookup(C95,{DraftTracker!F:F,DraftTracker!E:E},2,0)} -> Sun Belt | AN95: =VLOOKUP(AM95,P5G5!A:B,2,0) -> Group of 5 | AO95: =IFERROR(__xludf.DUMMYFUNCTION("iferror(if(not(iserror(find(""FINAL"",G95))),max(arrayformula(value(REGEXEXTRACT(F95,""^""&C95&"" ([\d]+)|[^a-zA-Z] ""&C95&"" ([\d]+)""))))=max(value(REGEXEXTRACT(F95,"" ([\d]+)"")),value(REGEXEXTRACT(F95,""([\d]+)$""))),""""))"),TRUE) -> TRUE
A96: 117 | B96: Nick A. | C96: Army | D96: 6 | E96: 6 | F96: Army 44 UMASS 7 | G96: FINAL | H96: Vu | AH96: 323 | AI96: 253 | AJ96: 2 | AK96: TRUE | AL96: 100 | AM96: {=vlookup(C96,{DraftTracker!F:F,DraftTracker!E:E},2,0)} -> AAC | AN96: =VLOOKUP(AM96,P5G5!A:B,2,0) -> Group of 5 | AO96: =IFERROR(__xludf.DUMMYFUNCTION("iferror(if(not(iserror(find(""FINAL"",G96))),max(arrayformula(value(REGEXEXTRACT(F96,""^""&C96&"" ([\d]+)|[^a-zA-Z] ""&C96&"" ([\d]+)""))))=max(value(REGEXEXTRACT(F96,"" ([\d]+)"")),value(REGEXEXTRACT(F96,""([\d]+)$""))),""""))"),TRUE) -> TRUE
A97: 117 | B97: Nick A. | C97: California | D97: 4 | E97: 8 | F97: (18) UCLA 35 California 28 | G97: FINAL | H97: DavEmily | AH97: 287 | AI97: 334 | AJ97: 2 | AK97: FALSE | AL97: 100 | AM97: {=vlookup(C97,{DraftTracker!F:F,DraftTracker!E:E},2,0)} -> Pac12 | AN97: =VLOOKUP(AM97,P5G5!A:B,2,0) -> Power 5 | AO97: =IFERROR(__xludf.DUMMYFUNCTION("iferror(if(not(iserror(find(""FINAL"",G97))),max(arrayformula(value(REGEXEXTRACT(F97,""^""&C97&"" ([\d]+)|[^a-zA-Z] ""&C97&"" ([\d]+)""))))=max(value(REGEXEXTRACT(F97,"" ([\d]+)"")),value(REGEXEXTRACT(F97,""([\d]+)$""))),""""))"),FALSE) -> FALSE
A98: 117 | B98: Nick A. | C98: Texas | D98: 8 | E98: 4 | F98: Baylor 27 (24) Texas 38 | G98: FINAL | H98: Nico | AH98: 428 | AI98: 254 | AJ98: 2 | AK98: TRUE | AL98: 100 | AM98: {=vlookup(C98,{DraftTracker!F:F,DraftTracker!E:E},2,0)} -> Big 12 | AN98: =VLOOKUP(AM98,P5G5!A:B,2,0) -> Power 5 | AO98: =IFERROR(__xludf.DUMMYFUNCTION("iferror(if(not(iserror(find(""FINAL"",G98))),max(arrayformula(value(REGEXEXTRACT(F98,""^""&C98&"" ([\d]+)|[^a-zA-Z] ""&C98&"" ([\d]+)""))))=max(value(REGEXEXTRACT(F98,"" ([\d]+)"")),value(REGEXEXTRACT(F98,""([\d]+)$""))),""""))"),TRUE) -> TRUE
A99: 117 | B99: Nick A. | C99: Pittsburgh | D99: 8 | E99: 4 | F99: Pittsburgh 1 at Miami 0 | G99: FINAL | H99: Gary | I99: ACCN | AH99: 328 | AI99: 265 | AJ99: 3 | AK99: TRUE | AL99: 100 | AM99: {=vlookup(C99,{DraftTracker!F:F,DraftTracker!E:E},2,0)} -> ACC | AN99: =VLOOKUP(AM99,P5G5!A:B,2,0) -> Power 5 | AO99: =IFERROR(__xludf.DUMMYFUNCTION("iferror(if(not(iserror(find(""FINAL"",G99))),max(arrayformula(value(REGEXEXTRACT(F99,""^""&C99&"" ([\d]+)|[^a-zA-Z] ""&C99&"" ([\d]+)""))))=max(value(REGEXEXTRACT(F99,"" ([\d]+)"")),value(REGEXEXTRACT(F99,""([\d]+)$""))),""""))"),TRUE) -> TRUE
A100: 118 | AM100: {=vlookup(C100,{DraftTracker!F:F,DraftTracker!E:E},2,0)} -> #N/A | AN100: =VLOOKUP(AM100,P5G5!A:B,2,0) -> #N/A | AO100: =IFERROR(__xludf.DUMMYFUNCTION("iferror(if(not(iserror(find(""FINAL"",G100))),max(arrayformula(value(REGEXEXTRACT(F100,""^""&C100&"" ([\d]+)|[^a-zA-Z] ""&C100&"" ([\d]+)""))))=max(value(REGEXEXTRACT(F100,"" ([\d]+)"")),value(REGEXEXTRACT(F100,""([\d]+)$""))),""""))"),"")
...

Sheet Active Games
A1: Game | B1: Status | C1: Player Matchup | D1: Network | E1: Spread Comp | F1: Spread | G1: Total | H1: sort2 | I1: sort1 | J1: Comp | K1: other | L1: dif | M1: line
A2: =IFERROR(__xludf.DUMMYFUNCTION("iferror(sort({FILTER('Current Week'!F:G,'Current Week'!AK:AK=FALSE,'Current Week'!F:F<>"""",'Current Week'!AL:AL<100),ARRAYFORMULA(if(FILTER('Current Week'!H:H,'Current Week'!AK:AK=FALSE,'Current Week'!F:F<>"""",'Current Week'!AL:AL<100)="""","""",FILTER("&"'Current Week'!H:H,'Current Week'!AK:AK=FALSE,'Current Week'!F:F<>"""",'Current Week'!AL:AL<100)&"" vs "")&FILTER('Current Week'!B:B,'Current Week'!AK:AK=FALSE,'Current Week'!F:F<>"""",'Current Week'!AL:AL<100)),FILTER('Current Week'!I:I,'Current Week'!AK"&":AK=FALSE,'Current Week'!F:F<>"""",'Current Week'!AL:AL<100),FILTER('Current Week'!C:C,'Current Week'!AK:AK=FALSE,'Current Week'!F:F<>"""",'Current Week'!AL:AL<100),FILTER('Current Week'!J:K,'Current Week'!AK:AK=FALSE,'Current Week'!F:F<>"""",'Current Wee"&"k'!AL:AL<100),FILTER('Current Week'!AL:AL,'Current Week'!AK:AK=FALSE,'Current Week'!F:F<>"""",'Current Week'!AL:AL<100),FILTER('Current Week'!AJ:AJ,'Current Week'!AK:AK=FALSE,'Current Week'!F:F<>"""",'Current Week'!AL:AL<100)},9,1,8,1,2,1),""No Active Gam"&"es"")"),"Memphis 31 SMU 34") -> Memphis 31 SMU 34 | B2: =IFERROR(__xludf.DUMMYFUNCTION("""COMPUTED_VALUE"""),"FINAL") -> FINAL | C2: =IFERROR(__xludf.DUMMYFUNCTION("""COMPUTED_VALUE"""),"Josh vs Brad") -> Josh vs Brad | D2: =IFERROR(__xludf.DUMMYFUNCTION("""COMPUTED_VALUE"""),"ESPN2") -> ESPN2 | E2: =IFERROR(__xludf.DUMMYFUNCTION("""COMPUTED_VALUE"""),"Memphis") -> Memphis | H2: =IFERROR(__xludf.DUMMYFUNCTION("""COMPUTED_VALUE"""),-0.20000000000000284) -> -0.2 | I2: =IFERROR(__xludf.DUMMYFUNCTION("""COMPUTED_VALUE"""),0.0) -> 0 | J2: =IFERROR(__xludf.DUMMYFUNCTION("arrayformula(if(A2:A586="""","""",REGEXEXTRACT(A2:A586,E2:E586&"" (\d*)"")))"),"31") -> 31 | K2: =IFERROR(__xludf.DUMMYFUNCTION("arrayformula(if(A2:A586="""","""",REGEXEXTRACT(mid(A2:A586,if(FIND(E2:E586,A2:A586)=1,len(E2:E586)+1,1),99),""\w+ (\d+)"")))"),"34") -> 34 | L2: {=if(A2:A586="","",J2:J586-K2:K586)} -> -3 | M2: {=if(A2:A586="","",if(F2:F586="",-30,F2:F586))} -> -30
A3: =IFERROR(__xludf.DUMMYFUNCTION("""COMPUTED_VALUE"""),"Minnesota 23 Wisconsin 16") -> Minnesota 23 Wisconsin 16 | B3: =IFERROR(__xludf.DUMMYFUNCTION("""COMPUTED_VALUE"""),"FINAL") -> FINAL | C3: =IFERROR(__xludf.DUMMYFUNCTION("""COMPUTED_VALUE"""),"DavEmily vs Dan") -> DavEmily vs Dan | D3: =IFERROR(__xludf.DUMMYFUNCTION("""COMPUTED_VALUE"""),"ESPN") -> ESPN | E3: =IFERROR(__xludf.DUMMYFUNCTION("""COMPUTED_VALUE"""),"Wisconsin") -> Wisconsin | H3: =IFERROR(__xludf.DUMMYFUNCTION("""COMPUTED_VALUE"""),0.29999999999999716) -> 0.3 | I3: =IFERROR(__xludf.DUMMYFUNCTION("""COMPUTED_VALUE"""),0.0) -> 0 | J3: =IFERROR(__xludf.DUMMYFUNCTION("""COMPUTED_VALUE"""),"16") -> 16 | K3: =IFERROR(__xludf.DUMMYFUNCTION("""COMPUTED_VALUE"""),"23") -> 23 | L3: -7 | M3: -30
A4: =IFERROR(__xludf.DUMMYFUNCTION("""COMPUTED_VALUE"""),"Auburn 27 (7) Alabama 42") -> Auburn 27 (7) Alabama 42 | B4: =IFERROR(__xludf.DUMMYFUNCTION("""COMPUTED_VALUE"""),"FINAL") -> FINAL | C4: =IFERROR(__xludf.DUMMYFUNCTION("""COMPUTED_VALUE"""),"Nick A. vs Josh") -> Nick A. vs Josh | D4: =IFERROR(__xludf.DUMMYFUNCTION("""COMPUTED_VALUE"""),"CBS") -> CBS | E4: =IFERROR(__xludf.DUMMYFUNCTION("""COMPUTED_VALUE"""),"Alabama") -> Alabama | H4: =IFERROR(__xludf.DUMMYFUNCTION("""COMPUTED_VALUE"""),1.06666666666667) -> 1.0666667 | I4: =IFERROR(__xludf.DUMMYFUNCTION("""COMPUTED_VALUE"""),0.0) -> 0 | J4: =IFERROR(__xludf.DUMMYFUNCTION("""COMPUTED_VALUE"""),"42") -> 42 | K4: =IFERROR(__xludf.DUMMYFUNCTION("""COMPUTED_VALUE"""),"27") -> 27 | L4: 15 | M4: -30
A5: =IFERROR(__xludf.DUMMYFUNCTION("""COMPUTED_VALUE"""),"UAB 37 Louisiana Tech 27") -> UAB 37 Louisiana Tech 27 | B5: =IFERROR(__xludf.DUMMYFUNCTION("""COMPUTED_VALUE"""),"FINAL ") -> FINAL | C5: =IFERROR(__xludf.DUMMYFUNCTION("""COMPUTED_VALUE"""),"Janice/Mike vs Nick A.") -> Janice/Mike vs Nick A. | D5: =IFERROR(__xludf.DUMMYFUNCTION("""COMPUTED_VALUE"""),"CBSSN") -> CBSSN | E5: =IFERROR(__xludf.DUMMYFUNCTION("""COMPUTED_VALUE"""),"Louisiana Tech") -> Louisiana Tech | H5: =IFERROR(__xludf.DUMMYFUNCTION("""COMPUTED_VALUE"""),1.1499999999999986) -> 1.15 | I5: =IFERROR(__xludf.DUMMYFUNCTION("""COMPUTED_VALUE"""),0.0) -> 0 | J5: =IFERROR(__xludf.DUMMYFUNCTION("""COMPUTED_VALUE"""),"27") -> 27 | K5: =IFERROR(__xludf.DUMMYFUNCTION("""COMPUTED_VALUE"""),"37") -> 37 | L5: -10 | M5: -30
A6: =IFERROR(__xludf.DUMMYFUNCTION("""COMPUTED_VALUE"""),"(9) Oregon 34 (22) Oregon State 38") -> (9) Oregon 34 (22) Oregon State 38 | B6: =IFERROR(__xludf.DUMMYFUNCTION("""COMPUTED_VALUE"""),"FINAL") -> FINAL | C6: =IFERROR(__xludf.DUMMYFUNCTION("""COMPUTED_VALUE"""),"Nick G. vs Jeannine") -> Nick G. vs Jeannine | D6: =IFERROR(__xludf.DUMMYFUNCTION("""COMPUTED_VALUE"""),"ABC") -> ABC | E6: =IFERROR(__xludf.DUMMYFUNCTION("""COMPUTED_VALUE"""),"Oregon") -> Oregon | H6: =IFERROR(__xludf.DUMMYFUNCTION("""COMPUTED_VALUE"""),7.18333333333333) -> 7.1833333 | I6: =IFERROR(__xludf.DUMMYFUNCTION("""COMPUTED_VALUE"""),0.0) -> 0 | J6: =IFERROR(__xludf.DUMMYFUNCTION("""COMPUTED_VALUE"""),"34") -> 34 | K6: =IFERROR(__xludf.DUMMYFUNCTION("""COMPUTED_VALUE"""),"34") -> 34 | L6: 0 | M6: -30
A7: =IFERROR(__xludf.DUMMYFUNCTION("""COMPUTED_VALUE"""),"Michigan State 16 (10) Penn State 21") -> Michigan State 16 (10) Penn State 21 | B7: =IFERROR(__xludf.DUMMYFUNCTION("""COMPUTED_VALUE"""),"FINAL") -> FINAL | C7: =IFERROR(__xludf.DUMMYFUNCTION("""COMPUTED_VALUE"""),"Masa vs Brad") -> Masa vs Brad | D7: =IFERROR(__xludf.DUMMYFUNCTION("""COMPUTED_VALUE"""),"FS1") -> FS1 | E7: =IFERROR(__xludf.DUMMYFUNCTION("""COMPUTED_VALUE"""),"Penn State") -> Penn State | H7: =IFERROR(__xludf.DUMMYFUNCTION("""COMPUTED_VALUE"""),9.866666666666667) -> 9.8666667 | I7: =IFERROR(__xludf.DUMMYFUNCTION("""COMPUTED_VALUE"""),0.0) -> 0 | J7: =IFERROR(__xludf.DUMMYFUNCTION("""COMPUTED_VALUE"""),"21") -> 21 | K7: =IFERROR(__xludf.DUMMYFUNCTION("""COMPUTED_VALUE"""),"16") -> 16 | L7: 5 | M7: -30
A8: =IFERROR(__xludf.DUMMYFUNCTION("""COMPUTED_VALUE"""),"Iowa State 7 (4) TCU 55") -> Iowa State 7 (4) TCU 55 | B8: =IFERROR(__xludf.DUMMYFUNCTION("""COMPUTED_VALUE"""),"FINAL") -> FINAL | C8: =IFERROR(__xludf.DUMMYFUNCTION("""COMPUTED_VALUE"""),"Janice/Mike vs Vu") -> Janice/Mike vs Vu | D8: =IFERROR(__xludf.DUMMYFUNCTION("""COMPUTED_VALUE"""),"FOX") -> FOX | E8: =IFERROR(__xludf.DUMMYFUNCTION("""COMPUTED_VALUE"""),"Iowa State") -> Iowa State | H8: =IFERROR(__xludf.DUMMYFUNCTION("""COMPUTED_VALUE"""),13.833333333333336) -> 13.833333 | I8: =IFERROR(__xludf.DUMMYFUNCTION("""COMPUTED_VALUE"""),0.0) -> 0 | J8: =IFERROR(__xludf.DUMMYFUNCTION("""COMPUTED_VALUE"""),"7") -> 7 | K8: =IFERROR(__xludf.DUMMYFUNCTION("""COMPUTED_VALUE"""),"55") -> 55 | L8: -48 | M8: -30
A9: =IFERROR(__xludf.DUMMYFUNCTION("""COMPUTED_VALUE"""),"Southern Mississippi 11 UL Monroe 10") -> Southern Mississippi 11 UL Monroe 10 | B9: =IFERROR(__xludf.DUMMYFUNCTION("""COMPUTED_VALUE"""),"FINAL ") -> FINAL | C9: =IFERROR(__xludf.DUMMYFUNCTION("""COMPUTED_VALUE"""),"Dan vs Gary") -> Dan vs Gary | D9: =IFERROR(__xludf.DUMMYFUNCTION("""COMPUTED_VALUE"""),"espn+") -> espn+ | E9: =IFERROR(__xludf.DUMMYFUNCTION("""COMPUTED_VALUE"""),"Southern Mississippi") -> Southern Mississippi | H9: =IFERROR(__xludf.DUMMYFUNCTION("""COMPUTED_VALUE"""),18.6) -> 18.6 | I9: =IFERROR(__xludf.DUMMYFUNCTION("""COMPUTED_VALUE"""),0.0) -> 0 | J9: =IFERROR(__xludf.DUMMYFUNCTION("""COMPUTED_VALUE"""),"11") -> 11 | K9: =IFERROR(__xludf.DUMMYFUNCTION("""COMPUTED_VALUE"""),"10") -> 10 | L9: 1 | M9: -30
A10: =IFERROR(__xludf.DUMMYFUNCTION("""COMPUTED_VALUE"""),"UL Lafayette 26 Texas State 6") -> UL Lafayette 26 Texas State 6 | B10: =IFERROR(__xludf.DUMMYFUNCTION("""COMPUTED_VALUE"""),"FINAL") -> FINAL | C10: =IFERROR(__xludf.DUMMYFUNCTION("""COMPUTED_VALUE"""),"Vu vs Brad") -> Vu vs Brad | D10: =IFERROR(__xludf.DUMMYFUNCTION("""COMPUTED_VALUE"""),"espn+") -> espn+ | E10: =IFERROR(__xludf.DUMMYFUNCTION("""COMPUTED_VALUE"""),"UL Lafayette") -> UL Lafayette | H10: =IFERROR(__xludf.DUMMYFUNCTION("""COMPUTED_VALUE"""),26.583333333333336) -> 26.583333 | I10: =IFERROR(__xludf.DUMMYFUNCTION("""COMPUTED_VALUE"""),0.0) -> 0 | J10: =IFERROR(__xludf.DUMMYFUNCTION("""COMPUTED_VALUE"""),"26") -> 26 | K10: =IFERROR(__xludf.DUMMYFUNCTION("""COMPUTED_VALUE"""),"6") -> 6 | L10: 20 | M10: -30
A11: =IFERROR(__xludf.DUMMYFUNCTION("""COMPUTED_VALUE"""),"Middle Tennessee 13 Florida Intl 0") -> Middle Tennessee 13 Florida Intl 0 | B11: =IFERROR(__xludf.DUMMYFUNCTION("""COMPUTED_VALUE"""),"FINAL ") -> FINAL | C11: =IFERROR(__xludf.DUMMYFUNCTION("""COMPUTED_VALUE"""),"Brad vs Nick G.") -> Brad vs Nick G. | E11: =IFERROR(__xludf.DUMMYFUNCTION("""COMPUTED_VALUE"""),"Florida Intl") -> Florida Intl | H11: =IFERROR(__xludf.DUMMYFUNCTION("""COMPUTED_VALUE"""),36.93333333333334) -> 36.933333 | I11: =IFERROR(__xludf.DUMMYFUNCTION("""COMPUTED_VALUE"""),0.0) -> 0 | J11: =IFERROR(__xludf.DUMMYFUNCTION("""COMPUTED_VALUE"""),"0") -> 0 | K11: =IFERROR(__xludf.DUMMYFUNCTION("""COMPUTED_VALUE"""),"13") -> 13 | L11: -13 | M11: -30
A12: =IFERROR(__xludf.DUMMYFUNCTION("""COMPUTED_VALUE"""),"Appalachian State 13 Georgia Southern 7") -> Appalachian State 13 Georgia Southern 7 | B12: =IFERROR(__xludf.DUMMYFUNCTION("""COMPUTED_VALUE"""),"FINAL ") -> FINAL | C12: =IFERROR(__xludf.DUMMYFUNCTION("""COMPUTED_VALUE"""),"DavEmily vs Nick G.") -> DavEmily vs Nick G. | D12: =IFERROR(__xludf.DUMMYFUNCTION("""COMPUTED_VALUE"""),"espn+") -> espn+ | E12: =IFERROR(__xludf.DUMMYFUNCTION("""COMPUTED_VALUE"""),"Appalachian State") -> Appalachian State | H12: =IFERROR(__xludf.DUMMYFUNCTION("""COMPUTED_VALUE"""),39.6) -> 39.6 | I12: =IFERROR(__xludf.DUMMYFUNCTION("""COMPUTED_VALUE"""),0.0) -> 0 | J12: =IFERROR(__xludf.DUMMYFUNCTION("""COMPUTED_VALUE"""),"13") -> 13 | K12: =IFERROR(__xludf.DUMMYFUNCTION("""COMPUTED_VALUE"""),"7") -> 7 | L12: 6 | M12: -30
A13: =IFERROR(__xludf.DUMMYFUNCTION("""COMPUTED_VALUE"""),"Nevada 15 UNLV 14") -> Nevada 15 UNLV 14 | B13: =IFERROR(__xludf.DUMMYFUNCTION("""COMPUTED_VALUE"""),"FINAL ") -> FINAL | C13: =IFERROR(__xludf.DUMMYFUNCTION("""COMPUTED_VALUE"""),"Jeannine vs Nick G.") -> Jeannine vs Nick G. | D13: =IFERROR(__xludf.DUMMYFUNCTION("""COMPUTED_VALUE"""),"MWC") -> MWC | E13: =IFERROR(__xludf.DUMMYFUNCTION("""COMPUTED_VALUE"""),"UNLV") -> UNLV | H13: =IFERROR(__xludf.DUMMYFUNCTION("""COMPUTED_VALUE"""),40.46666666666667) -> 40.466667 | I13: =IFERROR(__xludf.DUMMYFUNCTION("""COMPUTED_VALUE"""),0.0) -> 0 | J13: =IFERROR(__xludf.DUMMYFUNCTION("""COMPUTED_VALUE"""),"14") -> 14 | K13: =IFERROR(__xludf.DUMMYFUNCTION("""COMPUTED_VALUE"""),"15") -> 15 | L13: -1 | M13: -30
A14: =IFERROR(__xludf.DUMMYFUNCTION("""COMPUTED_VALUE"""),"Virginia 0 Virginia Tech 0") -> Virginia 0 Virginia Tech 0 | B14: =IFERROR(__xludf.DUMMYFUNCTION("""COMPUTED_VALUE"""),"CANCELLED") -> CANCELLED | C14: =IFERROR(__xludf.DUMMYFUNCTION("""COMPUTED_VALUE"""),"Jeannine vs Vu") -> Jeannine vs Vu | D14: =IFERROR(__xludf.DUMMYFUNCTION("""COMPUTED_VALUE"""),"Canceled") -> Canceled | E14: =IFERROR(__xludf.DUMMYFUNCTION("""COMPUTED_VALUE"""),"Virginia Tech") -> Virginia Tech | H14: =IFERROR(__xludf.DUMMYFUNCTION("""COMPUTED_VALUE"""),59.0) -> 59 | I14: =IFERROR(__xludf.DUMMYFUNCTION("""COMPUTED_VALUE"""),0.0) -> 0 | J14: =IFERROR(__xludf.DUMMYFUNCTION("""COMPUTED_VALUE"""),"0") -> 0 | K14: =IFERROR(__xludf.DUMMYFUNCTION("""COMPUTED_VALUE"""),"0") -> 0 | L14: 0 | M14: -30
J15: =IFERROR(__xludf.DUMMYFUNCTION("""COMPUTED_VALUE"""),"") | K15: =IFERROR(__xludf.DUMMYFUNCTION("""COMPUTED_VALUE"""),"")
J16: =IFERROR(__xludf.DUMMYFUNCTION("""COMPUTED_VALUE"""),"") | K16: =IFERROR(__xludf.DUMMYFUNCTION("""COMPUTED_VALUE"""),"")
J17: =IFERROR(__xludf.DUMMYFUNCTION("""COMPUTED_VALUE"""),"") | K17: =IFERROR(__xludf.DUMMYFUNCTION("""COMPUTED_VALUE"""),"")
J18: =IFERROR(__xludf.DUMMYFUNCTION("""COMPUTED_VALUE"""),"") | K18: =IFERROR(__xludf.DUMMYFUNCTION("""COMPUTED_VALUE"""),"")
J19: =IFERROR(__xludf.DUMMYFUNCTION("""COMPUTED_VALUE"""),"") | K19: =IFERROR(__xludf.DUMMYFUNCTION("""COMPUTED_VALUE"""),"")
J20: =IFERROR(__xludf.DUMMYFUNCTION("""COMPUTED_VALUE"""),"") | K20: =IFERROR(__xludf.DUMMYFUNCTION("""COMPUTED_VALUE"""),"")
J21: =IFERROR(__xludf.DUMMYFUNCTION("""COMPUTED_VALUE"""),"") | K21: =IFERROR(__xludf.DUMMYFUNCTION("""COMPUTED_VALUE"""),"")
J22: =IFERROR(__xludf.DUMMYFUNCTION("""COMPUTED_VALUE"""),"") | K22: =IFERROR(__xludf.DUMMYFUNCTION("""COMPUTED_VALUE"""),"")
J23: =IFERROR(__xludf.DUMMYFUNCTION("""COMPUTED_VALUE"""),"") | K23: =IFERROR(__xludf.DUMMYFUNCTION("""COMPUTED_VALUE"""),"")
J24: =IFERROR(__xludf.DUMMYFUNCTION("""COMPUTED_VALUE"""),"") | K24: =IFERROR(__xludf.DUMMYFUNCTION("""COMPUTED_VALUE"""),"")
J25: =IFERROR(__xludf.DUMMYFUNCTION("""COMPUTED_VALUE"""),"") | K25: =IFERROR(__xludf.DUMMYFUNCTION("""COMPUTED_VALUE"""),"")
J26: =IFERROR(__xludf.DUMMYFUNCTION("""COMPUTED_VALUE"""),"") | K26: =IFERROR(__xludf.DUMMYFUNCTION("""COMPUTED_VALUE"""),"")
... J586: =IFERROR(__xludf.DUMMYFUNCTION("""COMPUTED_VALUE"""),"") | K586: =IFERROR(__xludf.DUMMYFUNCTION("""COMPUTED_VALUE"""),"")

Sheet Saturday
A1: order | B1: order | C1: 0.25 | D1: 0.27083333 | E1: 0.29166667 | F1: 0.3125 | G1: 0.33333333 | H1: 0.35416667 | I1: 0.375 | J1: 0.39583333 | K1: 0.41666667 | L1: 0.4375 | M1: 0.45833333 | N1: 0.47916667 | O1: 0.5 | P1: 0.52083333 | Q1: 0.54166667 | R1: 0.5625 | S1: 0.58333333 | T1: 0.60416667 | U1: 0.625 | V1: 0.64583333 | W1: 0.66666667 | X1: 0.6875 | Y1: 0.70833333 | Z1: 0.72916667 | AA1: 0.75 | AB1: 0.77083333 | AC1: 0.79166667 | AD1: 0.8125 | AE1: 0.83333333 | AF1: 0.85416667 | AG1: 0.875 | AH1: 0.89583333 | AI1: 0.91666667 | AJ1: 0.9375 | AK1: 0.95833333 | AL1: 0.97916667 | AM1: 0 | AN1: 0.020833333 | AO1: 0.041666667 | AP1: 0.0625 | AQ1: 0.083333333 | AR1: 0.10416667
A2: 1 | B2: ABC | M2: Illinois 17 (3) Michigan 19 FINAL | T2: (2) Ohio State 43 Maryland 30 FINAL | AB2: (24) Oklahoma State 13 Oklahoma 28 FINAL
A3: 1 | B3: CBS | T3: (1) Georgia 16 Kentucky 6 FINAL
A4: 1 | B4: NBC | R4: Boston College 0 (19) Notre Dame 44 FINAL
A5: 2 | B5: FOX | M5: (4) TCU 29 Baylor 28 FINAL | U5: Iowa 13 Minnesota 10 FINAL | AC5: (6) USC 48 (16) UCLA 45 FINAL
A6: 3 | B6: ESPN | M6: Wisconsin 15 Nebraska 14 FINAL | T6: Miami 10 (9) Clemson 40 FINAL | AA6: (5) Tennessee 38 South Carolina 63 FINAL | AH6: (10) Utah 17 (13) Oregon 20 FINAL
A7: 4 | B7: FS1 | M7: Northwestern 9 Purdue 17 FINAL | T7: Texas 55 Kansas 14 FINAL | AA7: Texas Tech 14 Iowa State 10 FINAL
A8: 4 | B8: FS1 | AG8: San José State 31 Utah State 35 FINAL
A9: 6 | B9: Pac-12 | Q9: Washington State 31 Arizona 20 FINAL | X9: Stanford 20 California 27 FINAL | AE9: Colorado 7 (15) Washington 54 FINAL
A10: 7 | B10: ACCN | M10: Duke 26 Pittsburgh 28 FINAL | T10: (25) NC State 10 Louisville 25 FINAL | AC10: Syracuse 35 Wake Forest 45 FINAL
A11: 7 | B11: BTN | M11: Indiana 39 Michigan State 31 FINAL | T11: (12) Penn State 55 Rutgers 10 FINAL
A12: 7 | B12: ESPN2 | K12: Navy 17 (18) UCF 14 FINAL | R12: Oregon State 31 Arizona State 7 FINAL | X12: Georgia Tech 21 (11) North Carolina 17 FINAL | AE12: UAB 10 (7) LSU 41 FINAL
A13: 7 | B13: SECN | M13: Florida 24 Vanderbilt 31 FINAL | U13: Western Kentucky 17 Auburn 41 FINAL | AB13: (14) Ole Miss 27 Arkansas 42 FINAL
A14: 8 | B14: ACC RSN | M14: UL Lafayette 17 (20) Florida State 49 FINAL | T14: (23) Coastal Carolina 0 Virginia 0 CANCELLED
A15: 8 | B15: ESPNU | U15: (21) Cincinnati 23 Temple 3 FINAL | AB15: New Mexico State 14 Missouri 45 FINAL
A16: 8 | B16: FS2 | AE16: Colorado State 12 Air Force 24 FINAL
A17: 9 | B17: CBSSN | M17: UConn 17 Army 34 FINAL | T17: Akron at Buffalo | AA17: Boise State 20 Wyoming 17 FINAL | AH17: Fresno State 41 Nevada 14 FINAL
A18: 10 | B18: espn+ | M18: Virginia Tech 23 Liberty 22 FINAL | T18: UL Monroe 16 Troy 34 FINAL
A19: 10 | B19: espn+ | O19: UTSA 41 Rice 7 FINAL | Y19: Marshall 23 Georgia Southern 10 FINAL
A20: 10 | B20: espn+ | Q20: Georgia State 40 James Madison 42 FINAL
A21: 10 | B21: espn+ | Q21: (17) Kansas State 48 West Virginia 31 FINAL
A22: 10 | B22: espn+ | Q22: Houston 42 East Carolina 3 FINAL
A23: 10 | B23: espn+ | Q23: North Alabama 0 Memphis 59 FINAL
A24: 10 | B24: espn+ | R24: Old Dominion 14 Appalachian State 27 FINAL
A25: 10 | B25: espn+ | T25: Florida Atlantic 21 Middle Tennessee 49 FINAL
A26: 10 | B26: espn+ | U26: Florida Intl 6 UTEP 40 FINAL
A27: 10 | B27: espn3 | T27: Louisiana Tech 21 Charlotte 26 FINAL
A28: 10 | B28: espn3 | W28: Arkansas State 13 Texas State 16 FINAL
A29: 99 | B29: Video | AI29: UNLV 25 Hawaii 31 FINAL
A30: 999 | B30: BYUtv | T30: Utah Tech 26 BYU 52 FINAL
A31: 999 | B31: NFLN | T31: South Alabama 27 Southern Mississippi 20 FINAL
A32: 999 | B32: SECN+ | M32: East Tennessee State 7 Mississippi State 56 FINAL
A33: 999 | B33: SECN+ | M33: Austin Peay 0 (8) Alabama 34 FINAL
A34: 999 | B34: SECN+ | M34: UMASS 3 Texas A&M 20 FINAL

Sheet Thursday
A1: order | B1: Network | C1: 0.25 | D1: 0.27083333 | E1: 0.29166667 | F1: 0.3125 | G1: 0.33333333 | H1: 0.35416667 | I1: 0.375 | J1: 0.39583333 | K1: 0.41666667 | L1: 0.4375 | M1: 0.45833333 | N1: 0.47916667 | O1: 0.5 | P1: 0.52083333 | Q1: 0.54166667 | R1: 0.5625 | S1: 0.58333333 | T1: 0.60416667 | U1: 0.625 | V1: 0.64583333 | W1: 0.66666667 | X1: 0.6875 | Y1: 0.70833333 | Z1: 0.72916667 | AA1: 0.75 | AB1: 0.77083333 | AC1: 0.79166667 | AD1: 0.8125 | AE1: 0.83333333 | AF1: 0.85416667 | AG1: 0.875 | AH1: 0.89583333 | AI1: 0.91666667 | AJ1: 0.9375 | AK1: 0.95833333 | AL1: 0.97916667 | AM1: 0 | AN1: 0.020833333 | AO1: 0.041666667 | AP1: 0.0625 | AQ1: 0.083333333 | AR1: 0.10416667
A2: 3 | B2: ESPN | AB2: SMU 24 (22) Tulane 59 FINAL

Sheet Tuesday
A1: order | B1: Network | C1: 0.25 | D1: 0.27083333 | E1: 0.29166667 | F1: 0.3125 | G1: 0.33333333 | H1: 0.35416667 | I1: 0.375 | J1: 0.39583333 | K1: 0.41666667 | L1: 0.4375 | M1: 0.45833333 | N1: 0.47916667 | O1: 0.5 | P1: 0.52083333 | Q1: 0.54166667 | R1: 0.5625 | S1: 0.58333333 | T1: 0.60416667 | U1: 0.625 | V1: 0.64583333 | W1: 0.66666667 | X1: 0.6875 | Y1: 0.70833333 | Z1: 0.72916667 | AA1: 0.75 | AB1: 0.77083333 | AC1: 0.79166667 | AD1: 0.8125 | AE1: 0.83333333 | AF1: 0.85416667 | AG1: 0.875 | AH1: 0.89583333 | AI1: 0.91666667 | AJ1: 0.9375 | AK1: 0.95833333 | AL1: 0.97916667 | AM1: 0 | AN1: 0.020833333 | AO1: 0.041666667 | AP1: 0.0625 | AQ1: 0.083333333 | AR1: 0.10416667
A2: 7 | B2: ESPN2 | AA2: Ohio 32 Ball State 18 FINAL
A3: 8 | B3: ESPNU | AA3: Bowling Green 42 Toledo 35 FINAL

Sheet Actual Conferences
A1: {=transpose(unique(offset('Teams-Conference'!B2:B15,0,(10-10)*2)))} -> AAC | B1: ACC | C1: Big 12 | D1: Big Ten | E1: CUSA | F1: MAC | G1: MWC | H1: Pac12 | I1: SEC | J1: Sun Belt | K1: Independent
A2: =IFERROR(__xludf.DUMMYFUNCTION("filter(offset('Teams-Conference'!$A:$A,0,(10-10)*2),offset('Teams-Conference'!$B:$B,0,(10-10)*2)=A1)"),"Cincinnati") -> Cincinnati | B2: =IFERROR(__xludf.DUMMYFUNCTION("filter(offset('Teams-Conference'!$A:$A,0,(10-10)*2),offset('Teams-Conference'!$B:$B,0,(10-10)*2)=B1)"),"Boston College") -> Boston College | C2: =IFERROR(__xludf.DUMMYFUNCTION("filter(offset('Teams-Conference'!$A:$A,0,(10-10)*2),offset('Teams-Conference'!$B:$B,0,(10-10)*2)=C1)"),"Baylor") -> Baylor | D2: =IFERROR(__xludf.DUMMYFUNCTION("filter(offset('Teams-Conference'!$A:$A,0,(10-10)*2),offset('Teams-Conference'!$B:$B,0,(10-10)*2)=D1)"),"Illinois") -> Illinois | E2: =IFERROR(__xludf.DUMMYFUNCTION("filter(offset('Teams-Conference'!$A:$A,0,(10-10)*2),offset('Teams-Conference'!$B:$B,0,(10-10)*2)=E1)"),"Florida Intl") -> Florida Intl | F2: =IFERROR(__xludf.DUMMYFUNCTION("filter(offset('Teams-Conference'!$A:$A,0,(10-10)*2),offset('Teams-Conference'!$B:$B,0,(10-10)*2)=F1)"),"Akron") -> Akron | G2: =IFERROR(__xludf.DUMMYFUNCTION("filter(offset('Teams-Conference'!$A:$A,0,(10-10)*2),offset('Teams-Conference'!$B:$B,0,(10-10)*2)=G1)"),"Air Force") -> Air Force | H2: =IFERROR(__xludf.DUMMYFUNCTION("filter(offset('Teams-Conference'!$A:$A,0,(10-10)*2),offset('Teams-Conference'!$B:$B,0,(10-10)*2)=H1)"),"Arizona") -> Arizona | I2: =IFERROR(__xludf.DUMMYFUNCTION("filter(offset('Teams-Conference'!$A:$A,0,(10-10)*2),offset('Teams-Conference'!$B:$B,0,(10-10)*2)=I1)"),"Alabama") -> Alabama | J2: =IFERROR(__xludf.DUMMYFUNCTION("filter(offset('Teams-Conference'!$A:$A,0,(10-10)*2),offset('Teams-Conference'!$B:$B,0,(10-10)*2)=J1)"),"Marshall") -> Marshall | K2: =IFERROR(__xludf.DUMMYFUNCTION("filter(offset('Teams-Conference'!$A:$A,0,(10-10)*2),offset('Teams-Conference'!$B:$B,0,(10-10)*2)=K1)"),"Army") -> Army
A3: =IFERROR(__xludf.DUMMYFUNCTION("""COMPUTED_VALUE"""),"East Carolina") -> East Carolina | B3: =IFERROR(__xludf.DUMMYFUNCTION("""COMPUTED_VALUE"""),"Clemson") -> Clemson | C3: =IFERROR(__xludf.DUMMYFUNCTION("""COMPUTED_VALUE"""),"Iowa State") -> Iowa State | D3: =IFERROR(__xludf.DUMMYFUNCTION("""COMPUTED_VALUE"""),"Indiana") -> Indiana | E3: =IFERROR(__xludf.DUMMYFUNCTION("""COMPUTED_VALUE"""),"Florida Atlantic") -> Florida Atlantic | F3: =IFERROR(__xludf.DUMMYFUNCTION("""COMPUTED_VALUE"""),"Ball State") -> Ball State | G3: =IFERROR(__xludf.DUMMYFUNCTION("""COMPUTED_VALUE"""),"Boise State") -> Boise State | H3: =IFERROR(__xludf.DUMMYFUNCTION("""COMPUTED_VALUE"""),"Arizona State") -> Arizona State | I3: =IFERROR(__xludf.DUMMYFUNCTION("""COMPUTED_VALUE"""),"Arkansas") -> Arkansas | J3: =IFERROR(__xludf.DUMMYFUNCTION("""COMPUTED_VALUE"""),"Old Dominion") -> Old Dominion | K3: =IFERROR(__xludf.DUMMYFUNCTION("""COMPUTED_VALUE"""),"BYU") -> BYU
A4: =IFERROR(__xludf.DUMMYFUNCTION("""COMPUTED_VALUE"""),"Houston") -> Houston | B4: =IFERROR(__xludf.DUMMYFUNCTION("""COMPUTED_VALUE"""),"Duke") -> Duke | C4: =IFERROR(__xludf.DUMMYFUNCTION("""COMPUTED_VALUE"""),"Kansas") -> Kansas | D4: =IFERROR(__xludf.DUMMYFUNCTION("""COMPUTED_VALUE"""),"Iowa") -> Iowa | E4: =IFERROR(__xludf.DUMMYFUNCTION("""COMPUTED_VALUE"""),"Louisiana Tech") -> Louisiana Tech | F4: =IFERROR(__xludf.DUMMYFUNCTION("""COMPUTED_VALUE"""),"Bowling Green") -> Bowling Green | G4: =IFERROR(__xludf.DUMMYFUNCTION("""COMPUTED_VALUE"""),"Colorado State") -> Colorado State | H4: =IFERROR(__xludf.DUMMYFUNCTION("""COMPUTED_VALUE"""),"California") -> California | I4: =IFERROR(__xludf.DUMMYFUNCTION("""COMPUTED_VALUE"""),"Auburn") -> Auburn | J4: =IFERROR(__xludf.DUMMYFUNCTION("""COMPUTED_VALUE"""),"Southern Mississippi") -> Southern Mississippi | K4: =IFERROR(__xludf.DUMMYFUNCTION("""COMPUTED_VALUE"""),"Liberty") -> Liberty
A5: =IFERROR(__xludf.DUMMYFUNCTION("""COMPUTED_VALUE"""),"Memphis") -> Memphis | B5: =IFERROR(__xludf.DUMMYFUNCTION("""COMPUTED_VALUE"""),"Florida State") -> Florida State | C5: =IFERROR(__xludf.DUMMYFUNCTION("""COMPUTED_VALUE"""),"Kansas State") -> Kansas State | D5: =IFERROR(__xludf.DUMMYFUNCTION("""COMPUTED_VALUE"""),"Maryland") -> Maryland | E5: =IFERROR(__xludf.DUMMYFUNCTION("""COMPUTED_VALUE"""),"Middle Tennessee") -> Middle Tennessee | F5: =IFERROR(__xludf.DUMMYFUNCTION("""COMPUTED_VALUE"""),"Buffalo") -> Buffalo | G5: =IFERROR(__xludf.DUMMYFUNCTION("""COMPUTED_VALUE"""),"Fresno State") -> Fresno State | H5: =IFERROR(__xludf.DUMMYFUNCTION("""COMPUTED_VALUE"""),"Colorado") -> Colorado | I5: =IFERROR(__xludf.DUMMYFUNCTION("""COMPUTED_VALUE"""),"Florida") -> Florida | J5: =IFERROR(__xludf.DUMMYFUNCTION("""COMPUTED_VALUE"""),"Appalachian State") -> Appalachian State | K5: =IFERROR(__xludf.DUMMYFUNCTION("""COMPUTED_VALUE"""),"New Mexico State") -> New Mexico State
A6: =IFERROR(__xludf.DUMMYFUNCTION("""COMPUTED_VALUE"""),"Navy") -> Navy | B6: =IFERROR(__xludf.DUMMYFUNCTION("""COMPUTED_VALUE"""),"Georgia Tech") -> Georgia Tech | C6: =IFERROR(__xludf.DUMMYFUNCTION("""COMPUTED_VALUE"""),"Oklahoma") -> Oklahoma | D6: =IFERROR(__xludf.DUMMYFUNCTION("""COMPUTED_VALUE"""),"Michigan") -> Michigan | E6: =IFERROR(__xludf.DUMMYFUNCTION("""COMPUTED_VALUE"""),"North Texas") -> North Texas | F6: =IFERROR(__xludf.DUMMYFUNCTION("""COMPUTED_VALUE"""),"Central Michigan") -> Central Michigan | G6: =IFERROR(__xludf.DUMMYFUNCTION("""COMPUTED_VALUE"""),"Hawaii") -> Hawaii | H6: =IFERROR(__xludf.DUMMYFUNCTION("""COMPUTED_VALUE"""),"Oregon") -> Oregon | I6: =IFERROR(__xludf.DUMMYFUNCTION("""COMPUTED_VALUE"""),"Georgia") -> Georgia | J6: =IFERROR(__xludf.DUMMYFUNCTION("""COMPUTED_VALUE"""),"Arkansas State") -> Arkansas State | K6: =IFERROR(__xludf.DUMMYFUNCTION("""COMPUTED_VALUE"""),"Notre Dame") -> Notre Dame
A7: =IFERROR(__xludf.DUMMYFUNCTION("""COMPUTED_VALUE"""),"SMU") -> SMU | B7: =IFERROR(__xludf.DUMMYFUNCTION("""COMPUTED_VALUE"""),"Louisville") -> Louisville | C7: =IFERROR(__xludf.DUMMYFUNCTION("""COMPUTED_VALUE"""),"Oklahoma State") -> Oklahoma State | D7: =IFERROR(__xludf.DUMMYFUNCTION("""COMPUTED_VALUE"""),"Michigan State") -> Michigan State | E7: =IFERROR(__xludf.DUMMYFUNCTION("""COMPUTED_VALUE"""),"Rice") -> Rice | F7: =IFERROR(__xludf.DUMMYFUNCTION("""COMPUTED_VALUE"""),"EMU") -> EMU | G7: =IFERROR(__xludf.DUMMYFUNCTION("""COMPUTED_VALUE"""),"Nevada") -> Nevada | H7: =IFERROR(__xludf.DUMMYFUNCTION("""COMPUTED_VALUE"""),"Oregon State") -> Oregon State | I7: =IFERROR(__xludf.DUMMYFUNCTION("""COMPUTED_VALUE"""),"Kentucky") -> Kentucky | J7: =IFERROR(__xludf.DUMMYFUNCTION("""COMPUTED_VALUE"""),"Georgia Southern") -> Georgia Southern | K7: =IFERROR(__xludf.DUMMYFUNCTION("""COMPUTED_VALUE"""),"UMASS") -> UMASS
A8: =IFERROR(__xludf.DUMMYFUNCTION("""COMPUTED_VALUE"""),"South Florida") -> South Florida | B8: =IFERROR(__xludf.DUMMYFUNCTION("""COMPUTED_VALUE"""),"Miami") -> Miami | C8: =IFERROR(__xludf.DUMMYFUNCTION("""COMPUTED_VALUE"""),"TCU") -> TCU | D8: =IFERROR(__xludf.DUMMYFUNCTION("""COMPUTED_VALUE"""),"Minnesota") -> Minnesota | E8: =IFERROR(__xludf.DUMMYFUNCTION("""COMPUTED_VALUE"""),"Charlotte") -> Charlotte | F8: =IFERROR(__xludf.DUMMYFUNCTION("""COMPUTED_VALUE"""),"Kent State") -> Kent State | G8: =IFERROR(__xludf.DUMMYFUNCTION("""COMPUTED_VALUE"""),"New Mexico") -> New Mexico | H8: =IFERROR(__xludf.DUMMYFUNCTION("""COMPUTED_VALUE"""),"Stanford") -> Stanford | I8: =IFERROR(__xludf.DUMMYFUNCTION("""COMPUTED_VALUE"""),"LSU") -> LSU | J8: =IFERROR(__xludf.DUMMYFUNCTION("""COMPUTED_VALUE"""),"Georgia State") -> Georgia State | K8: =IFERROR(__xludf.DUMMYFUNCTION("""COMPUTED_VALUE"""),"UConn") -> UConn
A9: =IFERROR(__xludf.DUMMYFUNCTION("""COMPUTED_VALUE"""),"Temple") -> Temple | B9: =IFERROR(__xludf.DUMMYFUNCTION("""COMPUTED_VALUE"""),"NC State") -> NC State | C9: =IFERROR(__xludf.DUMMYFUNCTION("""COMPUTED_VALUE"""),"Texas") -> Texas | D9: =IFERROR(__xludf.DUMMYFUNCTION("""COMPUTED_VALUE"""),"Nebraska") -> Nebraska | E9: =IFERROR(__xludf.DUMMYFUNCTION("""COMPUTED_VALUE"""),"UTEP") -> UTEP | F9: =IFERROR(__xludf.DUMMYFUNCTION("""COMPUTED_VALUE"""),"Miami-OH") -> Miami-OH | G9: =IFERROR(__xludf.DUMMYFUNCTION("""COMPUTED_VALUE"""),"San Diego State") -> San Diego State | H9: =IFERROR(__xludf.DUMMYFUNCTION("""COMPUTED_VALUE"""),"UCLA") -> UCLA | I9: =IFERROR(__xludf.DUMMYFUNCTION("""COMPUTED_VALUE"""),"Mississippi State") -> Mississippi State | J9: =IFERROR(__xludf.DUMMYFUNCTION("""COMPUTED_VALUE"""),"UL Lafayette") -> UL Lafayette
A10: =IFERROR(__xludf.DUMMYFUNCTION("""COMPUTED_VALUE"""),"Tulane") -> Tulane | B10: =IFERROR(__xludf.DUMMYFUNCTION("""COMPUTED_VALUE"""),"North Carolina") -> North Carolina | C10: =IFERROR(__xludf.DUMMYFUNCTION("""COMPUTED_VALUE"""),"Texas Tech") -> Texas Tech | D10: =IFERROR(__xludf.DUMMYFUNCTION("""COMPUTED_VALUE"""),"Northwestern") -> Northwestern | E10: =IFERROR(__xludf.DUMMYFUNCTION("""COMPUTED_VALUE"""),"UTSA") -> UTSA | F10: =IFERROR(__xludf.DUMMYFUNCTION("""COMPUTED_VALUE"""),"Northern Illinois") -> Northern Illinois | G10: =IFERROR(__xludf.DUMMYFUNCTION("""COMPUTED_VALUE"""),"San José State") -> San José State | H10: =IFERROR(__xludf.DUMMYFUNCTION("""COMPUTED_VALUE"""),"USC") -> USC | I10: =IFERROR(__xludf.DUMMYFUNCTION("""COMPUTED_VALUE"""),"Missouri") -> Missouri | J10: =IFERROR(__xludf.DUMMYFUNCTION("""COMPUTED_VALUE"""),"UL Monroe") -> UL Monroe
A11: =IFERROR(__xludf.DUMMYFUNCTION("""COMPUTED_VALUE"""),"Tulsa") -> Tulsa | B11: =IFERROR(__xludf.DUMMYFUNCTION("""COMPUTED_VALUE"""),"Pittsburgh") -> Pittsburgh | C11: =IFERROR(__xludf.DUMMYFUNCTION("""COMPUTED_VALUE"""),"West Virginia") -> West Virginia | D11: =IFERROR(__xludf.DUMMYFUNCTION("""COMPUTED_VALUE"""),"Ohio State") -> Ohio State | E11: =IFERROR(__xludf.DUMMYFUNCTION("""COMPUTED_VALUE"""),"Western Kentucky") -> Western Kentucky | F11: =IFERROR(__xludf.DUMMYFUNCTION("""COMPUTED_VALUE"""),"Ohio") -> Ohio | G11: =IFERROR(__xludf.DUMMYFUNCTION("""COMPUTED_VALUE"""),"UNLV") -> UNLV | H11: =IFERROR(__xludf.DUMMYFUNCTION("""COMPUTED_VALUE"""),"Utah") -> Utah | I11: =IFERROR(__xludf.DUMMYFUNCTION("""COMPUTED_VALUE"""),"Ole Miss") -> Ole Miss | J11: =IFERROR(__xludf.DUMMYFUNCTION("""COMPUTED_VALUE"""),"South Alabama") -> South Alabama
A12: =IFERROR(__xludf.DUMMYFUNCTION("""COMPUTED_VALUE"""),"UCF") -> UCF | B12: =IFERROR(__xludf.DUMMYFUNCTION("""COMPUTED_VALUE"""),"Syracuse") -> Syracuse | D12: =IFERROR(__xludf.DUMMYFUNCTION("""COMPUTED_VALUE"""),"Penn State") -> Penn State | E12: =IFERROR(__xludf.DUMMYFUNCTION("""COMPUTED_VALUE"""),"UAB") -> UAB | F12: =IFERROR(__xludf.DUMMYFUNCTION("""COMPUTED_VALUE"""),"Toledo") -> Toledo | G12: =IFERROR(__xludf.DUMMYFUNCTION("""COMPUTED_VALUE"""),"Utah State") -> Utah State | H12: =IFERROR(__xludf.DUMMYFUNCTION("""COMPUTED_VALUE"""),"Washington") -> Washington | I12: =IFERROR(__xludf.DUMMYFUNCTION("""COMPUTED_VALUE"""),"South Carolina") -> South Carolina | J12: =IFERROR(__xludf.DUMMYFUNCTION("""COMPUTED_VALUE"""),"Texas State") -> Texas State
B13: =IFERROR(__xludf.DUMMYFUNCTION("""COMPUTED_VALUE"""),"Virginia") -> Virginia | D13: =IFERROR(__xludf.DUMMYFUNCTION("""COMPUTED_VALUE"""),"Purdue") -> Purdue | F13: =IFERROR(__xludf.DUMMYFUNCTION("""COMPUTED_VALUE"""),"Western Michigan") -> Western Michigan | G13: =IFERROR(__xludf.DUMMYFUNCTION("""COMPUTED_VALUE"""),"Wyoming") -> Wyoming | H13: =IFERROR(__xludf.DUMMYFUNCTION("""COMPUTED_VALUE"""),"Washington State") -> Washington State | I13: =IFERROR(__xludf.DUMMYFUNCTION("""COMPUTED_VALUE"""),"Tennessee") -> Tennessee | J13: =IFERROR(__xludf.DUMMYFUNCTION("""COMPUTED_VALUE"""),"Troy") -> Troy
B14: =IFERROR(__xludf.DUMMYFUNCTION("""COMPUTED_VALUE"""),"Virginia Tech") -> Virginia Tech | D14: =IFERROR(__xludf.DUMMYFUNCTION("""COMPUTED_VALUE"""),"Rutgers") -> Rutgers | I14: =IFERROR(__xludf.DUMMYFUNCTION("""COMPUTED_VALUE"""),"Texas A&M") -> Texas A&M | J14: =IFERROR(__xludf.DUMMYFUNCTION("""COMPUTED_VALUE"""),"Coastal Carolina") -> Coastal Carolina
B15: =IFERROR(__xludf.DUMMYFUNCTION("""COMPUTED_VALUE"""),"Wake Forest") -> Wake Forest | D15: =IFERROR(__xludf.DUMMYFUNCTION("""COMPUTED_VALUE"""),"Wisconsin") -> Wisconsin | I15: =IFERROR(__xludf.DUMMYFUNCTION("""COMPUTED_VALUE"""),"Vanderbilt") -> Vanderbilt | J15: =IFERROR(__xludf.DUMMYFUNCTION("""COMPUTED_VALUE"""),"James Madison") -> James Madison

Sheet Wednesday
A1: order | B1: Network | C1: 0.25 | D1: 0.27083333 | E1: 0.29166667 | F1: 0.3125 | G1: 0.33333333 | H1: 0.35416667 | I1: 0.375 | J1: 0.39583333 | K1: 0.41666667 | L1: 0.4375 | M1: 0.45833333 | N1: 0.47916667 | O1: 0.5 | P1: 0.52083333 | Q1: 0.54166667 | R1: 0.5625 | S1: 0.58333333 | T1: 0.60416667 | U1: 0.625 | V1: 0.64583333 | W1: 0.66666667 | X1: 0.6875 | Y1: 0.70833333 | Z1: 0.72916667 | AA1: 0.75 | AB1: 0.77083333 | AC1: 0.79166667 | AD1: 0.8125 | AE1: 0.83333333 | AF1: 0.85416667 | AG1: 0.875 | AH1: 0.89583333 | AI1: 0.91666667 | AJ1: 0.9375 | AK1: 0.95833333 | AL1: 0.97916667 | AM1: 0 | AN1: 0.020833333 | AO1: 0.041666667 | AP1: 0.0625 | AQ1: 0.083333333 | AR1: 0.10416667
A2: 7 | B2: ESPN2 | Y2: EMU 31 Kent State 24 FINAL
A3: 8 | B3: ESPNU | AC3: Western Michigan 12 Central Michigan 10 FINAL
A4: 9 | B4: CBSSN | AA4: Miami-OH 29 Northern Illinois 23 FINAL

Sheet Friday
A1: order | B1: Network | C1: 0.25 | D1: 0.27083333 | E1: 0.29166667 | F1: 0.3125 | G1: 0.33333333 | H1: 0.35416667 | I1: 0.375 | J1: 0.39583333 | K1: 0.41666667 | L1: 0.4375 | M1: 0.45833333 | N1: 0.47916667 | O1: 0.5 | P1: 0.52083333 | Q1: 0.54166667 | R1: 0.5625 | S1: 0.58333333 | T1: 0.60416667 | U1: 0.625 | V1: 0.64583333 | W1: 0.66666667 | X1: 0.6875 | Y1: 0.70833333 | Z1: 0.72916667 | AA1: 0.75 | AB1: 0.77083333 | AC1: 0.79166667 | AD1: 0.8125 | AE1: 0.83333333 | AF1: 0.85416667 | AG1: 0.875 | AH1: 0.89583333 | AI1: 0.91666667 | AJ1: 0.9375 | AK1: 0.95833333 | AL1: 0.97916667 | AM1: 0 | AN1: 0.020833333 | AO1: 0.041666667 | AP1: 0.0625 | AQ1: 0.083333333 | AR1: 0.10416667
A2: 4 | B2: FS1 | AG2: San Diego State 34 New Mexico 10 FINAL
A3: 7 | B3: ESPN2 | AE3: South Florida 42 Tulsa 48 FINAL

Sheet Sunday
A1: order | B1: Network | C1: 0.25 | D1: 0.27083333 | E1: 0.29166667 | F1: 0.3125 | G1: 0.33333333 | H1: 0.35416667 | I1: 0.375 | J1: 0.39583333 | K1: 0.41666667 | L1: 0.4375 | M1: 0.45833333 | N1: 0.47916667 | O1: 0.5 | P1: 0.52083333 | Q1: 0.54166667 | R1: 0.5625 | S1: 0.58333333 | T1: 0.60416667 | U1: 0.625 | V1: 0.64583333 | W1: 0.66666667 | X1: 0.6875 | Y1: 0.70833333 | Z1: 0.72916667 | AA1: 0.75 | AB1: 0.77083333 | AC1: 0.79166667 | AD1: 0.8125 | AE1: 0.83333333 | AF1: 0.85416667 | AG1: 0.875 | AH1: 0.89583333 | AI1: 0.91666667 | AJ1: 0.9375 | AK1: 0.95833333 | AL1: 0.97916667 | AM1: 0 | AN1: 0.020833333 | AO1: 0.041666667 | AP1: 0.0625 | AQ1: 0.083333333 | AR1: 0.10416667
A2: 1 | B2: ABC | AB2: Florida State 24 LSU 23 FINAL

Sheet Monday
A1: order | B1: Network | C1: 0.25 | D1: 0.27083333 | E1: 0.29166667 | F1: 0.3125 | G1: 0.33333333 | H1: 0.35416667 | I1: 0.375 | J1: 0.39583333 | K1: 0.41666667 | L1: 0.4375 | M1: 0.45833333 | N1: 0.47916667 | O1: 0.5 | P1: 0.52083333 | Q1: 0.54166667 | R1: 0.5625 | S1: 0.58333333 | T1: 0.60416667 | U1: 0.625 | V1: 0.64583333 | W1: 0.66666667 | X1: 0.6875 | Y1: 0.70833333 | Z1: 0.72916667 | AA1: 0.75 | AB1: 0.77083333 | AC1: 0.79166667 | AD1: 0.8125 | AE1: 0.83333333 | AF1: 0.85416667 | AG1: 0.875 | AH1: 0.89583333 | AI1: 0.91666667 | AJ1: 0.9375 | AK1: 0.95833333 | AL1: 0.97916667 | AM1: 0 | AN1: 0.020833333 | AO1: 0.041666667 | AP1: 0.0625 | AQ1: 0.083333333 | AR1: 0.10416667
A2: 3 | B2: ESPN | AC2: (4) Clemson 41 Georgia Tech 10 FINAL

Sheet Picks by Player
A1: =DraftTracker!D2 -> Jeannine | C1: =DraftTracker!D3 -> Dan | E1: =DraftTracker!D4 -> DavEmily | G1: =DraftTracker!D5 -> Nick G. | I1: =DraftTracker!D6 -> Masa | K1: =DraftTracker!D7 -> Josh | M1: =DraftTracker!D8 -> Brad | O1: =DraftTracker!D9 -> Gary | Q1: =DraftTracker!D10 -> Nick A. | S1: =DraftTracker!D11 -> Justin | U1: =DraftTracker!D12 -> Vu | W1: =DraftTracker!D13 -> Janice/Mike | Y1: =DraftTracker!D14 -> Nico
A2: Conf | B2: Team | C2: Conf | D2: Team | E2: Conf | F2: Team | G2: Conf | H2: Team | I2: Conf | J2: Team | K2: Conf | L2: Team | M2: Conf | N2: Team | O2: Conf | P2: Team | Q2: Conf | R2: Team | S2: Conf | T2: Team | U2: Conf | V2: Team | W2: Conf | X2: Team | Y2: Conf | Z2: Team
A3: =IFERROR(__xludf.DUMMYFUNCTION("if(iserror(filter('Picks by Player Raw'!A:A,'Picks by Player Raw'!A:A <>A$1,'Picks by Player Raw'!A:A<>"""")),"""",filter('Picks by Player Raw'!A:A,'Picks by Player Raw'!A:A <>A$1,'Picks by Player Raw'!A:A<>""""))"),"Big Ten") -> Big Ten | B3: =IFERROR(__xludf.DUMMYFUNCTION("if(iserror(filter('Picks by Player Raw'!B:B,'Picks by Player Raw'!B:B <>A$1,'Picks by Player Raw'!B:B<>"""")),"""",filter('Picks by Player Raw'!B:B,'Picks by Player Raw'!B:B <>A$1,'Picks by Player Raw'!B:B<>""""))"),"Ohio State") -> Ohio State | C3: =IFERROR(__xludf.DUMMYFUNCTION("if(iserror(filter('Picks by Player Raw'!C:C,'Picks by Player Raw'!C:C <>C$1,'Picks by Player Raw'!C:C<>"""")),"""",filter('Picks by Player Raw'!C:C,'Picks by Player Raw'!C:C <>C$1,'Picks by Player Raw'!C:C<>""""))"),"ACC") -> ACC | D3: =IFERROR(__xludf.DUMMYFUNCTION("if(iserror(filter('Picks by Player Raw'!D:D,'Picks by Player Raw'!D:D <>C$1,'Picks by Player Raw'!D:D<>"""")),"""",filter('Picks by Player Raw'!D:D,'Picks by Player Raw'!D:D <>C$1,'Picks by Player Raw'!D:D<>""""))"),"Clemson") -> Clemson | E3: =IFERROR(__xludf.DUMMYFUNCTION("if(iserror(filter('Picks by Player Raw'!E:E,'Picks by Player Raw'!E:E <>E$1,'Picks by Player Raw'!E:E<>"""")),"""",filter('Picks by Player Raw'!E:E,'Picks by Player Raw'!E:E <>E$1,'Picks by Player Raw'!E:E<>""""))"),"MAC") -> MAC | F3: =IFERROR(__xludf.DUMMYFUNCTION("if(iserror(filter('Picks by Player Raw'!F:F,'Picks by Player Raw'!F:F <>E$1,'Picks by Player Raw'!F:F<>"""")),"""",filter('Picks by Player Raw'!F:F,'Picks by Player Raw'!F:F <>E$1,'Picks by Player Raw'!F:F<>""""))"),"Toledo") -> Toledo | G3: =IFERROR(__xludf.DUMMYFUNCTION("if(iserror(filter('Picks by Player Raw'!G:G,'Picks by Player Raw'!G:G <>G$1,'Picks by Player Raw'!G:G<>"""")),"""",filter('Picks by Player Raw'!G:G,'Picks by Player Raw'!G:G <>G$1,'Picks by Player Raw'!G:G<>""""))"),"Sun Belt") -> Sun Belt | H3: =IFERROR(__xludf.DUMMYFUNCTION("if(iserror(filter('Picks by Player Raw'!H:H,'Picks by Player Raw'!H:H <>G$1,'Picks by Player Raw'!H:H<>"""")),"""",filter('Picks by Player Raw'!H:H,'Picks by Player Raw'!H:H <>G$1,'Picks by Player Raw'!H:H<>""""))"),"Appalachian State") -> Appalachian State | I3: =IFERROR(__xludf.DUMMYFUNCTION("if(iserror(filter('Picks by Player Raw'!I:I,'Picks by Player Raw'!I:I <>I$1,'Picks by Player Raw'!I:I<>"""")),"""",filter('Picks by Player Raw'!I:I,'Picks by Player Raw'!I:I <>I$1,'Picks by Player Raw'!I:I<>""""))"),"AAC") -> AAC | J3: =IFERROR(__xludf.DUMMYFUNCTION("if(iserror(filter('Picks by Player Raw'!J:J,'Picks by Player Raw'!J:J <>I$1,'Picks by Player Raw'!J:J<>"""")),"""",filter('Picks by Player Raw'!J:J,'Picks by Player Raw'!J:J <>I$1,'Picks by Player Raw'!J:J<>""""))"),"Cincinnati") -> Cincinnati | K3: =IFERROR(__xludf.DUMMYFUNCTION("if(iserror(filter('Picks by Player Raw'!K:K,'Picks by Player Raw'!K:K <>K$1,'Picks by Player Raw'!K:K<>"""")),"""",filter('Picks by Player Raw'!K:K,'Picks by Player Raw'!K:K <>K$1,'Picks by Player Raw'!K:K<>""""))"),"SEC") -> SEC | L3: =IFERROR(__xludf.DUMMYFUNCTION("if(iserror(filter('Picks by Player Raw'!L:L,'Picks by Player Raw'!L:L <>K$1,'Picks by Player Raw'!L:L<>"""")),"""",filter('Picks by Player Raw'!L:L,'Picks by Player Raw'!L:L <>K$1,'Picks by Player Raw'!L:L<>""""))"),"Alabama") -> Alabama | M3: =IFERROR(__xludf.DUMMYFUNCTION("if(iserror(filter('Picks by Player Raw'!M:M,'Picks by Player Raw'!M:M <>M$1,'Picks by Player Raw'!M:M<>"""")),"""",filter('Picks by Player Raw'!M:M,'Picks by Player Raw'!M:M <>M$1,'Picks by Player Raw'!M:M<>""""))"),"Sun Belt") -> Sun Belt | N3: =IFERROR(__xludf.DUMMYFUNCTION("if(iserror(filter('Picks by Player Raw'!N:N,'Picks by Player Raw'!N:N <>M$1,'Picks by Player Raw'!N:N<>"""")),"""",filter('Picks by Player Raw'!N:N,'Picks by Player Raw'!N:N <>M$1,'Picks by Player Raw'!N:N<>""""))"),"UL Lafayette") -> UL Lafayette | O3: =IFERROR(__xludf.DUMMYFUNCTION("if(iserror(filter('Picks by Player Raw'!O:O,'Picks by Player Raw'!O:O <>O$1,'Picks by Player Raw'!O:O<>"""")),"""",filter('Picks by Player Raw'!O:O,'Picks by Player Raw'!O:O <>O$1,'Picks by Player Raw'!O:O<>""""))"),"Sun Belt") -> Sun Belt | P3: =IFERROR(__xludf.DUMMYFUNCTION("if(iserror(filter('Picks by Player Raw'!P:P,'Picks by Player Raw'!P:P <>O$1,'Picks by Player Raw'!P:P<>"""")),"""",filter('Picks by Player Raw'!P:P,'Picks by Player Raw'!P:P <>O$1,'Picks by Player Raw'!P:P<>""""))"),"Coastal Carolina") -> Coastal Carolina | Q3: =IFERROR(__xludf.DUMMYFUNCTION("if(iserror(filter('Picks by Player Raw'!Q:Q,'Picks by Player Raw'!Q:Q <>Q$1,'Picks by Player Raw'!Q:Q<>"""")),"""",filter('Picks by Player Raw'!Q:Q,'Picks by Player Raw'!Q:Q <>Q$1,'Picks by Player Raw'!Q:Q<>""""))"),"Sun Belt") -> Sun Belt | R3: =IFERROR(__xludf.DUMMYFUNCTION("if(iserror(filter('Picks by Player Raw'!R:R,'Picks by Player Raw'!R:R <>Q$1,'Picks by Player Raw'!R:R<>"""")),"""",filter('Picks by Player Raw'!R:R,'Picks by Player Raw'!R:R <>Q$1,'Picks by Player Raw'!R:R<>""""))"),"Marshall") -> Marshall | S3: =IFERROR(__xludf.DUMMYFUNCTION("if(iserror(filter('Picks by Player Raw'!S:S,'Picks by Player Raw'!S:S <>S$1,'Picks by Player Raw'!S:S<>"""")),"""",filter('Picks by Player Raw'!S:S,'Picks by Player Raw'!S:S <>S$1,'Picks by Player Raw'!S:S<>""""))"),"SEC") -> SEC | T3: =IFERROR(__xludf.DUMMYFUNCTION("if(iserror(filter('Picks by Player Raw'!T:T,'Picks by Player Raw'!T:T <>S$1,'Picks by Player Raw'!T:T<>"""")),"""",filter('Picks by Player Raw'!T:T,'Picks by Player Raw'!T:T <>S$1,'Picks by Player Raw'!T:T<>""""))"),"Georgia") -> Georgia | U3: =IFERROR(__xludf.DUMMYFUNCTION("if(iserror(filter('Picks by Player Raw'!U:U,'Picks by Player Raw'!U:U <>U$1,'Picks by Player Raw'!U:U<>"""")),"""",filter('Picks by Player Raw'!U:U,'Picks by Player Raw'!U:U <>U$1,'Picks by Player Raw'!U:U<>""""))"),"MWC") -> MWC | V3: =IFERROR(__xludf.DUMMYFUNCTION("if(iserror(filter('Picks by Player Raw'!V:V,'Picks by Player Raw'!V:V <>U$1,'Picks by Player Raw'!V:V<>"""")),"""",filter('Picks by Player Raw'!V:V,'Picks by Player Raw'!V:V <>U$1,'Picks by Player Raw'!V:V<>""""))"),"Boise State") -> Boise State | W3: =IFERROR(__xludf.DUMMYFUNCTION("if(iserror(filter('Picks by Player Raw'!W:W,'Picks by Player Raw'!W:W <>W$1,'Picks by Player Raw'!W:W<>"""")),"""",filter('Picks by Player Raw'!W:W,'Picks by Player Raw'!W:W <>W$1,'Picks by Player Raw'!W:W<>""""))"),"MWC") -> MWC | X3: =IFERROR(__xludf.DUMMYFUNCTION("if(iserror(filter('Picks by Player Raw'!X:X,'Picks by Player Raw'!X:X <>W$1,'Picks by Player Raw'!X:X<>"""")),"""",filter('Picks by Player Raw'!X:X,'Picks by Player Raw'!X:X <>W$1,'Picks by Player Raw'!X:X<>""""))"),"Air Force") -> Air Force | Y3: =IFERROR(__xludf.DUMMYFUNCTION("if(iserror(filter('Picks by Player Raw'!Y:Y,'Picks by Player Raw'!Y:Y <>Y$1,'Picks by Player Raw'!Y:Y<>"""")),"""",filter('Picks by Player Raw'!Y:Y,'Picks by Player Raw'!Y:Y <>Y$1,'Picks by Player Raw'!Y:Y<>""""))"),"Pac12") -> Pac12 | Z3: =IFERROR(__xludf.DUMMYFUNCTION("if(iserror(filter('Picks by Player Raw'!Z:Z,'Picks by Player Raw'!Z:Z <>Y$1,'Picks by Player Raw'!Z:Z<>"""")),"""",filter('Picks by Player Raw'!Z:Z,'Picks by Player Raw'!Z:Z <>Y$1,'Picks by Player Raw'!Z:Z<>""""))"),"Utah") -> Utah
A4: =IFERROR(__xludf.DUMMYFUNCTION("""COMPUTED_VALUE"""),"Pac12") -> Pac12 | B4: =IFERROR(__xludf.DUMMYFUNCTION("""COMPUTED_VALUE"""),"Oregon") -> Oregon | C4: =IFERROR(__xludf.DUMMYFUNCTION("""COMPUTED_VALUE"""),"MAC") -> MAC | D4: =IFERROR(__xludf.DUMMYFUNCTION("""COMPUTED_VALUE"""),"Miami-OH") -> Miami-OH | E4: =IFERROR(__xludf.DUMMYFUNCTION("""COMPUTED_VALUE"""),"CUSA") -> CUSA | F4: =IFERROR(__xludf.DUMMYFUNCTION("""COMPUTED_VALUE"""),"Western Kentucky") -> Western Kentucky | G4: =IFERROR(__xludf.DUMMYFUNCTION("""COMPUTED_VALUE"""),"MAC") -> MAC | H4: =IFERROR(__xludf.DUMMYFUNCTION("""COMPUTED_VALUE"""),"Central Michigan") -> Central Michigan | I4: =IFERROR(__xludf.DUMMYFUNCTION("""COMPUTED_VALUE"""),"CUSA") -> CUSA | J4: =IFERROR(__xludf.DUMMYFUNCTION("""COMPUTED_VALUE"""),"UTSA") -> UTSA | K4: =IFERROR(__xludf.DUMMYFUNCTION("""COMPUTED_VALUE"""),"Big 12") -> Big 12 | L4: =IFERROR(__xludf.DUMMYFUNCTION("""COMPUTED_VALUE"""),"BYU") -> BYU | M4: =IFERROR(__xludf.DUMMYFUNCTION("""COMPUTED_VALUE"""),"AAC") -> AAC | N4: =IFERROR(__xludf.DUMMYFUNCTION("""COMPUTED_VALUE"""),"Memphis") -> Memphis | O4: =IFERROR(__xludf.DUMMYFUNCTION("""COMPUTED_VALUE"""),"MWC") -> MWC | P4: =IFERROR(__xludf.DUMMYFUNCTION("""COMPUTED_VALUE"""),"Fresno State") -> Fresno State | Q4: =IFERROR(__xludf.DUMMYFUNCTION("""COMPUTED_VALUE"""),"AAC") -> AAC | R4: =IFERROR(__xludf.DUMMYFUNCTION("""COMPUTED_VALUE"""),"Army") -> Army | S4: =IFERROR(__xludf.DUMMYFUNCTION("""COMPUTED_VALUE"""),"Pac12") -> Pac12 | T4: =IFERROR(__xludf.DUMMYFUNCTION("""COMPUTED_VALUE"""),"USC") -> USC | U4: =IFERROR(__xludf.DUMMYFUNCTION("""COMPUTED_VALUE"""),"AAC") -> AAC | V4: =IFERROR(__xludf.DUMMYFUNCTION("""COMPUTED_VALUE"""),"UCF") -> UCF | W4: =IFERROR(__xludf.DUMMYFUNCTION("""COMPUTED_VALUE"""),"CUSA") -> CUSA | X4: =IFERROR(__xludf.DUMMYFUNCTION("""COMPUTED_VALUE"""),"UAB") -> UAB | Y4: =IFERROR(__xludf.DUMMYFUNCTION("""COMPUTED_VALUE"""),"AAC") -> AAC | Z4: =IFERROR(__xludf.DUMMYFUNCTION("""COMPUTED_VALUE"""),"Houston") -> Houston
A5: =IFERROR(__xludf.DUMMYFUNCTION("""COMPUTED_VALUE"""),"Big 12") -> Big 12 | B5: =IFERROR(__xludf.DUMMYFUNCTION("""COMPUTED_VALUE"""),"Oklahoma") -> Oklahoma | C5: =IFERROR(__xludf.DUMMYFUNCTION("""COMPUTED_VALUE"""),"MWC") -> MWC | D5: =IFERROR(__xludf.DUMMYFUNCTION("""COMPUTED_VALUE"""),"San Diego State") -> San Diego State | E5: =IFERROR(__xludf.DUMMYFUNCTION("""COMPUTED_VALUE"""),"Pac12") -> Pac12 | F5: =IFERROR(__xludf.DUMMYFUNCTION("""COMPUTED_VALUE"""),"UCLA") -> UCLA | G5: =IFERROR(__xludf.DUMMYFUNCTION("""COMPUTED_VALUE"""),"Big Ten") -> Big Ten | H5: =IFERROR(__xludf.DUMMYFUNCTION("""COMPUTED_VALUE"""),"Michigan") -> Michigan | I5: =IFERROR(__xludf.DUMMYFUNCTION("""COMPUTED_VALUE"""),"MWC") -> MWC | J5: =IFERROR(__xludf.DUMMYFUNCTION("""COMPUTED_VALUE"""),"Utah State") -> Utah State | K5: =IFERROR(__xludf.DUMMYFUNCTION("""COMPUTED_VALUE"""),"MWC") -> MWC | L5: =IFERROR(__xludf.DUMMYFUNCTION("""COMPUTED_VALUE"""),"San José State") -> San José State | M5: =IFERROR(__xludf.DUMMYFUNCTION("""COMPUTED_VALUE"""),"Big 12") -> Big 12 | N5: =IFERROR(__xludf.DUMMYFUNCTION("""COMPUTED_VALUE"""),"Notre Dame") -> Notre Dame | O5: =IFERROR(__xludf.DUMMYFUNCTION("""COMPUTED_VALUE"""),"ACC") -> ACC | P5: =IFERROR(__xludf.DUMMYFUNCTION("""COMPUTED_VALUE"""),"Miami") -> Miami | Q5: =IFERROR(__xludf.DUMMYFUNCTION("""COMPUTED_VALUE"""),"Big 12") -> Big 12 | R5: =IFERROR(__xludf.DUMMYFUNCTION("""COMPUTED_VALUE"""),"Texas") -> Texas | S5: =IFERROR(__xludf.DUMMYFUNCTION("""COMPUTED_VALUE"""),"Big 12") -> Big 12 | T5: =IFERROR(__xludf.DUMMYFUNCTION("""COMPUTED_VALUE"""),"Oklahoma State") -> Oklahoma State | U5: =IFERROR(__xludf.DUMMYFUNCTION("""COMPUTED_VALUE"""),"SEC") -> SEC | V5: =IFERROR(__xludf.DUMMYFUNCTION("""COMPUTED_VALUE"""),"Texas A&M") -> Texas A&M | W5: =IFERROR(__xludf.DUMMYFUNCTION("""COMPUTED_VALUE"""),"Sun Belt") -> Sun Belt | X5: =IFERROR(__xludf.DUMMYFUNCTION("""COMPUTED_VALUE"""),"Georgia State") -> Georgia State | Y5: =IFERROR(__xludf.DUMMYFUNCTION("""COMPUTED_VALUE"""),"ACC") -> ACC | Z5: =IFERROR(__xludf.DUMMYFUNCTION("""COMPUTED_VALUE"""),"NC State") -> NC State
A6: =IFERROR(__xludf.DUMMYFUNCTION("""COMPUTED_VALUE"""),"ACC") -> ACC | B6: =IFERROR(__xludf.DUMMYFUNCTION("""COMPUTED_VALUE"""),"Virginia") -> Virginia | C6: =IFERROR(__xludf.DUMMYFUNCTION("""COMPUTED_VALUE"""),"CUSA") -> CUSA | D6: =IFERROR(__xludf.DUMMYFUNCTION("""COMPUTED_VALUE"""),"North Texas") -> North Texas | E6: =IFERROR(__xludf.DUMMYFUNCTION("""COMPUTED_VALUE"""),"AAC") -> AAC | F6: =IFERROR(__xludf.DUMMYFUNCTION("""COMPUTED_VALUE"""),"Tulane") -> Tulane | G6: =IFERROR(__xludf.DUMMYFUNCTION("""COMPUTED_VALUE"""),"SEC") -> SEC | H6: =IFERROR(__xludf.DUMMYFUNCTION("""COMPUTED_VALUE"""),"Kentucky") -> Kentucky | I6: =IFERROR(__xludf.DUMMYFUNCTION("""COMPUTED_VALUE"""),"MAC") -> MAC | J6: =IFERROR(__xludf.DUMMYFUNCTION("""COMPUTED_VALUE"""),"Northern Illinois") -> Northern Illinois | K6: =IFERROR(__xludf.DUMMYFUNCTION("""COMPUTED_VALUE"""),"AAC") -> AAC | L6: =IFERROR(__xludf.DUMMYFUNCTION("""COMPUTED_VALUE"""),"SMU") -> SMU | M6: =IFERROR(__xludf.DUMMYFUNCTION("""COMPUTED_VALUE"""),"ACC") -> ACC | N6: =IFERROR(__xludf.DUMMYFUNCTION("""COMPUTED_VALUE"""),"North Carolina") -> North Carolina | O6: =IFERROR(__xludf.DUMMYFUNCTION("""COMPUTED_VALUE"""),"AAC") -> AAC | P6: =IFERROR(__xludf.DUMMYFUNCTION("""COMPUTED_VALUE"""),"East Carolina") -> East Carolina | Q6: =IFERROR(__xludf.DUMMYFUNCTION("""COMPUTED_VALUE"""),"ACC") -> ACC | R6: =IFERROR(__xludf.DUMMYFUNCTION("""COMPUTED_VALUE"""),"Pittsburgh") -> Pittsburgh | S6: =IFERROR(__xludf.DUMMYFUNCTION("""COMPUTED_VALUE"""),"MWC") -> MWC | T6: =IFERROR(__xludf.DUMMYFUNCTION("""COMPUTED_VALUE"""),"Colorado State") -> Colorado State | U6: =IFERROR(__xludf.DUMMYFUNCTION("""COMPUTED_VALUE"""),"Pac12") -> Pac12 | V6: =IFERROR(__xludf.DUMMYFUNCTION("""COMPUTED_VALUE"""),"Washington") -> Washington | W6: =IFERROR(__xludf.DUMMYFUNCTION("""COMPUTED_VALUE"""),"Big 12") -> Big 12 | X6: =IFERROR(__xludf.DUMMYFUNCTION("""COMPUTED_VALUE"""),"TCU") -> TCU | Y6: =IFERROR(__xludf.DUMMYFUNCTION("""COMPUTED_VALUE"""),"Big 12") -> Big 12 | Z6: =IFERROR(__xludf.DUMMYFUNCTION("""COMPUTED_VALUE"""),"Baylor") -> Baylor
A7: =IFERROR(__xludf.DUMMYFUNCTION("""COMPUTED_VALUE"""),"AAC") -> AAC | B7: =IFERROR(__xludf.DUMMYFUNCTION("""COMPUTED_VALUE"""),"Tulsa") -> Tulsa | C7: =IFERROR(__xludf.DUMMYFUNCTION("""COMPUTED_VALUE"""),"Big Ten") -> Big Ten | D7: =IFERROR(__xludf.DUMMYFUNCTION("""COMPUTED_VALUE"""),"Wisconsin") -> Wisconsin | E7: =IFERROR(__xludf.DUMMYFUNCTION("""COMPUTED_VALUE"""),"ACC") -> ACC | F7: =IFERROR(__xludf.DUMMYFUNCTION("""COMPUTED_VALUE"""),"Wake Forest") -> Wake Forest | G7: =IFERROR(__xludf.DUMMYFUNCTION("""COMPUTED_VALUE"""),"Pac12") -> Pac12 | H7: =IFERROR(__xludf.DUMMYFUNCTION("""COMPUTED_VALUE"""),"Oregon State") -> Oregon State | I7: =IFERROR(__xludf.DUMMYFUNCTION("""COMPUTED_VALUE"""),"Big Ten") -> Big Ten | J7: =IFERROR(__xludf.DUMMYFUNCTION("""COMPUTED_VALUE"""),"Michigan State") -> Michigan State | K7: =IFERROR(__xludf.DUMMYFUNCTION("""COMPUTED_VALUE"""),"Sun Belt") -> Sun Belt | L7: =IFERROR(__xludf.DUMMYFUNCTION("""COMPUTED_VALUE"""),"Troy") -> Troy | M7: =IFERROR(__xludf.DUMMYFUNCTION("""COMPUTED_VALUE"""),"Big Ten") -> Big Ten | N7: =IFERROR(__xludf.DUMMYFUNCTION("""COMPUTED_VALUE"""),"Penn State") -> Penn State | O7: =IFERROR(__xludf.DUMMYFUNCTION("""COMPUTED_VALUE"""),"CUSA") -> CUSA | P7: =IFERROR(__xludf.DUMMYFUNCTION("""COMPUTED_VALUE"""),"Southern Mississippi") -> Southern Mississippi | Q7: =IFERROR(__xludf.DUMMYFUNCTION("""COMPUTED_VALUE"""),"MAC") -> MAC | R7: =IFERROR(__xludf.DUMMYFUNCTION("""COMPUTED_VALUE"""),"Liberty") -> Liberty | S7: =IFERROR(__xludf.DUMMYFUNCTION("""COMPUTED_VALUE"""),"Sun Belt") -> Sun Belt | T7: =IFERROR(__xludf.DUMMYFUNCTION("""COMPUTED_VALUE"""),"James Madison") -> James Madison | U7: =IFERROR(__xludf.DUMMYFUNCTION("""COMPUTED_VALUE"""),"Big 12") -> Big 12 | V7: =IFERROR(__xludf.DUMMYFUNCTION("""COMPUTED_VALUE"""),"Iowa State") -> Iowa State | W7: =IFERROR(__xludf.DUMMYFUNCTION("""COMPUTED_VALUE"""),"MAC") -> MAC | X7: =IFERROR(__xludf.DUMMYFUNCTION("""COMPUTED_VALUE"""),"EMU") -> EMU | Y7: =IFERROR(__xludf.DUMMYFUNCTION("""COMPUTED_VALUE"""),"MAC") -> MAC | Z7: =IFERROR(__xludf.DUMMYFUNCTION("""COMPUTED_VALUE"""),"Western Michigan") -> Western Michigan
A8: =IFERROR(__xludf.DUMMYFUNCTION("""COMPUTED_VALUE"""),"CUSA") -> CUSA | B8: =IFERROR(__xludf.DUMMYFUNCTION("""COMPUTED_VALUE"""),"Florida Atlantic") -> Florida Atlantic | C8: =IFERROR(__xludf.DUMMYFUNCTION("""COMPUTED_VALUE"""),"Pac12") -> Pac12 | D8: =IFERROR(__xludf.DUMMYFUNCTION("""COMPUTED_VALUE"""),"Washington State") -> Washington State | E8: =IFERROR(__xludf.DUMMYFUNCTION("""COMPUTED_VALUE"""),"Big 12") -> Big 12 | F8: =IFERROR(__xludf.DUMMYFUNCTION("""COMPUTED_VALUE"""),"Texas Tech") -> Texas Tech | G8: =IFERROR(__xludf.DUMMYFUNCTION("""COMPUTED_VALUE"""),"Big 12") -> Big 12 | H8: =IFERROR(__xludf.DUMMYFUNCTION("""COMPUTED_VALUE"""),"Kansas State") -> Kansas State | I8: =IFERROR(__xludf.DUMMYFUNCTION("""COMPUTED_VALUE"""),"SEC") -> SEC | J8: =IFERROR(__xludf.DUMMYFUNCTION("""COMPUTED_VALUE"""),"Arkansas") -> Arkansas | K8: =IFERROR(__xludf.DUMMYFUNCTION("""COMPUTED_VALUE"""),"Big Ten") -> Big Ten | L8: =IFERROR(__xludf.DUMMYFUNCTION("""COMPUTED_VALUE"""),"Nebraska") -> Nebraska | M8: =IFERROR(__xludf.DUMMYFUNCTION("""COMPUTED_VALUE"""),"CUSA") -> CUSA | N8: =IFERROR(__xludf.DUMMYFUNCTION("""COMPUTED_VALUE"""),"Middle Tennessee") -> Middle Tennessee | O8: =IFERROR(__xludf.DUMMYFUNCTION("""COMPUTED_VALUE"""),"MAC") -> MAC | P8: =IFERROR(__xludf.DUMMYFUNCTION("""COMPUTED_VALUE"""),"Kent State") -> Kent State | Q8: =IFERROR(__xludf.DUMMYFUNCTION("""COMPUTED_VALUE"""),"MWC") -> MWC | R8: =IFERROR(__xludf.DUMMYFUNCTION("""COMPUTED_VALUE"""),"Hawaii") -> Hawaii | S8: =IFERROR(__xludf.DUMMYFUNCTION("""COMPUTED_VALUE"""),"AAC") -> AAC | T8: =IFERROR(__xludf.DUMMYFUNCTION("""COMPUTED_VALUE"""),"Navy") -> Navy | U8: =IFERROR(__xludf.DUMMYFUNCTION("""COMPUTED_VALUE"""),"ACC") -> ACC | V8: =IFERROR(__xludf.DUMMYFUNCTION("""COMPUTED_VALUE"""),"Virginia Tech") -> Virginia Tech | W8: =IFERROR(__xludf.DUMMYFUNCTION("""COMPUTED_VALUE"""),"ACC") -> ACC | X8: =IFERROR(__xludf.DUMMYFUNCTION("""COMPUTED_VALUE"""),"Florida State") -> Florida State | Y8: =IFERROR(__xludf.DUMMYFUNCTION("""COMPUTED_VALUE"""),"MWC") -> MWC | Z8: =IFERROR(__xludf.DUMMYFUNCTION("""COMPUTED_VALUE"""),"Wyoming") -> Wyoming
A9: =IFERROR(__xludf.DUMMYFUNCTION("""COMPUTED_VALUE"""),"MWC") -> MWC | B9: =IFERROR(__xludf.DUMMYFUNCTION("""COMPUTED_VALUE"""),"Nevada") -> Nevada | C9: =IFERROR(__xludf.DUMMYFUNCTION("""COMPUTED_VALUE"""),"AAC") -> AAC | D9: =IFERROR(__xludf.DUMMYFUNCTION("""COMPUTED_VALUE"""),"South Florida") -> South Florida | E9: =IFERROR(__xludf.DUMMYFUNCTION("""COMPUTED_VALUE"""),"Big Ten") -> Big Ten | F9: =IFERROR(__xludf.DUMMYFUNCTION("""COMPUTED_VALUE"""),"Minnesota") -> Minnesota | G9: =IFERROR(__xludf.DUMMYFUNCTION("""COMPUTED_VALUE"""),"ACC") -> ACC | H9: =IFERROR(__xludf.DUMMYFUNCTION("""COMPUTED_VALUE"""),"Boston College") -> Boston College | I9: =IFERROR(__xludf.DUMMYFUNCTION("""COMPUTED_VALUE"""),"Sun Belt") -> Sun Belt | J9: =IFERROR(__xludf.DUMMYFUNCTION("""COMPUTED_VALUE"""),"South Alabama") -> South Alabama | K9: =IFERROR(__xludf.DUMMYFUNCTION("""COMPUTED_VALUE"""),"ACC") -> ACC | L9: =IFERROR(__xludf.DUMMYFUNCTION("""COMPUTED_VALUE"""),"Louisville") -> Louisville | M9: =IFERROR(__xludf.DUMMYFUNCTION("""COMPUTED_VALUE"""),"Pac12") -> Pac12 | N9: =IFERROR(__xludf.DUMMYFUNCTION("""COMPUTED_VALUE"""),"Arizona State") -> Arizona State | O9: =IFERROR(__xludf.DUMMYFUNCTION("""COMPUTED_VALUE"""),"Big 12") -> Big 12 | P9: =IFERROR(__xludf.DUMMYFUNCTION("""COMPUTED_VALUE"""),"West Virginia") -> West Virginia | Q9: =IFERROR(__xludf.DUMMYFUNCTION("""COMPUTED_VALUE"""),"Pac12") -> Pac12 | R9: =IFERROR(__xludf.DUMMYFUNCTION("""COMPUTED_VALUE"""),"California") -> California | S9: =IFERROR(__xludf.DUMMYFUNCTION("""COMPUTED_VALUE"""),"Big Ten") -> Big Ten | T9: =IFERROR(__xludf.DUMMYFUNCTION("""COMPUTED_VALUE"""),"Iowa") -> Iowa | U9: =IFERROR(__xludf.DUMMYFUNCTION("""COMPUTED_VALUE"""),"Big Ten") -> Big Ten | V9: =IFERROR(__xludf.DUMMYFUNCTION("""COMPUTED_VALUE"""),"Purdue") -> Purdue | W9: =IFERROR(__xludf.DUMMYFUNCTION("""COMPUTED_VALUE"""),"SEC") -> SEC | X9: =IFERROR(__xludf.DUMMYFUNCTION("""COMPUTED_VALUE"""),"Ole Miss") -> Ole Miss | Y9: =IFERROR(__xludf.DUMMYFUNCTION("""COMPUTED_VALUE"""),"CUSA") -> CUSA | Z9: =IFERROR(__xludf.DUMMYFUNCTION("""COMPUTED_VALUE"""),"UTEP") -> UTEP
A10: =IFERROR(__xludf.DUMMYFUNCTION("""COMPUTED_VALUE"""),"MAC") -> MAC | B10: =IFERROR(__xludf.DUMMYFUNCTION("""COMPUTED_VALUE"""),"Ohio") -> Ohio | C10: =IFERROR(__xludf.DUMMYFUNCTION("""COMPUTED_VALUE"""),"SEC") -> SEC | D10: =IFERROR(__xludf.DUMMYFUNCTION("""COMPUTED_VALUE"""),"Tennessee") -> Tennessee | E10: =IFERROR(__xludf.DUMMYFUNCTION("""COMPUTED_VALUE"""),"Sun Belt") -> Sun Belt | F10: =IFERROR(__xludf.DUMMYFUNCTION("""COMPUTED_VALUE"""),"Georgia Southern") -> Georgia Southern | G10: =IFERROR(__xludf.DUMMYFUNCTION("""COMPUTED_VALUE"""),"MWC") -> MWC | H10: =IFERROR(__xludf.DUMMYFUNCTION("""COMPUTED_VALUE"""),"UNLV") -> UNLV | I10: =IFERROR(__xludf.DUMMYFUNCTION("""COMPUTED_VALUE"""),"ACC") -> ACC | J10: =IFERROR(__xludf.DUMMYFUNCTION("""COMPUTED_VALUE"""),"Syracuse") -> Syracuse | K10: =IFERROR(__xludf.DUMMYFUNCTION("""COMPUTED_VALUE"""),"CUSA") -> CUSA | L10: =IFERROR(__xludf.DUMMYFUNCTION("""COMPUTED_VALUE"""),"Charlotte") -> Charlotte | M10: =IFERROR(__xludf.DUMMYFUNCTION("""COMPUTED_VALUE"""),"MAC") -> MAC | N10: =IFERROR(__xludf.DUMMYFUNCTION("""COMPUTED_VALUE"""),"Buffalo") -> Buffalo | O10: =IFERROR(__xludf.DUMMYFUNCTION("""COMPUTED_VALUE"""),"SEC") -> SEC | P10: =IFERROR(__xludf.DUMMYFUNCTION("""COMPUTED_VALUE"""),"Florida") -> Florida | Q10: =IFERROR(__xludf.DUMMYFUNCTION("""COMPUTED_VALUE"""),"CUSA") -> CUSA | R10: =IFERROR(__xludf.DUMMYFUNCTION("""COMPUTED_VALUE"""),"Louisiana Tech") -> Louisiana Tech | S10: =IFERROR(__xludf.DUMMYFUNCTION("""COMPUTED_VALUE"""),"MAC") -> MAC | T10: =IFERROR(__xludf.DUMMYFUNCTION("""COMPUTED_VALUE"""),"Ball State") -> Ball State | U10: =IFERROR(__xludf.DUMMYFUNCTION("""COMPUTED_VALUE"""),"Sun Belt") -> Sun Belt | V10: =IFERROR(__xludf.DUMMYFUNCTION("""COMPUTED_VALUE"""),"Texas State") -> Texas State | W10: =IFERROR(__xludf.DUMMYFUNCTION("""COMPUTED_VALUE"""),"Big Ten") -> Big Ten | X10: =IFERROR(__xludf.DUMMYFUNCTION("""COMPUTED_VALUE"""),"Maryland") -> Maryland | Y10: =IFERROR(__xludf.DUMMYFUNCTION("""COMPUTED_VALUE"""),"Sun Belt") -> Sun Belt | Z10: =IFERROR(__xludf.DUMMYFUNCTION("""COMPUTED_VALUE"""),"Arkansas State") -> Arkansas State
A11: =IFERROR(__xludf.DUMMYFUNCTION("""COMPUTED_VALUE"""),"Sun Belt") -> Sun Belt | B11: =IFERROR(__xludf.DUMMYFUNCTION("""COMPUTED_VALUE"""),"Old Dominion") -> Old Dominion | C11: =IFERROR(__xludf.DUMMYFUNCTION("""COMPUTED_VALUE"""),"Big 12") -> Big 12 | D11: =IFERROR(__xludf.DUMMYFUNCTION("""COMPUTED_VALUE"""),"Kansas") -> Kansas | E11: =IFERROR(__xludf.DUMMYFUNCTION("""COMPUTED_VALUE"""),"SEC") -> SEC | F11: =IFERROR(__xludf.DUMMYFUNCTION("""COMPUTED_VALUE"""),"Mississippi State") -> Mississippi State | G11: =IFERROR(__xludf.DUMMYFUNCTION("""COMPUTED_VALUE"""),"CUSA") -> CUSA | H11: =IFERROR(__xludf.DUMMYFUNCTION("""COMPUTED_VALUE"""),"Florida Intl") -> Florida Intl | I11: =IFERROR(__xludf.DUMMYFUNCTION("""COMPUTED_VALUE"""),"Pac12") -> Pac12 | J11: =IFERROR(__xludf.DUMMYFUNCTION("""COMPUTED_VALUE"""),"Stanford") -> Stanford | K11: =IFERROR(__xludf.DUMMYFUNCTION("""COMPUTED_VALUE"""),"Pac12") -> Pac12 | L11: =IFERROR(__xludf.DUMMYFUNCTION("""COMPUTED_VALUE"""),"Rutgers") -> Rutgers | M11: =IFERROR(__xludf.DUMMYFUNCTION("""COMPUTED_VALUE"""),"SEC") -> SEC | N11: =IFERROR(__xludf.DUMMYFUNCTION("""COMPUTED_VALUE"""),"LSU") -> LSU | O11: =IFERROR(__xludf.DUMMYFUNCTION("""COMPUTED_VALUE"""),"Big Ten") -> Big Ten | P11: =IFERROR(__xludf.DUMMYFUNCTION("""COMPUTED_VALUE"""),"Illinois") -> Illinois | Q11: =IFERROR(__xludf.DUMMYFUNCTION("""COMPUTED_VALUE"""),"SEC") -> SEC | R11: =IFERROR(__xludf.DUMMYFUNCTION("""COMPUTED_VALUE"""),"Auburn") -> Auburn | S11: =IFERROR(__xludf.DUMMYFUNCTION("""COMPUTED_VALUE"""),"CUSA") -> CUSA | T11: =IFERROR(__xludf.DUMMYFUNCTION("""COMPUTED_VALUE"""),"Rice") -> Rice | U11: =IFERROR(__xludf.DUMMYFUNCTION("""COMPUTED_VALUE"""),"MAC") -> MAC | V11: =IFERROR(__xludf.DUMMYFUNCTION("""COMPUTED_VALUE"""),"Bowling Green") -> Bowling Green | W11: =IFERROR(__xludf.DUMMYFUNCTION("""COMPUTED_VALUE"""),"Pac12") -> Pac12 | X11: =IFERROR(__xludf.DUMMYFUNCTION("""COMPUTED_VALUE"""),"Arizona") -> Arizona | Y11: =IFERROR(__xludf.DUMMYFUNCTION("""COMPUTED_VALUE"""),"Big Ten") -> Big Ten | Z11: =IFERROR(__xludf.DUMMYFUNCTION("""COMPUTED_VALUE"""),"Northwestern") -> Northwestern
A12: =IFERROR(__xludf.DUMMYFUNCTION("""COMPUTED_VALUE"""),"SEC") -> SEC | B12: =IFERROR(__xludf.DUMMYFUNCTION("""COMPUTED_VALUE"""),"Missouri") -> Missouri | C12: =IFERROR(__xludf.DUMMYFUNCTION("""COMPUTED_VALUE"""),"Sun Belt") -> Sun Belt | D12: =IFERROR(__xludf.DUMMYFUNCTION("""COMPUTED_VALUE"""),"UL Monroe") -> UL Monroe | E12: =IFERROR(__xludf.DUMMYFUNCTION("""COMPUTED_VALUE"""),"MWC") -> MWC | F12: =IFERROR(__xludf.DUMMYFUNCTION("""COMPUTED_VALUE"""),"New Mexico") -> New Mexico | G12: =IFERROR(__xludf.DUMMYFUNCTION("""COMPUTED_VALUE"""),"AAC") -> AAC | H12: =IFERROR(__xludf.DUMMYFUNCTION("""COMPUTED_VALUE"""),"UConn") -> UConn | I12: =IFERROR(__xludf.DUMMYFUNCTION("""COMPUTED_VALUE"""),"Big 12") -> Big 12 | J12: =IFERROR(__xludf.DUMMYFUNCTION("""COMPUTED_VALUE"""),"Vanderbilt") -> Vanderbilt | K12: =IFERROR(__xludf.DUMMYFUNCTION("""COMPUTED_VALUE"""),"MAC") -> MAC | L12: =IFERROR(__xludf.DUMMYFUNCTION("""COMPUTED_VALUE"""),"Akron") -> Akron | M12: =IFERROR(__xludf.DUMMYFUNCTION("""COMPUTED_VALUE"""),"MWC") -> MWC | N12: =IFERROR(__xludf.DUMMYFUNCTION("""COMPUTED_VALUE"""),"New Mexico State") -> New Mexico State | O12: =IFERROR(__xludf.DUMMYFUNCTION("""COMPUTED_VALUE"""),"Pac12") -> Pac12 | P12: =IFERROR(__xludf.DUMMYFUNCTION("""COMPUTED_VALUE"""),"Colorado") -> Colorado | Q12: =IFERROR(__xludf.DUMMYFUNCTION("""COMPUTED_VALUE"""),"Big Ten") -> Big Ten | R12: =IFERROR(__xludf.DUMMYFUNCTION("""COMPUTED_VALUE"""),"Indiana") -> Indiana | S12: =IFERROR(__xludf.DUMMYFUNCTION("""COMPUTED_VALUE"""),"ACC") -> ACC | T12: =IFERROR(__xludf.DUMMYFUNCTION("""COMPUTED_VALUE"""),"Georgia Tech") -> Georgia Tech | U12: =IFERROR(__xludf.DUMMYFUNCTION("""COMPUTED_VALUE"""),"CUSA") -> CUSA | V12: =IFERROR(__xludf.DUMMYFUNCTION("""COMPUTED_VALUE"""),"UMASS") -> UMASS | W12: =IFERROR(__xludf.DUMMYFUNCTION("""COMPUTED_VALUE"""),"AAC") -> AAC | X12: =IFERROR(__xludf.DUMMYFUNCTION("""COMPUTED_VALUE"""),"Temple") -> Temple | Y12: =IFERROR(__xludf.DUMMYFUNCTION("""COMPUTED_VALUE"""),"SEC") -> SEC | Z12: =IFERROR(__xludf.DUMMYFUNCTION("""COMPUTED_VALUE"""),"South Carolina") -> South Carolina

Sheet DraftTracker
A1: draft | B1: rnd | C1: pick | D1: player | E1: conf | F1: team | G1: Error Check | H1: Same confs picked within 10 after | I1: Same confs picked within 20 after | J1: Same confs picked within 10 before | K1: Same confs picked within 20 before | L1: wins | M1: picks_better_than | N1: no_teams_slept_on | O1: W | P1: L | Q1: matchup | R1: Status (Time ET) | S1: opponent | T1: network | U1: Opening Spread | V1: Spread | W1: Current Total | X1: Total | Y1: PF | Z1: PA | AA1: wins_missed | AB1: picks_better_than | AC1: no_teams_slept_on | AD1: bestpick | AE1: wins_gained | AF1: teams_slept_on | AG1: wins_missed_conf | AH1: picks_better_than_conf | AI1: no_teams_slept_on_conf | AJ1: bestpick_conf | AK1: wins_gained_conf | AL1: teams_slept_on_conf | AM1: confs_avail | AN1: wins_missed_confs_avail | AO1: picks_better_than_confs_avail | AP1: no_teams_slept_on_confs_avail | AQ1: bestpick_confs_avail | AR1: wins_gained_confs_avail | AS1: teams_slept_on_confs_avail
A2: 1 | B2: 1 | C2: 1 | D2: Jeannine | E2: =if(F2<>"",VLOOKUP(F2,offset('Teams-Conference'!A:B,0,(counta('Draft Order'!B$2:B132)-10)*2),2,0),"") -> Big Ten | F2: Ohio State | G2: =if(F2<>"",if(match(F2,F:F,0)<ROW(F2),"ERROR: Team already selected in row " & ROW(F2)&". ","")&if(COUNTIFS(E:E,"="&E2,D:D,"="&D2)>1,"ERROR: Player picked from conference more than once.",if(F1="","ERROR: Previous pick is blank","")),"") | H2: =countif(E3:E12,E2) -> 0 | I2: =countif(E3:E24,E2) -> 0 | L2: {=iferror(VLOOKUP(F2:F132,'Current Week'!C:D,2,0),"")} -> 11 | M2: =IFERROR(__xludf.DUMMYFUNCTION("counta(iferror(filter(L1:L$2,E1:E$2=E2,L1:L$2<L2)))"),0.0) -> 0 | N2: =IFERROR(__xludf.DUMMYFUNCTION("counta(iferror(filter(L3:L$131,E3:E$131=E2,L3:L$134>L2)))"),0.0) -> 0 | O2: {=XLOOKUP(F2,'Current Week'!C:C,'Current Week'!D:O)} -> 11 | P2: 1 | Q2: (3) Michigan 45 (2) Ohio State 23 | R2: FINAL | S2: Nick G. | AA2: =$O2-max($O2:$O$395) -> -1 | AB2: =countif($O1:$O$2,"<"&$O2) -> 0 | AC2: =IFERROR(__xludf.DUMMYFUNCTION("iferror(COUNT(filter($O3:$O$395,$O3:$O$395>$O2)))"),3.0) -> 3 | AD2: =if(AA2=0,1,0) -> 0 | AE2: =$O2-min($O$2:$O2) -> 0 | AF2: =IFERROR(__xludf.DUMMYFUNCTION("iferror(join("","",index(sort(filter($F3:$F$395,$O3:$O$395>$O2),2,false),0,1)))"),"Georgia,Michigan,TCU") -> Georgia,Michigan,TCU | AG2: =IFERROR(__xludf.DUMMYFUNCTION("iferror($O2-max(filter($O2:$O$395,$E2:$E$395=$E$2)))"),-1.0) -> -1 | AH2: =countifs($O1:$O$2,"<"&$O2,$E1:$E$2,$E$2) -> 0 | AI2: =IFERROR(__xludf.DUMMYFUNCTION("iferror(COUNT(filter($O3:$O$395,$O3:$O$395>$O2,$E2:$E$395=$E$2)))"),0.0) -> 0 | AJ2: =if(AG2=0,1,0) -> 0 | AK2: =IFERROR(__xludf.DUMMYFUNCTION("iferror($O2-min(filter($O2:$O$395,$E2:$E$395=$E$2)))"),10.0) -> 10 | AL2: =IFERROR(__xludf.DUMMYFUNCTION("iferror(join("","",index(sort(filter($F3:$F$395,$O3:$O$395>$O2,$E3:$E$395=$E$2),2,false),0,1)))"),"Michigan") -> Michigan | AM2: =IFERROR(__xludf.DUMMYFUNCTION("REGEXREPLACE(join("","",unique({let(conf_picked,filter(E$1:E1,D$1:D1=D2), byrow(unique(TRANSPOSe(Teams!$1:$1)),lambda(rw,if(ISERROR(match(rw,conf_picked,0)),rw,))));iferror(if(#REF!,,transpose(split(#REF!,"","",1,1))))})), ""^,"", """")"),"AAC,ACC,Big 12,Big Ten,Pac12,CUSA,MAC,MWC,SEC,Sun Belt,") -> AAC,ACC,Big 12,Big Ten,Pac12,CUSA,MAC,MWC,SEC,Sun Belt, | AN2: =IFERROR(__xludf.DUMMYFUNCTION("iferror($O2-max(filter($O2:$O$395,arrayformula(isnumber(FIND($E2:$E$395,AM2))))))"),-1.0) -> -1 | AO2: {=countifs($O1:$O$2,"<"&$O2,isnumber(FIND($E1:$E$2,AM2)),TRUE)} -> 0 | AP2: =IFERROR(__xludf.DUMMYFUNCTION("iferror(COUNT(filter($O3:$O$395,$O3:$O$395>$O2,arrayformula(isnumber(FIND($E3:$E$395,AM2))))))"),3.0) -> 3 | AQ2: =if(AN2=0,1,0) -> 0 | AR2: =IFERROR(__xludf.DUMMYFUNCTION("$O2-min(filter($O2:$O$395,arrayformula(isnumber(FIND($E2:$E$395,AM2)))))"),10.0) -> 10 | AS2: =IFERROR(__xludf.DUMMYFUNCTION("iferror(join("","",index(sort(filter($F3:$F$395,$O3:$O$395>$O2,arrayformula(isnumber(FIND($E3:$E$395,AM2)))),2,false),0,1)))"),"Georgia,Michigan,TCU") -> Georgia,Michigan,TCU
A3: 2 | B3: 1 | C3: 2 | D3: Dan | E3: =if(F3<>"",VLOOKUP(F3,offset('Teams-Conference'!A:B,0,(counta('Draft Order'!B$2:B132)-10)*2),2,0),"") -> ACC | F3: Clemson | G3: =if(F3<>"",if(match(F3,F:F,0)<ROW(F3),"ERROR: Team already selected in row " & ROW(F3)&". ","")&if(COUNTIFS(E:E,"="&E3,D:D,"="&D3)>1,"ERROR: Player picked from conference more than once.",if(F2="","ERROR: Previous pick is blank","")),"") | H3: =countif(E4:E13,E3) -> 0 | I3: =countif(E4:E25,E3) -> 0 | L3: 10 | M3: =IFERROR(__xludf.DUMMYFUNCTION("counta(iferror(filter(L2:L$2,E2:E$2=E3,L2:L$2<L3)))"),0.0) -> 0 | N3: =IFERROR(__xludf.DUMMYFUNCTION("counta(iferror(filter(L4:L$131,E4:E$131=E3,L4:L$134>L3)))"),0.0) -> 0 | O3: {=XLOOKUP(F3,'Current Week'!C:C,'Current Week'!D:O)} -> 10 | P3: 2 | Q3: South Carolina 31 (8) Clemson 30 | R3: FINAL | S3: Nico | AA3: =$O3-max($O3:$O$395) -> -2 | AB3: =countif($O2:$O$2,"<"&$O3) -> 0 | AC3: =IFERROR(__xludf.DUMMYFUNCTION("iferror(COUNT(filter($O4:$O$395,$O4:$O$395>$O3)))"),4.0) -> 4 | AD3: =if(AA3=0,1,0) -> 0 | AE3: =$O3-min($O$2:$O3) -> 0 | AF3: =IFERROR(__xludf.DUMMYFUNCTION("iferror(join("","",index(sort(filter($F4:$F$396,$O4:$O$396>$O3),2,false),0,1)))"),"Georgia,USC,Michigan,TCU") -> Georgia,USC,Michigan,TCU | AG3: =IFERROR(__xludf.DUMMYFUNCTION("iferror($O3-max(filter($O3:$O$395,$E3:$E$395=$E$2)))"),-2.0) -> -2 | AH3: =countifs($O2:$O$2,"<"&$O3,$E2:$E$2,$E$2) -> 0 | AI3: =IFERROR(__xludf.DUMMYFUNCTION("iferror(COUNT(filter($O4:$O$395,$O4:$O$395>$O3,$E3:$E$395=$E$2)))"),0.0) -> 0 | AJ3: =if(AG3=0,1,0) -> 0 | AK3: =IFERROR(__xludf.DUMMYFUNCTION("iferror($O3-min(filter($O3:$O$395,$E3:$E$395=$E$2)))"),9.0) -> 9 | AL3: =IFERROR(__xludf.DUMMYFUNCTION("iferror(join("","",index(sort(filter($F4:$F$395,$O4:$O$395>$O3,$E4:$E$395=$E$2),2,false),0,1)))"),"Michigan") -> Michigan | AM3: =IFERROR(__xludf.DUMMYFUNCTION("REGEXREPLACE(join("","",unique({let(conf_picked,filter(E$1:E2,D$1:D2=D3), byrow(unique(TRANSPOSe(Teams!$1:$1)),lambda(rw,if(ISERROR(match(rw,conf_picked,0)),rw,))));iferror(if(#REF!,,transpose(split(#REF!,"","",1,1))))})), ""^,"", """")"),"AAC,ACC,Big 12,Big Ten,Pac12,CUSA,MAC,MWC,SEC,Sun Belt,") -> AAC,ACC,Big 12,Big Ten,Pac12,CUSA,MAC,MWC,SEC,Sun Belt, | AN3: =IFERROR(__xludf.DUMMYFUNCTION("iferror($O3-max(filter($O3:$O$395,arrayformula(isnumber(FIND($E3:$E$395,AM3))))))"),-2.0) -> -2 | AO3: {=countifs($O2:$O$2,"<"&$O3,isnumber(FIND($E2:$E$2,AM3)),TRUE)} -> 0 | AP3: =IFERROR(__xludf.DUMMYFUNCTION("iferror(COUNT(filter($O4:$O$395,$O4:$O$395>$O3,arrayformula(isnumber(FIND($E4:$E$395,AM3))))))"),4.0) -> 4 | AQ3: =if(AN3=0,1,0) -> 0 | AR3: =IFERROR(__xludf.DUMMYFUNCTION("$O3-min(filter($O3:$O$395,arrayformula(isnumber(FIND($E3:$E$395,AM3)))))"),9.0) -> 9 | AS3: =IFERROR(__xludf.DUMMYFUNCTION("iferror(join("","",index(sort(filter($F4:$F$395,$O4:$O$395>$O3,arrayformula(isnumber(FIND($E4:$E$395,AM3)))),2,false),0,1)))"),"Georgia,USC,Michigan,TCU") -> Georgia,USC,Michigan,TCU
A4: 3 | B4: 1 | C4: 3 | D4: DavEmily | E4: =if(F4<>"",VLOOKUP(F4,offset('Teams-Conference'!A:B,0,(counta('Draft Order'!B$2:B132)-10)*2),2,0),"") -> MAC | F4: Toledo | G4: =if(F4<>"",if(match(F4,F:F,0)<ROW(F4),"ERROR: Team already selected in row " & ROW(F4)&". ","")&if(COUNTIFS(E:E,"="&E4,D:D,"="&D4)>1,"ERROR: Player picked from conference more than once.",if(F3="","ERROR: Previous pick is blank","")),"") | H4: =countif(E5:E14,E4) -> 0 | I4: =countif(E5:E26,E4) -> 2 | L4: 7 | M4: =IFERROR(__xludf.DUMMYFUNCTION("counta(iferror(filter(L$2:L3,E$2:E3=E4,L$2:L3<L4)))"),0.0) -> 0 | N4: =IFERROR(__xludf.DUMMYFUNCTION("counta(iferror(filter(L5:L$131,E5:E$131=E4,L5:L$134>L4)))"),0.0) -> 0 | O4: {=XLOOKUP(F4,'Current Week'!C:C,'Current Week'!D:O)} -> 7 | P4: 5 | Q4: Toledo 14 Western Michigan 20 | R4: FINAL | S4: Nico | AA4: =$O4-max($O4:$O$395) -> -5 | AB4: =countif($O3:$O$2,"<"&$O4) -> 0 | AC4: =IFERROR(__xludf.DUMMYFUNCTION("iferror(COUNT(filter($O5:$O$395,$O5:$O$395>$O4)))"),43.0) -> 43 | AD4: =if(AA4=0,1,0) -> 0 | AE4: =$O4-min($O$2:$O4) -> 0 | AF4: =IFERROR(__xludf.DUMMYFUNCTION("iferror(join("","",index(sort(filter($F5:$F$396,$O5:$O$396>$O4),2,false),0,1)))"),"Cincinnati,Alabama,Coastal Carolina,Marshall,Georgia,Boise State,Air Force,Utah,UCF,USC,Fresno State,UTSA,Western Kentucky,Oregon,UCLA,Michigan,Notre Dame,Texas,NC State,TCU,Washington,Pittsburgh,North Carolina,Tulane,Oregon State,Troy,Penn State,Liberty,"&"James Madison,EMU,Florida State,Kansas State,Minnesota,South Alabama,Purdue,Ole Miss,Tennessee,Ohio,Mississippi State,LSU,Illinois,South Carolina,Duke") -> Cincinnati,Alabama,Coastal Carolina,Marshall,Georgia,Boise State,Air Force,Utah,UCF,USC,Fresno State,UTSA,Western Kentucky,Oregon,UCLA,Michigan,Notre Dame,Texas,NC State,TCU,Washington,Pittsburgh,North Carolina,Tulane,Oregon State,Troy,Penn State,Liberty,James Madison,EMU,Florida State,Kansas State,Minnesota,South Alabama,Purdue,Ole Miss,Tennessee,Ohio,Mississippi State,LSU,Illinois,South Carolina,Duke | AG4: =IFERROR(__xludf.DUMMYFUNCTION("iferror($O4-max(filter($O4:$O$395,$E4:$E$395=$E$2)))"),-5.0) -> -5 | AH4: =countifs($O3:$O$2,"<"&$O4,$E3:$E$2,$E$2) -> 0 | AI4: =IFERROR(__xludf.DUMMYFUNCTION("iferror(COUNT(filter($O5:$O$395,$O5:$O$395>$O4,$E4:$E$395=$E$2)))"),0.0) -> 0 | AJ4: =if(AG4=0,1,0) -> 0 | AK4: =IFERROR(__xludf.DUMMYFUNCTION("iferror($O4-min(filter($O4:$O$395,$E4:$E$395=$E$2)))"),6.0) -> 6 | AL4: =IFERROR(__xludf.DUMMYFUNCTION("iferror(join("","",index(sort(filter($F5:$F$395,$O5:$O$395>$O4,$E5:$E$395=$E$2),2,false),0,1)))"),"Michigan,Penn State,Minnesota,Purdue,Illinois") -> Michigan,Penn State,Minnesota,Purdue,Illinois | AM4: =IFERROR(__xludf.DUMMYFUNCTION("REGEXREPLACE(join("","",unique({let(conf_picked,filter(E$1:E3,D$1:D3=D4), byrow(unique(TRANSPOSe(Teams!$1:$1)),lambda(rw,if(ISERROR(match(rw,conf_picked,0)),rw,))));iferror(if(#REF!,,transpose(split(#REF!,"","",1,1))))})), ""^,"", """")"),"AAC,ACC,Big 12,Big Ten,Pac12,CUSA,MAC,MWC,SEC,Sun Belt,") -> AAC,ACC,Big 12,Big Ten,Pac12,CUSA,MAC,MWC,SEC,Sun Belt, | AN4: =IFERROR(__xludf.DUMMYFUNCTION("iferror($O4-max(filter($O4:$O$395,arrayformula(isnumber(FIND($E4:$E$395,AM4))))))"),-5.0) -> -5 | AO4: {=countifs($O$2:$O3,"<"&$O4,isnumber(FIND($E$2:$E3,AM4)),TRUE)} -> 0 | AP4: =IFERROR(__xludf.DUMMYFUNCTION("iferror(COUNT(filter($O5:$O$395,$O5:$O$395>$O4,arrayformula(isnumber(FIND($E5:$E$395,AM4))))))"),43.0) -> 43 | AQ4: =if(AN4=0,1,0) -> 0 | AR4: =IFERROR(__xludf.DUMMYFUNCTION("$O4-min(filter($O4:$O$395,arrayformula(isnumber(FIND($E4:$E$395,AM4)))))"),6.0) -> 6 | AS4: =IFERROR(__xludf.DUMMYFUNCTION("iferror(join("","",index(sort(filter($F5:$F$395,$O5:$O$395>$O4,arrayformula(isnumber(FIND($E5:$E$395,AM4)))),2,false),0,1)))"),"Cincinnati,Alabama,Coastal Carolina,Marshall,Georgia,Boise State,Air Force,Utah,UCF,USC,Fresno State,UTSA,Western Kentucky,Oregon,UCLA,Michigan,Notre Dame,Texas,NC State,TCU,Washington,Pittsburgh,North Carolina,Tulane,Oregon State,Troy,Penn State,Liberty,"&"James Madison,EMU,Florida State,Kansas State,Minnesota,South Alabama,Purdue,Ole Miss,Tennessee,Ohio,Mississippi State,LSU,Illinois,South Carolina,Duke") -> Cincinnati,Alabama,Coastal Carolina,Marshall,Georgia,Boise State,Air Force,Utah,UCF,USC,Fresno State,UTSA,Western Kentucky,Oregon,UCLA,Michigan,Notre Dame,Texas,NC State,TCU,Washington,Pittsburgh,North Carolina,Tulane,Oregon State,Troy,Penn State,Liberty,James Madison,EMU,Florida State,Kansas State,Minnesota,South Alabama,Purdue,Ole Miss,Tennessee,Ohio,Mississippi State,LSU,Illinois,South Carolina,Duke
A5: 4 | B5: 1 | C5: 4 | D5: Nick G. | E5: =if(F5<>"",VLOOKUP(F5,offset('Teams-Conference'!A:B,0,(counta('Draft Order'!B$2:B132)-10)*2),2,0),"") -> Sun Belt | F5: Appalachian State | G5: =if(F5<>"",if(match(F5,F:F,0)<ROW(F5),"ERROR: Team already selected in row " & ROW(F5)&". ","")&if(COUNTIFS(E:E,"="&E5,D:D,"="&D5)>1,"ERROR: Player picked from conference more than once.",if(F4="","ERROR: Previous pick is blank","")),"") | H5: =countif(E6:E15,E5) -> 3 | I5: =countif(E6:E27,E5) -> 3 | L5: 6 | M5: =IFERROR(__xludf.DUMMYFUNCTION("counta(iferror(filter(L$2:L4,E$2:E4=E5,L$2:L4<L5)))"),0.0) -> 0 | N5: =IFERROR(__xludf.DUMMYFUNCTION("counta(iferror(filter(L6:L$131,E6:E$131=E5,L6:L$134>L5)))"),0.0) -> 0 | O5: {=XLOOKUP(F5,'Current Week'!C:C,'Current Week'!D:O)} -> 6 | P5: 6 | Q5: Appalachian State 13 Georgia Southern 7 | R5: FINAL | S5: DavEmily | T5: espn+ | AA5: =$O5-max($O5:$O$395) -> -6 | AB5: =countif($O4:$O$2,"<"&$O5) -> 0 | AC5: =IFERROR(__xludf.DUMMYFUNCTION("iferror(COUNT(filter($O6:$O$395,$O6:$O$395>$O5)))"),61.0) -> 61 | AD5: =if(AA5=0,1,0) -> 0 | AE5: =$O5-min($O$2:$O5) -> 0 | AF5: =IFERROR(__xludf.DUMMYFUNCTION("iferror(join("","",index(sort(filter($F6:$F$396,$O6:$O$396>$O5),2,false),0,1)))"),"Cincinnati,Alabama,Coastal Carolina,Marshall,Georgia,Boise State,Air Force,Utah,Houston,UCF,USC,Fresno State,BYU,UTSA,Western Kentucky,Oregon,San Diego State,UCLA,Michigan,San José State,Notre Dame,Texas,Oklahoma State,NC State,TCU,Washington,Pittsburgh,E"&"ast Carolina,North Carolina,SMU,Kentucky,Tulane,North Texas,Wake Forest,Oregon State,Troy,Penn State,Liberty,James Madison,EMU,Wyoming,Florida State,Middle Tennessee,Kansas State,Texas Tech,Washington State,Minnesota,South Alabama,Louisville,Iowa,Purdue,O"&"le Miss,Maryland,Syracuse,Tennessee,Ohio,Mississippi State,LSU,Illinois,South Carolina,Duke") -> Cincinnati,Alabama,Coastal Carolina,Marshall,Georgia,Boise State,Air Force,Utah,Houston,UCF,USC,Fresno State,BYU,UTSA,Western Kentucky,Oregon,San Diego State,UCLA,Michigan,San José State,Notre Dame,Texas,Oklahoma State,NC State,TCU,Washington,Pittsburgh,East Carolina,North Carolina,SMU,Kentucky,Tulane,North Texas,Wake Forest,Oregon State,Troy,Penn State,Liberty,James Madison,EMU,Wyoming,Florida State,Middle Tennessee,Kansas State,Texas Tech,Washington State,Minnesota,South Alabama,Louisville,Iowa,Purdue,Ole Miss,Maryland,Syracuse,Tennessee,Ohio,Mississippi State,LSU,Illinois,South Carolina,Duke | AG5: =IFERROR(__xludf.DUMMYFUNCTION("iferror($O5-max(filter($O5:$O$395,$E5:$E$395=$E$2)))"),-6.0) -> -6 | AH5: =countifs($O4:$O$2,"<"&$O5,$E4:$E$2,$E$2) -> 0 | AI5: =IFERROR(__xludf.DUMMYFUNCTION("iferror(COUNT(filter($O6:$O$395,$O6:$O$395>$O5,$E5:$E$395=$E$2)))"),0.0) -> 0 | AJ5: =if(AG5=0,1,0) -> 0 | AK5: =IFERROR(__xludf.DUMMYFUNCTION("iferror($O5-min(filter($O5:$O$395,$E5:$E$395=$E$2)))"),5.0) -> 5 | AL5: =IFERROR(__xludf.DUMMYFUNCTION("iferror(join("","",index(sort(filter($F6:$F$395,$O6:$O$395>$O5,$E6:$E$395=$E$2),2,false),0,1)))"),"Michigan,Penn State,Minnesota,Iowa,Purdue,Maryland,Illinois") -> Michigan,Penn State,Minnesota,Iowa,Purdue,Maryland,Illinois | AM5: =IFERROR(__xludf.DUMMYFUNCTION("REGEXREPLACE(join("","",unique({let(conf_picked,filter(E$1:E4,D$1:D4=D5), byrow(unique(TRANSPOSe(Teams!$1:$1)),lambda(rw,if(ISERROR(match(rw,conf_picked,0)),rw,))));iferror(if(#REF!,,transpose(split(#REF!,"","",1,1))))})), ""^,"", """")"),"AAC,ACC,Big 12,Big Ten,Pac12,CUSA,MAC,MWC,SEC,Sun Belt,") -> AAC,ACC,Big 12,Big Ten,Pac12,CUSA,MAC,MWC,SEC,Sun Belt, | AN5: =IFERROR(__xludf.DUMMYFUNCTION("iferror($O5-max(filter($O5:$O$395,arrayformula(isnumber(FIND($E5:$E$395,AM5))))))"),-6.0) -> -6 | AO5: {=countifs($O$2:$O4,"<"&$O5,isnumber(FIND($E$2:$E4,AM5)),TRUE)} -> 0 | AP5: =IFERROR(__xludf.DUMMYFUNCTION("iferror(COUNT(filter($O6:$O$395,$O6:$O$395>$O5,arrayformula(isnumber(FIND($E6:$E$395,AM5))))))"),61.0) -> 61 | AQ5: =if(AN5=0,1,0) -> 0 | AR5: =IFERROR(__xludf.DUMMYFUNCTION("$O5-min(filter($O5:$O$395,arrayformula(isnumber(FIND($E5:$E$395,AM5)))))"),5.0) -> 5 | AS5: =IFERROR(__xludf.DUMMYFUNCTION("iferror(join("","",index(sort(filter($F6:$F$395,$O6:$O$395>$O5,arrayformula(isnumber(FIND($E6:$E$395,AM5)))),2,false),0,1)))"),"Cincinnati,Alabama,Coastal Carolina,Marshall,Georgia,Boise State,Air Force,Utah,Houston,UCF,USC,Fresno State,BYU,UTSA,Western Kentucky,Oregon,San Diego State,UCLA,Michigan,San José State,Notre Dame,Texas,Oklahoma State,NC State,TCU,Washington,Pittsburgh,E"&"ast Carolina,North Carolina,SMU,Kentucky,Tulane,North Texas,Wake Forest,Oregon State,Troy,Penn State,Liberty,James Madison,EMU,Wyoming,Florida State,Middle Tennessee,Kansas State,Texas Tech,Washington State,Minnesota,South Alabama,Louisville,Iowa,Purdue,O"&"le Miss,Maryland,Syracuse,Tennessee,Ohio,Mississippi State,LSU,Illinois,South Carolina,Duke") -> Cincinnati,Alabama,Coastal Carolina,Marshall,Georgia,Boise State,Air Force,Utah,Houston,UCF,USC,Fresno State,BYU,UTSA,Western Kentucky,Oregon,San Diego State,UCLA,Michigan,San José State,Notre Dame,Texas,Oklahoma State,NC State,TCU,Washington,Pittsburgh,East Carolina,North Carolina,SMU,Kentucky,Tulane,North Texas,Wake Forest,Oregon State,Troy,Penn State,Liberty,James Madison,EMU,Wyoming,Florida State,Middle Tennessee,Kansas State,Texas Tech,Washington State,Minnesota,South Alabama,Louisville,Iowa,Purdue,Ole Miss,Maryland,Syracuse,Tennessee,Ohio,Mississippi State,LSU,Illinois,South Carolina,Duke
A6: 5 | B6: 1 | C6: 5 | D6: Masa | E6: =if(F6<>"",VLOOKUP(F6,offset('Teams-Conference'!A:B,0,(counta('Draft Order'!B$2:B132)-10)*2),2,0),"") -> AAC | F6: Cincinnati | G6: =if(F6<>"",if(match(F6,F:F,0)<ROW(F6),"ERROR: Team already selected in row " & ROW(F6)&". ","")&if(COUNTIFS(E:E,"="&E6,D:D,"="&D6)>1,"ERROR: Player picked from conference more than once.",if(F5="","ERROR: Previous pick is blank","")),"") | H6: =countif(E7:E16,E6) -> 1 | I6: =countif(E7:E28,E6) -> 4 | L6: 9 | M6: =IFERROR(__xludf.DUMMYFUNCTION("counta(iferror(filter(L$2:L5,E$2:E5=E6,L$2:L5<L6)))"),0.0) -> 0 | N6: =IFERROR(__xludf.DUMMYFUNCTION("counta(iferror(filter(L7:L$131,E7:E$131=E6,L7:L$134>L6)))"),0.0) -> 0 | O6: {=XLOOKUP(F6,'Current Week'!C:C,'Current Week'!D:O)} -> 9 | P6: 3 | Q6: (20) Tulane 27 (21) Cincinnati 24 | R6: FINAL | S6: DavEmily | AA6: =$O6-max($O6:$O$395) -> -3 | AB6: =countif($O5:$O$2,"<"&$O6) -> 2 | AC6: =IFERROR(__xludf.DUMMYFUNCTION("iferror(COUNT(filter($O7:$O$395,$O7:$O$395>$O6)))"),12.0) -> 12 | AD6: =if(AA6=0,1,0) -> 0 | AE6: =$O6-min($O$2:$O6) -> 3 | AF6: =IFERROR(__xludf.DUMMYFUNCTION("iferror(join("","",index(sort(filter($F7:$F$396,$O7:$O$396>$O6),2,false),0,1)))"),"Alabama,Georgia,USC,UTSA,Michigan,TCU,Washington,Tulane,Troy,Penn State,South Alabama,Tennessee") -> Alabama,Georgia,USC,UTSA,Michigan,TCU,Washington,Tulane,Troy,Penn State,South Alabama,Tennessee | AG6: =IFERROR(__xludf.DUMMYFUNCTION("iferror($O6-max(filter($O6:$O$395,$E6:$E$395=$E$2)))"),-3.0) -> -3 | AH6: =countifs($O5:$O$2,"<"&$O6,$E5:$E$2,$E$2) -> 0 | AI6: =IFERROR(__xludf.DUMMYFUNCTION("iferror(COUNT(filter($O7:$O$395,$O7:$O$395>$O6,$E6:$E$395=$E$2)))"),0.0) -> 0 | AJ6: =if(AG6=0,1,0) -> 0 | AK6: =IFERROR(__xludf.DUMMYFUNCTION("iferror($O6-min(filter($O6:$O$395,$E6:$E$395=$E$2)))"),8.0) -> 8 | AL6: =IFERROR(__xludf.DUMMYFUNCTION("iferror(join("","",index(sort(filter($F7:$F$395,$O7:$O$395>$O6,$E7:$E$395=$E$2),2,false),0,1)))"),"Michigan,Penn State") -> Michigan,Penn State | AM6: =IFERROR(__xludf.DUMMYFUNCTION("REGEXREPLACE(join("","",unique({let(conf_picked,filter(E$1:E5,D$1:D5=D6), byrow(unique(TRANSPOSe(Teams!$1:$1)),lambda(rw,if(ISERROR(match(rw,conf_picked,0)),rw,))));iferror(if(#REF!,,transpose(split(#REF!,"","",1,1))))})), ""^,"", """")"),"AAC,ACC,Big 12,Big Ten,Pac12,CUSA,MAC,MWC,SEC,Sun Belt,") -> AAC,ACC,Big 12,Big Ten,Pac12,CUSA,MAC,MWC,SEC,Sun Belt, | AN6: =IFERROR(__xludf.DUMMYFUNCTION("iferror($O6-max(filter($O6:$O$395,arrayformula(isnumber(FIND($E6:$E$395,AM6))))))"),-3.0) -> -3 | AO6: {=countifs($O$2:$O5,"<"&$O6,isnumber(FIND($E$2:$E5,AM6)),TRUE)} -> 2 | AP6: =IFERROR(__xludf.DUMMYFUNCTION("iferror(COUNT(filter($O7:$O$395,$O7:$O$395>$O6,arrayformula(isnumber(FIND($E7:$E$395,AM6))))))"),12.0) -> 12 | AQ6: =if(AN6=0,1,0) -> 0 | AR6: =IFERROR(__xludf.DUMMYFUNCTION("$O6-min(filter($O6:$O$395,arrayformula(isnumber(FIND($E6:$E$395,AM6)))))"),8.0) -> 8 | AS6: =IFERROR(__xludf.DUMMYFUNCTION("iferror(join("","",index(sort(filter($F7:$F$395,$O7:$O$395>$O6,arrayformula(isnumber(FIND($E7:$E$395,AM6)))),2,false),0,1)))"),"Alabama,Georgia,USC,UTSA,Michigan,TCU,Washington,Tulane,Troy,Penn State,South Alabama,Tennessee") -> Alabama,Georgia,USC,UTSA,Michigan,TCU,Washington,Tulane,Troy,Penn State,South Alabama,Tennessee
A7: 6 | B7: 1 | C7: 6 | D7: Josh | E7: =if(F7<>"",VLOOKUP(F7,offset('Teams-Conference'!A:B,0,(counta('Draft Order'!B$2:B132)-10)*2),2,0),"") -> SEC | F7: Alabama | G7: =if(F7<>"",if(match(F7,F:F,0)<ROW(F7),"ERROR: Team already selected in row " & ROW(F7)&". ","")&if(COUNTIFS(E:E,"="&E7,D:D,"="&D7)>1,"ERROR: Player picked from conference more than once.",if(F6="","ERROR: Previous pick is blank","")),"") | H7: =countif(E8:E17,E7) -> 1 | I7: =countif(E8:E29,E7) -> 1 | L7: 10 | M7: =IFERROR(__xludf.DUMMYFUNCTION("counta(iferror(filter(L$2:L6,E$2:E6=E7,L$2:L6<L7)))"),0.0) -> 0 | N7: =IFERROR(__xludf.DUMMYFUNCTION("counta(iferror(filter(L8:L$131,E8:E$131=E7,L8:L$134>L7)))"),0.0) -> 0 | O7: {=XLOOKUP(F7,'Current Week'!C:C,'Current Week'!D:O)} -> 10 | P7: 2 | Q7: Auburn 27 (7) Alabama 42 | R7: FINAL | S7: Nick A. | T7: CBS | AA7: =$O7-max($O7:$O$395) -> -2 | AB7: =countif($O6:$O$2,"<"&$O7) -> 3 | AC7: =IFERROR(__xludf.DUMMYFUNCTION("iferror(COUNT(filter($O8:$O$395,$O8:$O$395>$O7)))"),4.0) -> 4 | AD7: =if(AA7=0,1,0) -> 0 | AE7: =$O7-min($O$2:$O7) -> 4 | AF7: =IFERROR(__xludf.DUMMYFUNCTION("iferror(join("","",index(sort(filter($F8:$F$396,$O8:$O$396>$O7),2,false),0,1)))"),"Georgia,USC,Michigan,TCU") -> Georgia,USC,Michigan,TCU | AG7: =IFERROR(__xludf.DUMMYFUNCTION("iferror($O7-max(filter($O7:$O$395,$E7:$E$395=$E$2)))"),-2.0) -> -2 | AH7: =countifs($O6:$O$2,"<"&$O7,$E6:$E$2,$E$2) -> 0 | AI7: =IFERROR(__xludf.DUMMYFUNCTION("iferror(COUNT(filter($O8:$O$395,$O8:$O$395>$O7,$E7:$E$395=$E$2)))"),0.0) -> 0 | AJ7: =if(AG7=0,1,0) -> 0 | AK7: =IFERROR(__xludf.DUMMYFUNCTION("iferror($O7-min(filter($O7:$O$395,$E7:$E$395=$E$2)))"),9.0) -> 9 | AL7: =IFERROR(__xludf.DUMMYFUNCTION("iferror(join("","",index(sort(filter($F8:$F$395,$O8:$O$395>$O7,$E8:$E$395=$E$2),2,false),0,1)))"),"Michigan") -> Michigan | AM7: =IFERROR(__xludf.DUMMYFUNCTION("REGEXREPLACE(join("","",unique({let(conf_picked,filter(E$1:E6,D$1:D6=D7), byrow(unique(TRANSPOSe(Teams!$1:$1)),lambda(rw,if(ISERROR(match(rw,conf_picked,0)),rw,))));iferror(if(#REF!,,transpose(split(#REF!,"","",1,1))))})), ""^,"", """")"),"AAC,ACC,Big 12,Big Ten,Pac12,CUSA,MAC,MWC,SEC,Sun Belt,") -> AAC,ACC,Big 12,Big Ten,Pac12,CUSA,MAC,MWC,SEC,Sun Belt, | AN7: =IFERROR(__xludf.DUMMYFUNCTION("iferror($O7-max(filter($O7:$O$395,arrayformula(isnumber(FIND($E7:$E$395,AM7))))))"),-2.0) -> -2 | AO7: {=countifs($O$2:$O6,"<"&$O7,isnumber(FIND($E$2:$E6,AM7)),TRUE)} -> 3 | AP7: =IFERROR(__xludf.DUMMYFUNCTION("iferror(COUNT(filter($O8:$O$395,$O8:$O$395>$O7,arrayformula(isnumber(FIND($E8:$E$395,AM7))))))"),4.0) -> 4 | AQ7: =if(AN7=0,1,0) -> 0 | AR7: =IFERROR(__xludf.DUMMYFUNCTION("$O7-min(filter($O7:$O$395,arrayformula(isnumber(FIND($E7:$E$395,AM7)))))"),9.0) -> 9 | AS7: =IFERROR(__xludf.DUMMYFUNCTION("iferror(join("","",index(sort(filter($F8:$F$395,$O8:$O$395>$O7,arrayformula(isnumber(FIND($E8:$E$395,AM7)))),2,false),0,1)))"),"Georgia,USC,Michigan,TCU") -> Georgia,USC,Michigan,TCU
A8: 7 | B8: 1 | C8: 7 | D8: Brad | E8: =if(F8<>"",VLOOKUP(F8,offset('Teams-Conference'!A:B,0,(counta('Draft Order'!B$2:B132)-10)*2),2,0),"") -> Sun Belt | F8: UL Lafayette | G8: =if(F8<>"",if(match(F8,F:F,0)<ROW(F8),"ERROR: Team already selected in row " & ROW(F8)&". ","")&if(COUNTIFS(E:E,"="&E8,D:D,"="&D8)>1,"ERROR: Player picked from conference more than once.",if(F7="","ERROR: Previous pick is blank","")),"") | H8: =countif(E9:E18,E8) -> 2 | I8: =countif(E9:E30,E8) -> 2 | L8: 6 | M8: =IFERROR(__xludf.DUMMYFUNCTION("counta(iferror(filter(L$2:L7,E$2:E7=E8,L$2:L7<L8)))"),0.0) -> 0 | N8: =IFERROR(__xludf.DUMMYFUNCTION("counta(iferror(filter(L9:L$131,E9:E$131=E8,L9:L$134>L8)))"),0.0) -> 0 | O8: {=XLOOKUP(F8,'Current Week'!C:C,'Current Week'!D:O)} -> 6 | P8: 6 | Q8: UL Lafayette 26 Texas State 6 | R8: FINAL | S8: Vu | T8: espn+ | AA8: =$O8-max($O8:$O$395) -> -6 | AB8: =countif($O7:$O$2,"<"&$O8) -> 0 | AC8: =IFERROR(__xludf.DUMMYFUNCTION("iferror(COUNT(filter($O9:$O$395,$O9:$O$395>$O8)))"),59.0) -> 59 | AD8: =if(AA8=0,1,0) -> 0 | AE8: =$O8-min($O$2:$O8) -> 0 | AF8: =IFERROR(__xludf.DUMMYFUNCTION("iferror(join("","",index(sort(filter($F9:$F$396,$O9:$O$396>$O8),2,false),0,1)))"),"Coastal Carolina,Marshall,Georgia,Boise State,Air Force,Utah,Houston,UCF,USC,Fresno State,BYU,UTSA,Western Kentucky,Oregon,San Diego State,UCLA,Michigan,San José State,Notre Dame,Texas,Oklahoma State,NC State,TCU,Washington,Pittsburgh,East Carolina,North "&"Carolina,SMU,Kentucky,Tulane,North Texas,Wake Forest,Oregon State,Troy,Penn State,Liberty,James Madison,EMU,Wyoming,Florida State,Middle Tennessee,Kansas State,Texas Tech,Washington State,Minnesota,South Alabama,Louisville,Iowa,Purdue,Ole Miss,Maryland,Sy"&"racuse,Tennessee,Ohio,Mississippi State,LSU,Illinois,South Carolina,Duke") -> Coastal Carolina,Marshall,Georgia,Boise State,Air Force,Utah,Houston,UCF,USC,Fresno State,BYU,UTSA,Western Kentucky,Oregon,San Diego State,UCLA,Michigan,San José State,Notre Dame,Texas,Oklahoma State,NC State,TCU,Washington,Pittsburgh,East Carolina,North Carolina,SMU,Kentucky,Tulane,North Texas,Wake Forest,Oregon State,Troy,Penn State,Liberty,James Madison,EMU,Wyoming,Florida State,Middle Tennessee,Kansas State,Texas Tech,Washington State,Minnesota,South Alabama,Louisville,Iowa,Purdue,Ole Miss,Maryland,Syracuse,Tennessee,Ohio,Mississippi State,LSU,Illinois,South Carolina,Duke | AG8: =IFERROR(__xludf.DUMMYFUNCTION("iferror($O8-max(filter($O8:$O$395,$E8:$E$395=$E$2)))"),-6.0) -> -6 | AH8: =countifs($O7:$O$2,"<"&$O8,$E7:$E$2,$E$2) -> 0 | AI8: =IFERROR(__xludf.DUMMYFUNCTION("iferror(COUNT(filter($O9:$O$395,$O9:$O$395>$O8,$E8:$E$395=$E$2)))"),0.0) -> 0 | AJ8: =if(AG8=0,1,0) -> 0 | AK8: =IFERROR(__xludf.DUMMYFUNCTION("iferror($O8-min(filter($O8:$O$395,$E8:$E$395=$E$2)))"),5.0) -> 5 | AL8: =IFERROR(__xludf.DUMMYFUNCTION("iferror(join("","",index(sort(filter($F9:$F$395,$O9:$O$395>$O8,$E9:$E$395=$E$2),2,false),0,1)))"),"Michigan,Penn State,Minnesota,Iowa,Purdue,Maryland,Illinois") -> Michigan,Penn State,Minnesota,Iowa,Purdue,Maryland,Illinois | AM8: =IFERROR(__xludf.DUMMYFUNCTION("REGEXREPLACE(join("","",unique({let(conf_picked,filter(E$1:E7,D$1:D7=D8), byrow(unique(TRANSPOSe(Teams!$1:$1)),lambda(rw,if(ISERROR(match(rw,conf_picked,0)),rw,))));iferror(if(#REF!,,transpose(split(#REF!,"","",1,1))))})), ""^,"", """")"),"AAC,ACC,Big 12,Big Ten,Pac12,CUSA,MAC,MWC,SEC,Sun Belt,") -> AAC,ACC,Big 12,Big Ten,Pac12,CUSA,MAC,MWC,SEC,Sun Belt, | AN8: =IFERROR(__xludf.DUMMYFUNCTION("iferror($O8-max(filter($O8:$O$395,arrayformula(isnumber(FIND($E8:$E$395,AM8))))))"),-6.0) -> -6 | AO8: {=countifs($O$2:$O7,"<"&$O8,isnumber(FIND($E$2:$E7,AM8)),TRUE)} -> 0 | AP8: =IFERROR(__xludf.DUMMYFUNCTION("iferror(COUNT(filter($O9:$O$395,$O9:$O$395>$O8,arrayformula(isnumber(FIND($E9:$E$395,AM8))))))"),59.0) -> 59 | AQ8: =if(AN8=0,1,0) -> 0 | AR8: =IFERROR(__xludf.DUMMYFUNCTION("$O8-min(filter($O8:$O$395,arrayformula(isnumber(FIND($E8:$E$395,AM8)))))"),5.0) -> 5 | AS8: =IFERROR(__xludf.DUMMYFUNCTION("iferror(join("","",index(sort(filter($F9:$F$395,$O9:$O$395>$O8,arrayformula(isnumber(FIND($E9:$E$395,AM8)))),2,false),0,1)))"),"Coastal Carolina,Marshall,Georgia,Boise State,Air Force,Utah,Houston,UCF,USC,Fresno State,BYU,UTSA,Western Kentucky,Oregon,San Diego State,UCLA,Michigan,San José State,Notre Dame,Texas,Oklahoma State,NC State,TCU,Washington,Pittsburgh,East Carolina,North "&"Carolina,SMU,Kentucky,Tulane,North Texas,Wake Forest,Oregon State,Troy,Penn State,Liberty,James Madison,EMU,Wyoming,Florida State,Middle Tennessee,Kansas State,Texas Tech,Washington State,Minnesota,South Alabama,Louisville,Iowa,Purdue,Ole Miss,Maryland,Sy"&"racuse,Tennessee,Ohio,Mississippi State,LSU,Illinois,South Carolina,Duke") -> Coastal Carolina,Marshall,Georgia,Boise State,Air Force,Utah,Houston,UCF,USC,Fresno State,BYU,UTSA,Western Kentucky,Oregon,San Diego State,UCLA,Michigan,San José State,Notre Dame,Texas,Oklahoma State,NC State,TCU,Washington,Pittsburgh,East Carolina,North Carolina,SMU,Kentucky,Tulane,North Texas,Wake Forest,Oregon State,Troy,Penn State,Liberty,James Madison,EMU,Wyoming,Florida State,Middle Tennessee,Kansas State,Texas Tech,Washington State,Minnesota,South Alabama,Louisville,Iowa,Purdue,Ole Miss,Maryland,Syracuse,Tennessee,Ohio,Mississippi State,LSU,Illinois,South Carolina,Duke
A9: 8 | B9: 1 | C9: 8 | D9: Gary | E9: =if(F9<>"",VLOOKUP(F9,offset('Teams-Conference'!A:B,0,(counta('Draft Order'!B$2:B132)-10)*2),2,0),"") -> Sun Belt | F9: Coastal Carolina | G9: =if(F9<>"",if(match(F9,F:F,0)<ROW(F9),"ERROR: Team already selected in row " & ROW(F9)&". ","")&if(COUNTIFS(E:E,"="&E9,D:D,"="&D9)>1,"ERROR: Player picked from conference more than once.",if(F8="","ERROR: Previous pick is blank","")),"") | H9: =countif(E10:E19,E9) -> 1 | I9: =countif(E10:E31,E9) -> 1 | L9: 9 | M9: =IFERROR(__xludf.DUMMYFUNCTION("counta(iferror(filter(L$2:L8,E$2:E8=E9,L$2:L8<L9)))"),2.0) -> 2 | N9: =IFERROR(__xludf.DUMMYFUNCTION("counta(iferror(filter(L10:L$131,E10:E$131=E9,L10:L$134>L9)))"),0.0) -> 0 | O9: {=XLOOKUP(F9,'Current Week'!C:C,'Current Week'!D:O)} -> 9 | P9: 2 | Q9: (23) Coastal Carolina 7 James Madison 47 | R9: FINAL | S9: Justin | AA9: =$O9-max($O9:$O$395) -> -3 | AB9: =countif($O8:$O$2,"<"&$O9) -> 3 | AC9: =IFERROR(__xludf.DUMMYFUNCTION("iferror(COUNT(filter($O10:$O$395,$O10:$O$395>$O9)))"),11.0) -> 11 | AD9: =if(AA9=0,1,0) -> 0 | AE9: =$O9-min($O$2:$O9) -> 3 | AF9: =IFERROR(__xludf.DUMMYFUNCTION("iferror(join("","",index(sort(filter($F10:$F$396,$O10:$O$396>$O9),2,false),0,1)))"),"Georgia,USC,UTSA,Michigan,TCU,Washington,Tulane,Troy,Penn State,South Alabama,Tennessee") -> Georgia,USC,UTSA,Michigan,TCU,Washington,Tulane,Troy,Penn State,South Alabama,Tennessee | AG9: =IFERROR(__xludf.DUMMYFUNCTION("iferror($O9-max(filter($O9:$O$395,$E9:$E$395=$E$2)))"),-3.0) -> -3 | AH9: =countifs($O8:$O$2,"<"&$O9,$E8:$E$2,$E$2) -> 0 | AI9: =IFERROR(__xludf.DUMMYFUNCTION("iferror(COUNT(filter($O10:$O$395,$O10:$O$395>$O9,$E9:$E$395=$E$2)))"),0.0) -> 0 | AJ9: =if(AG9=0,1,0) -> 0 | AK9: =IFERROR(__xludf.DUMMYFUNCTION("iferror($O9-min(filter($O9:$O$395,$E9:$E$395=$E$2)))"),8.0) -> 8 | AL9: =IFERROR(__xludf.DUMMYFUNCTION("iferror(join("","",index(sort(filter($F10:$F$395,$O10:$O$395>$O9,$E10:$E$395=$E$2),2,false),0,1)))"),"Michigan,Penn State") -> Michigan,Penn State | AM9: =IFERROR(__xludf.DUMMYFUNCTION("REGEXREPLACE(join("","",unique({let(conf_picked,filter(E$1:E8,D$1:D8=D9), byrow(unique(TRANSPOSe(Teams!$1:$1)),lambda(rw,if(ISERROR(match(rw,conf_picked,0)),rw,))));iferror(if(#REF!,,transpose(split(#REF!,"","",1,1))))})), ""^,"", """")"),"AAC,ACC,Big 12,Big Ten,Pac12,CUSA,MAC,MWC,SEC,Sun Belt,") -> AAC,ACC,Big 12,Big Ten,Pac12,CUSA,MAC,MWC,SEC,Sun Belt, | AN9: =IFERROR(__xludf.DUMMYFUNCTION("iferror($O9-max(filter($O9:$O$395,arrayformula(isnumber(FIND($E9:$E$395,AM9))))))"),-3.0) -> -3 | AO9: {=countifs($O$2:$O8,"<"&$O9,isnumber(FIND($E$2:$E8,AM9)),TRUE)} -> 3 | AP9: =IFERROR(__xludf.DUMMYFUNCTION("iferror(COUNT(filter($O10:$O$395,$O10:$O$395>$O9,arrayformula(isnumber(FIND($E10:$E$395,AM9))))))"),11.0) -> 11 | AQ9: =if(AN9=0,1,0) -> 0 | AR9: =IFERROR(__xludf.DUMMYFUNCTION("$O9-min(filter($O9:$O$395,arrayformula(isnumber(FIND($E9:$E$395,AM9)))))"),8.0) -> 8 | AS9: =IFERROR(__xludf.DUMMYFUNCTION("iferror(join("","",index(sort(filter($F10:$F$395,$O10:$O$395>$O9,arrayformula(isnumber(FIND($E10:$E$395,AM9)))),2,false),0,1)))"),"Georgia,USC,UTSA,Michigan,TCU,Washington,Tulane,Troy,Penn State,South Alabama,Tennessee") -> Georgia,USC,UTSA,Michigan,TCU,Washington,Tulane,Troy,Penn State,South Alabama,Tennessee
A10: 9 | B10: 1 | C10: 9 | D10: Nick A. | E10: =if(F10<>"",VLOOKUP(F10,offset('Teams-Conference'!A:B,0,(counta('Draft Order'!B$2:B132)-10)*2),2,0),"") -> Sun Belt | F10: Marshall | G10: =if(F10<>"",if(match(F10,F:F,0)<ROW(F10),"ERROR: Team already selected in row " & ROW(F10)&". ","")&if(COUNTIFS(E:E,"="&E10,D:D,"="&D10)>1,"ERROR: Player picked from conference more than once.",if(F9="","ERROR: Previous pick is blank","")),"") | H10: =countif(E11:E20,E10) -> 0 | I10: =countif(E11:E32,E10) -> 0 | L10: 8 | M10: =IFERROR(__xludf.DUMMYFUNCTION("counta(iferror(filter(L$2:L10,E$2:E10=E10,L$2:L10<L10)))"),2.0) -> 2 | N10: =IFERROR(__xludf.DUMMYFUNCTION("counta(iferror(filter(L11:L$131,E11:E$131=E10,L11:L$134>L10)))"),0.0) -> 0 | O10: {=XLOOKUP(F10,'Current Week'!C:C,'Current Week'!D:O)} -> 8 | P10: 4 | Q10: Georgia State 23 Marshall 28 | R10: FINAL | S10: Janice/Mike | AA10: =$O10-max($O10:$O$395) -> -4 | AB10: =countif($O9:$O$2,"<"&$O10) -> 3 | AC10: =IFERROR(__xludf.DUMMYFUNCTION("iferror(COUNT(filter($O11:$O$395,$O11:$O$395>$O10)))"),23.0) -> 23 | AD10: =if(AA10=0,1,0) -> 0 | AE10: =$O10-min($O$2:$O10) -> 2 | AF10: =IFERROR(__xludf.DUMMYFUNCTION("iferror(join("","",index(sort(filter($F11:$F$396,$O11:$O$396>$O10),2,false),0,1)))"),"Georgia,Boise State,Air Force,Utah,UCF,USC,UTSA,Oregon,UCLA,Michigan,TCU,Washington,North Carolina,Tulane,Oregon State,Troy,Penn State,Florida State,Kansas State,South Alabama,Tennessee,Ohio,LSU") -> Georgia,Boise State,Air Force,Utah,UCF,USC,UTSA,Oregon,UCLA,Michigan,TCU,Washington,North Carolina,Tulane,Oregon State,Troy,Penn State,Florida State,Kansas State,South Alabama,Tennessee,Ohio,LSU | AG10: =IFERROR(__xludf.DUMMYFUNCTION("iferror($O10-max(filter($O10:$O$395,$E10:$E$395=$E$2)))"),-4.0) -> -4 | AH10: =countifs($O9:$O$2,"<"&$O10,$E9:$E$2,$E$2) -> 0 | AI10: =IFERROR(__xludf.DUMMYFUNCTION("iferror(COUNT(filter($O11:$O$395,$O11:$O$395>$O10,$E10:$E$395=$E$2)))"),0.0) -> 0 | AJ10: =if(AG10=0,1,0) -> 0 | AK10: =IFERROR(__xludf.DUMMYFUNCTION("iferror($O10-min(filter($O10:$O$395,$E10:$E$395=$E$2)))"),7.0) -> 7 | AL10: =IFERROR(__xludf.DUMMYFUNCTION("iferror(join("","",index(sort(filter($F11:$F$395,$O11:$O$395>$O10,$E11:$E$395=$E$2),2,false),0,1)))"),"Michigan,Penn State") -> Michigan,Penn State | AM10: =IFERROR(__xludf.DUMMYFUNCTION("REGEXREPLACE(join("","",unique({let(conf_picked,filter(E$1:E9,D$1:D9=D10), byrow(unique(TRANSPOSe(Teams!$1:$1)),lambda(rw,if(ISERROR(match(rw,conf_picked,0)),rw,))));iferror(if(#REF!,,transpose(split(#REF!,"","",1,1))))})), ""^,"", """")"),"AAC,ACC,Big 12,Big Ten,Pac12,CUSA,MAC,MWC,SEC,Sun Belt,") -> AAC,ACC,Big 12,Big Ten,Pac12,CUSA,MAC,MWC,SEC,Sun Belt, | AN10: =IFERROR(__xludf.DUMMYFUNCTION("iferror($O10-max(filter($O10:$O$395,arrayformula(isnumber(FIND($E10:$E$395,AM10))))))"),-4.0) -> -4 | AO10: {=countifs($O$2:$O9,"<"&$O10,isnumber(FIND($E$2:$E9,AM10)),TRUE)} -> 3 | AP10: =IFERROR(__xludf.DUMMYFUNCTION("iferror(COUNT(filter($O11:$O$395,$O11:$O$395>$O10,arrayformula(isnumber(FIND($E11:$E$395,AM10))))))"),23.0) -> 23 | AQ10: =if(AN10=0,1,0) -> 0 | AR10: =IFERROR(__xludf.DUMMYFUNCTION("$O10-min(filter($O10:$O$395,arrayformula(isnumber(FIND($E10:$E$395,AM10)))))"),7.0) -> 7 | AS10: =IFERROR(__xludf.DUMMYFUNCTION("iferror(join("","",index(sort(filter($F11:$F$395,$O11:$O$395>$O10,arrayformula(isnumber(FIND($E11:$E$395,AM10)))),2,false),0,1)))"),"Georgia,Boise State,Air Force,Utah,UCF,USC,UTSA,Oregon,UCLA,Michigan,TCU,Washington,North Carolina,Tulane,Oregon State,Troy,Penn State,Florida State,Kansas State,South Alabama,Tennessee,Ohio,LSU") -> Georgia,Boise State,Air Force,Utah,UCF,USC,UTSA,Oregon,UCLA,Michigan,TCU,Washington,North Carolina,Tulane,Oregon State,Troy,Penn State,Florida State,Kansas State,South Alabama,Tennessee,Ohio,LSU
A11: 10 | B11: 1 | C11: 10 | D11: Justin | E11: =if(F11<>"",VLOOKUP(F11,offset('Teams-Conference'!A:B,0,(counta('Draft Order'!B$2:B132)-10)*2),2,0),"") -> SEC | F11: Georgia | G11: =if(F11<>"",if(match(F11,F:F,0)<ROW(F11),"ERROR: Team already selected in row " & ROW(F11)&". ","")&if(COUNTIFS(E:E,"="&E11,D:D,"="&D11)>1,"ERROR: Player picked from conference more than once.",if(F10="","ERROR: Previous pick is blank","")),"") | H11: =countif(E12:E21,E11) -> 0 | I11: =countif(E12:E33,E11) -> 0 | L11: 12 | M11: =IFERROR(__xludf.DUMMYFUNCTION("counta(iferror(filter(L$2:L10,E$2:E10=E11,L$2:L10<L11)))"),1.0) -> 1 | N11: =IFERROR(__xludf.DUMMYFUNCTION("counta(iferror(filter(L12:L$131,E12:E$131=E11,L12:L$134>L11)))"),0.0) -> 0 | O11: {=XLOOKUP(F11,'Current Week'!C:C,'Current Week'!D:O)} -> 12 | P11: 0 | T11: ESPN | AA11: =$O11-max($O11:$O$395) -> 0 | AB11: =countif($O10:$O$2,"<"&$O11) -> 9 | AC11: =IFERROR(__xludf.DUMMYFUNCTION("iferror(COUNT(filter($O12:$O$395,$O12:$O$395>$O11)))"),0.0) -> 0 | AD11: =if(AA11=0,1,0) -> 1 | AE11: =$O11-min($O$2:$O11) -> 6 | AF11: =IFERROR(__xludf.DUMMYFUNCTION("iferror(join("","",index(sort(filter($F12:$F$396,$O12:$O$396>$O11),2,false),0,1)))"),"") | AG11: =IFERROR(__xludf.DUMMYFUNCTION("iferror($O11-max(filter($O11:$O$395,$E11:$E$395=$E$2)))"),0.0) -> 0 | AH11: =countifs($O10:$O$2,"<"&$O11,$E10:$E$2,$E$2) -> 1 | AI11: =IFERROR(__xludf.DUMMYFUNCTION("iferror(COUNT(filter($O12:$O$395,$O12:$O$395>$O11,$E11:$E$395=$E$2)))"),0.0) -> 0 | AJ11: =if(AG11=0,1,0) -> 1 | AK11: =IFERROR(__xludf.DUMMYFUNCTION("iferror($O11-min(filter($O11:$O$395,$E11:$E$395=$E$2)))"),11.0) -> 11 | AL11: =IFERROR(__xludf.DUMMYFUNCTION("iferror(join("","",index(sort(filter($F12:$F$395,$O12:$O$395>$O11,$E12:$E$395=$E$2),2,false),0,1)))"),"") | AM11: =IFERROR(__xludf.DUMMYFUNCTION("REGEXREPLACE(join("","",unique({let(conf_picked,filter(E$1:E10,D$1:D10=D11), byrow(unique(TRANSPOSe(Teams!$1:$1)),lambda(rw,if(ISERROR(match(rw,conf_picked,0)),rw,))));iferror(if(#REF!,,transpose(split(#REF!,"","",1,1))))})), ""^,"", """")"),"AAC,ACC,Big 12,Big Ten,Pac12,CUSA,MAC,MWC,SEC,Sun Belt,") -> AAC,ACC,Big 12,Big Ten,Pac12,CUSA,MAC,MWC,SEC,Sun Belt, | AN11: =IFERROR(__xludf.DUMMYFUNCTION("iferror($O11-max(filter($O11:$O$395,arrayformula(isnumber(FIND($E11:$E$395,AM11))))))"),0.0) -> 0 | AO11: {=countifs($O$2:$O10,"<"&$O11,isnumber(FIND($E$2:$E10,AM11)),TRUE)} -> 9 | AP11: =IFERROR(__xludf.DUMMYFUNCTION("iferror(COUNT(filter($O12:$O$395,$O12:$O$395>$O11,arrayformula(isnumber(FIND($E12:$E$395,AM11))))))"),0.0) -> 0 | AQ11: =if(AN11=0,1,0) -> 1 | AR11: =IFERROR(__xludf.DUMMYFUNCTION("$O11-min(filter($O11:$O$395,arrayformula(isnumber(FIND($E11:$E$395,AM11)))))"),11.0) -> 11 | AS11: =IFERROR(__xludf.DUMMYFUNCTION("iferror(join("","",index(sort(filter($F12:$F$395,$O12:$O$395>$O11,arrayformula(isnumber(FIND($E12:$E$395,AM11)))),2,false),0,1)))"),"")
A12: 11 | B12: 1 | C12: 11 | D12: Vu | E12: =if(F12<>"",VLOOKUP(F12,offset('Teams-Conference'!A:B,0,(counta('Draft Order'!B$2:B132)-10)*2),2,0),"") -> MWC | F12: Boise State | G12: =if(F12<>"",if(match(F12,F:F,0)<ROW(F12),"ERROR: Team already selected in row " & ROW(F12)&". ","")&if(COUNTIFS(E:E,"="&E12,D:D,"="&D12)>1,"ERROR: Player picked from conference more than once.",if(F11="","ERROR: Previous pick is blank","")),"") | H12: =countif(E13:E22,E12) -> 2 | I12: =countif(E13:E34,E12) -> 5 | J12: =countif(E2:E11,E12) -> 0 | L12: 9 | M12: =IFERROR(__xludf.DUMMYFUNCTION("counta(iferror(filter(L$2:L11,E$2:E11=E12,L$2:L11<L12)))"),0.0) -> 0 | N12: =IFERROR(__xludf.DUMMYFUNCTION("counta(iferror(filter(L13:L$131,E13:E$131=E12,L13:L$134>L12)))"),0.0) -> 0 | O12: {=XLOOKUP(F12,'Current Week'!C:C,'Current Week'!D:O)} -> 9 | P12: 3 | Q12: Utah State 23 Boise State 42 | R12: FINAL | S12: Masa | AA12: =$O12-max($O12:$O$395) -> -3 | AB12: =countif($O11:$O$2,"<"&$O12) -> 4 | AC12: =IFERROR(__xludf.DUMMYFUNCTION("iferror(COUNT(filter($O13:$O$395,$O13:$O$395>$O12)))"),10.0) -> 10 | AD12: =if(AA12=0,1,0) -> 0 | AE12: =$O12-min($O$2:$O12) -> 3 | AF12: =IFERROR(__xludf.DUMMYFUNCTION("iferror(join("","",index(sort(filter($F13:$F$396,$O13:$O$396>$O12),2,false),0,1)))"),"USC,UTSA,Michigan,TCU,Washington,Tulane,Troy,Penn State,South Alabama,Tennessee") -> USC,UTSA,Michigan,TCU,Washington,Tulane,Troy,Penn State,South Alabama,Tennessee | AG12: =IFERROR(__xludf.DUMMYFUNCTION("iferror($O12-max(filter($O12:$O$395,$E12:$E$395=$E$2)))"),-3.0) -> -3 | AH12: =countifs($O11:$O$2,"<"&$O12,$E11:$E$2,$E$2) -> 0 | AI12: =IFERROR(__xludf.DUMMYFUNCTION("iferror(COUNT(filter($O13:$O$395,$O13:$O$395>$O12,$E12:$E$395=$E$2)))"),0.0) -> 0 | AJ12: =if(AG12=0,1,0) -> 0 | AK12: =IFERROR(__xludf.DUMMYFUNCTION("iferror($O12-min(filter($O12:$O$395,$E12:$E$395=$E$2)))"),8.0) -> 8 | AL12: =IFERROR(__xludf.DUMMYFUNCTION("iferror(join("","",index(sort(filter($F13:$F$395,$O13:$O$395>$O12,$E13:$E$395=$E$2),2,false),0,1)))"),"Michigan,Penn State") -> Michigan,Penn State | AM12: =IFERROR(__xludf.DUMMYFUNCTION("REGEXREPLACE(join("","",unique({let(conf_picked,filter(E$1:E11,D$1:D11=D12), byrow(unique(TRANSPOSe(Teams!$1:$1)),lambda(rw,if(ISERROR(match(rw,conf_picked,0)),rw,))));iferror(if(#REF!,,transpose(split(#REF!,"","",1,1))))})), ""^,"", """")"),"AAC,ACC,Big 12,Big Ten,Pac12,CUSA,MAC,MWC,SEC,Sun Belt,") -> AAC,ACC,Big 12,Big Ten,Pac12,CUSA,MAC,MWC,SEC,Sun Belt, | AN12: =IFERROR(__xludf.DUMMYFUNCTION("iferror($O12-max(filter($O12:$O$395,arrayformula(isnumber(FIND($E12:$E$395,AM12))))))"),-3.0) -> -3 | AO12: {=countifs($O$2:$O11,"<"&$O12,isnumber(FIND($E$2:$E11,AM12)),TRUE)} -> 4 | AP12: =IFERROR(__xludf.DUMMYFUNCTION("iferror(COUNT(filter($O13:$O$395,$O13:$O$395>$O12,arrayformula(isnumber(FIND($E13:$E$395,AM12))))))"),10.0) -> 10 | AQ12: =if(AN12=0,1,0) -> 0 | AR12: =IFERROR(__xludf.DUMMYFUNCTION("$O12-min(filter($O12:$O$395,arrayformula(isnumber(FIND($E12:$E$395,AM12)))))"),8.0) -> 8 | AS12: =IFERROR(__xludf.DUMMYFUNCTION("iferror(join("","",index(sort(filter($F13:$F$395,$O13:$O$395>$O12,arrayformula(isnumber(FIND($E13:$E$395,AM12)))),2,false),0,1)))"),"USC,UTSA,Michigan,TCU,Washington,Tulane,Troy,Penn State,South Alabama,Tennessee") -> USC,UTSA,Michigan,TCU,Washington,Tulane,Troy,Penn State,South Alabama,Tennessee
A13: 12 | B13: 1 | C13: 12 | D13: Janice/Mike | E13: =if(F13<>"",VLOOKUP(F13,offset('Teams-Conference'!A:B,0,(counta('Draft Order'!B$2:B132)-10)*2),2,0),"") -> MWC | F13: Air Force | G13: =if(F13<>"",if(match(F13,F:F,0)<ROW(F13),"ERROR: Team already selected in row " & ROW(F13)&". ","")&if(COUNTIFS(E:E,"="&E13,D:D,"="&D13)>1,"ERROR: Player picked from conference more than once.",if(F12="","ERROR: Previous pick is blank","")),"") | H13: =countif(E14:E23,E13) -> 1 | I13: =countif(E14:E35,E13) -> 4 | J13: =countif(E3:E12,E13) -> 1 | L13: 9 | M13: =IFERROR(__xludf.DUMMYFUNCTION("counta(iferror(filter(L$2:L12,E$2:E12=E13,L$2:L12<L13)))"),0.0) -> 0 | N13: =IFERROR(__xludf.DUMMYFUNCTION("counta(iferror(filter(L14:L$131,E14:E$131=E13,L14:L$134>L13)))"),0.0) -> 0 | O13: {=XLOOKUP(F13,'Current Week'!C:C,'Current Week'!D:O)} -> 9 | P13: 3 | Q13: Air Force at San Diego State | R13: FINAL | S13: Dan | T13: CBSSN | AA13: =$O13-max($O13:$O$395) -> -3 | AB13: =countif($O12:$O$2,"<"&$O13) -> 4 | AC13: =IFERROR(__xludf.DUMMYFUNCTION("iferror(COUNT(filter($O14:$O$395,$O14:$O$395>$O13)))"),10.0) -> 10 | AD13: =if(AA13=0,1,0) -> 0 | AE13: =$O13-min($O$2:$O13) -> 3 | AF13: =IFERROR(__xludf.DUMMYFUNCTION("iferror(join("","",index(sort(filter($F14:$F$396,$O14:$O$396>$O13),2,false),0,1)))"),"USC,UTSA,Michigan,TCU,Washington,Tulane,Troy,Penn State,South Alabama,Tennessee") -> USC,UTSA,Michigan,TCU,Washington,Tulane,Troy,Penn State,South Alabama,Tennessee | AG13: =IFERROR(__xludf.DUMMYFUNCTION("iferror($O13-max(filter($O13:$O$395,$E13:$E$395=$E$2)))"),-3.0) -> -3 | AH13: =countifs($O12:$O$2,"<"&$O13,$E12:$E$2,$E$2) -> 0 | AI13: =IFERROR(__xludf.DUMMYFUNCTION("iferror(COUNT(filter($O14:$O$395,$O14:$O$395>$O13,$E13:$E$395=$E$2)))"),0.0) -> 0 | AJ13: =if(AG13=0,1,0) -> 0 | AK13: =IFERROR(__xludf.DUMMYFUNCTION("iferror($O13-min(filter($O13:$O$395,$E13:$E$395=$E$2)))"),8.0) -> 8 | AL13: =IFERROR(__xludf.DUMMYFUNCTION("iferror(join("","",index(sort(filter($F14:$F$395,$O14:$O$395>$O13,$E14:$E$395=$E$2),2,false),0,1)))"),"Michigan,Penn State") -> Michigan,Penn State | AM13: =IFERROR(__xludf.DUMMYFUNCTION("REGEXREPLACE(join("","",unique({let(conf_picked,filter(E$1:E12,D$1:D12=D13), byrow(unique(TRANSPOSe(Teams!$1:$1)),lambda(rw,if(ISERROR(match(rw,conf_picked,0)),rw,))));iferror(if(#REF!,,transpose(split(#REF!,"","",1,1))))})), ""^,"", """")"),"AAC,ACC,Big 12,Big Ten,Pac12,CUSA,MAC,MWC,SEC,Sun Belt,") -> AAC,ACC,Big 12,Big Ten,Pac12,CUSA,MAC,MWC,SEC,Sun Belt, | AN13: =IFERROR(__xludf.DUMMYFUNCTION("iferror($O13-max(filter($O13:$O$395,arrayformula(isnumber(FIND($E13:$E$395,AM13))))))"),-3.0) -> -3 | AO13: {=countifs($O$2:$O12,"<"&$O13,isnumber(FIND($E$2:$E12,AM13)),TRUE)} -> 4 | AP13: =IFERROR(__xludf.DUMMYFUNCTION("iferror(COUNT(filter($O14:$O$395,$O14:$O$395>$O13,arrayformula(isnumber(FIND($E14:$E$395,AM13))))))"),10.0) -> 10 | AQ13: =if(AN13=0,1,0) -> 0 | AR13: =IFERROR(__xludf.DUMMYFUNCTION("$O13-min(filter($O13:$O$395,arrayformula(isnumber(FIND($E13:$E$395,AM13)))))"),8.0) -> 8 | AS13: =IFERROR(__xludf.DUMMYFUNCTION("iferror(join("","",index(sort(filter($F14:$F$395,$O14:$O$395>$O13,arrayformula(isnumber(FIND($E14:$E$395,AM13)))),2,false),0,1)))"),"USC,UTSA,Michigan,TCU,Washington,Tulane,Troy,Penn State,South Alabama,Tennessee") -> USC,UTSA,Michigan,TCU,Washington,Tulane,Troy,Penn State,South Alabama,Tennessee
A14: 13 | B14: 1 | C14: 13 | D14: Nico | E14: =if(F14<>"",VLOOKUP(F14,offset('Teams-Conference'!A:B,0,(counta('Draft Order'!B$2:B132)-10)*2),2,0),"") -> Pac12 | F14: Utah | G14: =if(F14<>"",if(match(F14,F:F,0)<ROW(F14),"ERROR: Team already selected in row " & ROW(F14)&". ","")&if(COUNTIFS(E:E,"="&E14,D:D,"="&D14)>1,"ERROR: Player picked from conference more than once.",if(F13="","ERROR: Previous pick is blank","")),"") | H14: =countif(E15:E24,E14) -> 1 | I14: =countif(E15:E36,E14) -> 3 | J14: =countif(E4:E13,E14) -> 0 | L14: 9 | M14: =IFERROR(__xludf.DUMMYFUNCTION("counta(iferror(filter(L$2:L13,E$2:E13=E14,L$2:L13<L14)))"),0.0) -> 0 | N14: =IFERROR(__xludf.DUMMYFUNCTION("counta(iferror(filter(L15:L$131,E15:E$131=E14,L15:L$134>L14)))"),0.0) -> 0 | O14: {=XLOOKUP(F14,'Current Week'!C:C,'Current Week'!D:O)} -> 9 | P14: 3 | Q14: (14) Utah 56 Colorado 14 | R14: FINAL | S14: Gary | T14: Pac-12 | AA14: =$O14-max($O14:$O$395) -> -3 | AB14: =countif($O13:$O$2,"<"&$O14) -> 4 | AC14: =IFERROR(__xludf.DUMMYFUNCTION("iferror(COUNT(filter($O15:$O$395,$O15:$O$395>$O14)))"),10.0) -> 10 | AD14: =if(AA14=0,1,0) -> 0 | AE14: =$O14-min($O$2:$O14) -> 3 | AF14: =IFERROR(__xludf.DUMMYFUNCTION("iferror(join("","",index(sort(filter($F15:$F$396,$O15:$O$396>$O14),2,false),0,1)))"),"USC,UTSA,Michigan,TCU,Washington,Tulane,Troy,Penn State,South Alabama,Tennessee") -> USC,UTSA,Michigan,TCU,Washington,Tulane,Troy,Penn State,South Alabama,Tennessee | AG14: =IFERROR(__xludf.DUMMYFUNCTION("iferror($O14-max(filter($O14:$O$395,$E14:$E$395=$E$2)))"),-3.0) -> -3 | AH14: =countifs($O13:$O$2,"<"&$O14,$E13:$E$2,$E$2) -> 0 | AI14: =IFERROR(__xludf.DUMMYFUNCTION("iferror(COUNT(filter($O15:$O$395,$O15:$O$395>$O14,$E14:$E$395=$E$2)))"),0.0) -> 0 | AJ14: =if(AG14=0,1,0) -> 0 | AK14: =IFERROR(__xludf.DUMMYFUNCTION("iferror($O14-min(filter($O14:$O$395,$E14:$E$395=$E$2)))"),8.0) -> 8 | AL14: =IFERROR(__xludf.DUMMYFUNCTION("iferror(join("","",index(sort(filter($F15:$F$395,$O15:$O$395>$O14,$E15:$E$395=$E$2),2,false),0,1)))"),"Michigan,Penn State") -> Michigan,Penn State | AM14: =IFERROR(__xludf.DUMMYFUNCTION("REGEXREPLACE(join("","",unique({let(conf_picked,filter(E$1:E13,D$1:D13=D14), byrow(unique(TRANSPOSe(Teams!$1:$1)),lambda(rw,if(ISERROR(match(rw,conf_picked,0)),rw,))));iferror(if(#REF!,,transpose(split(#REF!,"","",1,1))))})), ""^,"", """")"),"AAC,ACC,Big 12,Big Ten,Pac12,CUSA,MAC,MWC,SEC,Sun Belt,") -> AAC,ACC,Big 12,Big Ten,Pac12,CUSA,MAC,MWC,SEC,Sun Belt, | AN14: =IFERROR(__xludf.DUMMYFUNCTION("iferror($O14-max(filter($O14:$O$395,arrayformula(isnumber(FIND($E14:$E$395,AM14))))))"),-3.0) -> -3 | AO14: {=countifs($O$2:$O13,"<"&$O14,isnumber(FIND($E$2:$E13,AM14)),TRUE)} -> 4 | AP14: =IFERROR(__xludf.DUMMYFUNCTION("iferror(COUNT(filter($O15:$O$395,$O15:$O$395>$O14,arrayformula(isnumber(FIND($E15:$E$395,AM14))))))"),10.0) -> 10 | AQ14: =if(AN14=0,1,0) -> 0 | AR14: =IFERROR(__xludf.DUMMYFUNCTION("$O14-min(filter($O14:$O$395,arrayformula(isnumber(FIND($E14:$E$395,AM14)))))"),8.0) -> 8 | AS14: =IFERROR(__xludf.DUMMYFUNCTION("iferror(join("","",index(sort(filter($F15:$F$395,$O15:$O$395>$O14,arrayformula(isnumber(FIND($E15:$E$395,AM14)))),2,false),0,1)))"),"USC,UTSA,Michigan,TCU,Washington,Tulane,Troy,Penn State,South Alabama,Tennessee") -> USC,UTSA,Michigan,TCU,Washington,Tulane,Troy,Penn State,South Alabama,Tennessee
A15: 14 | B15: 2 | C15: 1 | D15: Nico | E15: =if(F15<>"",VLOOKUP(F15,offset('Teams-Conference'!A:B,0,(counta('Draft Order'!B$2:B132)-10)*2),2,0),"") -> AAC | F15: Houston | G15: =if(F15<>"",if(match(F15,F:F,0)<ROW(F15),"ERROR: Team already selected in row " & ROW(F15)&". ","")&if(COUNTIFS(E:E,"="&E15,D:D,"="&D15)>1,"ERROR: Player picked from conference more than once.",if(F14="","ERROR: Previous pick is blank","")),"") | H15: =countif(E16:E25,E15) -> 3 | I15: =countif(E16:E37,E15) -> 3 | J15: =countif(E5:E14,E15) -> 1 | L15: 7 | M15: =IFERROR(__xludf.DUMMYFUNCTION("counta(iferror(filter(L$2:L14,E$2:E14=E15,L$2:L14<L15)))"),0.0) -> 0 | N15: =IFERROR(__xludf.DUMMYFUNCTION("counta(iferror(filter(L16:L$131,E16:E$131=E15,L16:L$134>L15)))"),0.0) -> 0 | O15: {=XLOOKUP(F15,'Current Week'!C:C,'Current Week'!D:O)} -> 7 | P15: 5 | Q15: Tulsa 1 at Houston 0 | R15: FINAL | S15: Jeannine | T15: ESPNU | AA15: =$O15-max($O15:$O$395) -> -5 | AB15: =countif($O14:$O$2,"<"&$O15) -> 2 | AC15: =IFERROR(__xludf.DUMMYFUNCTION("iferror(COUNT(filter($O16:$O$395,$O16:$O$395>$O15)))"),35.0) -> 35 | AD15: =if(AA15=0,1,0) -> 0 | AE15: =$O15-min($O$2:$O15) -> 1 | AF15: =IFERROR(__xludf.DUMMYFUNCTION("iferror(join("","",index(sort(filter($F16:$F$396,$O16:$O$396>$O15),2,false),0,1)))"),"UCF,USC,Fresno State,UTSA,Western Kentucky,Oregon,UCLA,Michigan,Notre Dame,Texas,NC State,TCU,Washington,Pittsburgh,North Carolina,Tulane,Oregon State,Troy,Penn State,Liberty,James Madison,EMU,Florida State,Kansas State,Minnesota,South Alabama,Purdue,Ole "&"Miss,Tennessee,Ohio,Mississippi State,LSU,Illinois,South Carolina,Duke") -> UCF,USC,Fresno State,UTSA,Western Kentucky,Oregon,UCLA,Michigan,Notre Dame,Texas,NC State,TCU,Washington,Pittsburgh,North Carolina,Tulane,Oregon State,Troy,Penn State,Liberty,James Madison,EMU,Florida State,Kansas State,Minnesota,South Alabama,Purdue,Ole Miss,Tennessee,Ohio,Mississippi State,LSU,Illinois,South Carolina,Duke | AG15: =IFERROR(__xludf.DUMMYFUNCTION("iferror($O15-max(filter($O15:$O$395,$E15:$E$395=$E$2)))"),-5.0) -> -5 | AH15: =countifs($O14:$O$2,"<"&$O15,$E14:$E$2,$E$2) -> 0 | AI15: =IFERROR(__xludf.DUMMYFUNCTION("iferror(COUNT(filter($O16:$O$395,$O16:$O$395>$O15,$E15:$E$395=$E$2)))"),0.0) -> 0 | AJ15: =if(AG15=0,1,0) -> 0 | AK15: =IFERROR(__xludf.DUMMYFUNCTION("iferror($O15-min(filter($O15:$O$395,$E15:$E$395=$E$2)))"),6.0) -> 6 | AL15: =IFERROR(__xludf.DUMMYFUNCTION("iferror(join("","",index(sort(filter($F16:$F$395,$O16:$O$395>$O15,$E16:$E$395=$E$2),2,false),0,1)))"),"Michigan,Penn State,Minnesota,Purdue,Illinois") -> Michigan,Penn State,Minnesota,Purdue,Illinois | AM15: =IFERROR(__xludf.DUMMYFUNCTION("REGEXREPLACE(join("","",unique({let(conf_picked,filter(E$1:E14,D$1:D14=D15), byrow(unique(TRANSPOSe(Teams!$1:$1)),lambda(rw,if(ISERROR(match(rw,conf_picked,0)),rw,))));iferror(if(#REF!,,transpose(split(#REF!,"","",1,1))))})), ""^,"", """")"),"AAC,ACC,Big 12,Big Ten,,CUSA,MAC,MWC,SEC,Sun Belt") -> AAC,ACC,Big 12,Big Ten,,CUSA,MAC,MWC,SEC,Sun Belt | AN15: =IFERROR(__xludf.DUMMYFUNCTION("iferror($O15-max(filter($O15:$O$395,arrayformula(isnumber(FIND($E15:$E$395,AM15))))))"),-5.0) -> -5 | AO15: {=countifs($O$2:$O14,"<"&$O15,isnumber(FIND($E$2:$E14,AM15)),TRUE)} -> 2 | AP15: =IFERROR(__xludf.DUMMYFUNCTION("iferror(COUNT(filter($O16:$O$395,$O16:$O$395>$O15,arrayformula(isnumber(FIND($E16:$E$395,AM15))))))"),30.0) -> 30 | AQ15: =if(AN15=0,1,0) -> 0 | AR15: =IFERROR(__xludf.DUMMYFUNCTION("$O15-min(filter($O15:$O$395,arrayformula(isnumber(FIND($E15:$E$395,AM15)))))"),6.0) -> 6 | AS15: =IFERROR(__xludf.DUMMYFUNCTION("iferror(join("","",index(sort(filter($F16:$F$395,$O16:$O$395>$O15,arrayformula(isnumber(FIND($E16:$E$395,AM15)))),2,false),0,1)))"),"UCF,Fresno State,UTSA,Western Kentucky,Michigan,Notre Dame,Texas,NC State,TCU,Pittsburgh,North Carolina,Tulane,Troy,Penn State,Liberty,James Madison,EMU,Florida State,Kansas State,Minnesota,South Alabama,Purdue,Ole Miss,Tennessee,Ohio,Mississippi State,LS"&"U,Illinois,South Carolina,Duke") -> UCF,Fresno State,UTSA,Western Kentucky,Michigan,Notre Dame,Texas,NC State,TCU,Pittsburgh,North Carolina,Tulane,Troy,Penn State,Liberty,James Madison,EMU,Florida State,Kansas State,Minnesota,South Alabama,Purdue,Ole Miss,Tennessee,Ohio,Mississippi State,LSU,Illinois,South Carolina,Duke
