Workbook

Sheet Set up check list
A1: Task | B1: Done | E1: should I delete
A2: Copy last years version rename to this year | B2: x | E2: translation 2021
A3: Clear Logs | B3: x
A4: -- Weekly Log | B4: x
A5: -- Proj Log | B5: x
A6: Hide Logs | B6: x
A7: New Teams Updates | B7: x
A8: --Team colors | B8: x
A9: -- Team Translations | B9: x
A10: Hide team data | B10: x
A11: Update actual conference alignment (use 10 person column) and proposed alignment | B11: x
A12: Use this to check actual conferences | B12: x
A13: Use this to check proposed changes | B13: x
A14: Hide the red tabs | B14: x
... A20: -- Set up draft order | B20: x
A21: GCP
A22: -- give gcp python correct spreadsheet | B22: x
A23: -- share spreadsheet with correct address for python to access | B23: x

Sheet TAB-le of contents
A1: Part of the Game | B1: Tab | C1: Description
A2: Draft | B2: DraftTracker | C2: (Player Input) Where we place picks by using the drop downs and checking the error section
A3: Draft | B3: OnTheClock's Eligable Teams | C3: A list of teams eligible for the player who's turn it is to draft
A4: Draft | B4: Conf WC Eligibility | C4: A tab that shows how many teams can be taken from each conference as a WildCard pick
A5: Draft | B5: Conferences Needed | C5: A list of conferences that each player has NOT drafted from
A6: Draft | B6: ALL Teams Available | C6: All the undrafted teams
A7: Draft | B7: Picks by Player | C7: A grouping of picks by player
A8: Draft | B8: Teams | C8: All teams in their conference
A9: Draft | B9: Email Opt-ins | C9: (Player Input) The place to update your email preferences
A10: Football | B10: Standings | C10: (Updated Live-ish!) The Standings of the pool - (sometimes takes an hour for a win to get updated)
A11: Football | B11: Current Week | C11: (Scores Updated Live!) A look at the games this week grouped by player
A12: Football | B12: Day of week tabs | C12: (Scores Updated Live!) A look at the games each day, grouped by time and network
A13: Football | B13: Weekday color codes | C13: Description of the color codes in teh Day of week Tabs

Sheet Standings
A1: =HYPERLINK("https://docs.google.com/document/d/1-e84tTr9zFoIfOR2Z7Z-1lI4YO7v6GoaThMqj1UrcXE/edit","Rules") -> Rules | B1: Season | F1: Current Week (Projections based on vegas lines) | M1: Actaul + Chalk Projections
A2: Players | B2: Wins | C2: Losses | D2: P5 Ws | E2: G5 Ws | F2: Games | G2: Games Played | H2: Wins | I2: Games Left | J2: Expected Wins | K2: Upsets Won | L2: Upsets Lost
A3: {=sort(A17:M29,2,false,3,true,7,false,8,true,1,true)} -> Dan | B3: 83 | C3: 36 | D3: 0 | E3: 0 | F3: 9 | G3: 9 | H3: 6 | I3: 0 | J3: 4 | K3: 3 | L3: 1 | M3: 6
A4: Gary | B4: 79 | C4: 41 | D4: 0 | E4: 0 | F4: 10 | G4: 10 | H4: 9 | I4: 0 | J4: 9 | K4: 0 | L4: 0 | M4: 9
A5: Josh | B5: 75 | C5: 45 | D5: 0 | E5: 0 | F5: 10 | G5: 10 | H5: 8 | I5: 0 | J5: 6 | K5: 2 | L5: 0 | M5: 8
A6: Nico | B6: 71 | C6: 49 | D6: 0 | E6: 0 | F6: 10 | G6: 10 | H6: 6 | I6: 0 | J6: 5 | K6: 2 | L6: 1 | M6: 6
A7: Brad | B7: 69 | C7: 51 | D7: 0 | E7: 0 | F7: 10 | G7: 10 | H7: 6 | I7: 0 | J7: 5 | K7: 1 | L7: 0 | M7: 6
A8: Nick A. | B8: 66 | C8: 54 | D8: 0 | E8: 0 | F8: 9 | G8: 9 | H8: 3 | I8: 0 | J8: 5 | K8: 1 | L8: 3 | M8: 3
A9: Justin | B9: 62 | C9: 57 | D9: 0 | E9: 0 | F9: 10 | G9: 10 | H9: 8 | I9: 0 | J9: 5 | K9: 2 | L9: 0 | M9: 8
A10: Mike | B10: 61 | C10: 59 | D10: 0 | E10: 0 | F10: 10 | G10: 10 | H10: 2 | I10: 0 | J10: 4 | K10: 1 | L10: 3 | M10: 2
A11: Masa | B11: 61 | C11: 59 | D11: 0 | E11: 0 | F11: 10 | G11: 10 | H11: 5 | I11: 0 | J11: 5 | K11: 2 | L11: 2 | M11: 5
A12: Jeannine | B12: 60 | C12: 60 | D12: 0 | E12: 0 | F12: 10 | G12: 10 | H12: 2 | I12: 0 | J12: 5 | K12: 0 | L12: 3 | M12: 2
A13: Vu | B13: 57 | C13: 63 | D13: 0 | E13: 0 | F13: 10 | G13: 10 | H13: 5 | I13: 0 | J13: 3 | K13: 2 | L13: 0 | M13: 5
A14: Nick G. | B14: 52 | C14: 68 | D14: 0 | E14: 0 | F14: 10 | G14: 10 | H14: 3 | I14: 0 | J14: 5 | K14: 0 | L14: 2 | M14: 3
B15: 0 | C15: 0 | D15: 0 | E15: 0 | F15: 10 | G15: 0 | H15: 0 | I15: 10 | J15: 0 | K15: 0 | L15: 0 | M15: 0
A17: {='Draft Order'!B2:B29} -> Nick G. | B17: =sumif('Current Week'!$B:$B,$A17,'Current Week'!D:D) -> 52 | C17: =sumif('Current Week'!$B:$B,$A17,'Current Week'!E:E) -> 68 | D17: =sumifs('Current Week'!D:D,'Current Week'!$B:$B,$A17,'Current Week'!T:T,"Power 5") -> 0 | E17: =sumifs('Current Week'!D:D,'Current Week'!$B:$B,$A17,'Current Week'!T:T,"Group of 5") -> 0 | F17: =10-countifs('Current Week'!B:B,A17,'Current Week'!G:G,"") -> 10 | G17: =IFERROR(__xludf.DUMMYFUNCTION("COUNTA(iferror(filter('Current Week'!B:B,'Current Week'!B:B=A17,left('Current Week'!G:G,5)=""FINAL"")))"),10.0) -> 10 | H17: =countifs('Current Week'!B:B,A17,'Current Week'!U:U,"=TRUE") -> 3 | I17: =F17-G17 -> 0 | J17: =IFERROR(__xludf.DUMMYFUNCTION("countifs('Current Week'!B:B,A17,'Current Week'!K:K,""<0"")+counta(iferror(filter('Current Week'!B:B,'Current Week'!B:B=A17,'Current Week'!F:F<>"""",'Current Week'!K:K="""",'Current Week'!H:H="""")))"),5.0) -> 5 | K17: =IFERROR(__xludf.DUMMYFUNCTION("counta(iferror(filter('Current Week'!B:B,'Current Week'!B:B=A17,'Current Week'!K:K>0,not(iserror(find(""FINAL"",'Current Week'!G:G))),'Current Week'!U:U=TRUE)))+counta(iferror(filter('Current Week'!B:B,'Current Week'!B:B=A17,'Current Week'!K:K="""",not(is"&"error(find(""FINAL"",'Current Week'!G:G))),'Current Week'!U:U=TRUE,'Current Week'!H:H="""")))"),0.0) -> 0 | L17: =IFERROR(__xludf.DUMMYFUNCTION("counta(iferror(filter('Current Week'!B:B,'Current Week'!B:B=A17,'Current Week'!K:K<0,not(iserror(find(""FINAL"",'Current Week'!G:G))),'Current Week'!U:U<>TRUE)))"),2.0) -> 2 | M17: =IFERROR(__xludf.DUMMYFUNCTION("H17+counta(iferror(filter('Current Week'!B:B,'Current Week'!B:B=A17,'Current Week'!K:K<0,iserror(find(""FINAL"",'Current Week'!G:G)))))+counta(iferror(filter('Current Week'!B:B,'Current Week'!B:B=A17,'Current Week'!F:F<>"""",'Current Week'!J:J="""",'Curre"&"nt Week'!H:H="""",iserror(find(""FINAL"",'Current Week'!G:G)))))"),3.0) -> 3
A18: Gary | B18: =sumif('Current Week'!$B:$B,$A18,'Current Week'!D:D) -> 79 | C18: =sumif('Current Week'!$B:$B,$A18,'Current Week'!E:E) -> 41 | D18: =sumifs('Current Week'!D:D,'Current Week'!$B:$B,$A18,'Current Week'!T:T,"Power 5") -> 0 | E18: =sumifs('Current Week'!D:D,'Current Week'!$B:$B,$A18,'Current Week'!T:T,"Group of 5") -> 0 | F18: =10-countifs('Current Week'!B:B,A18,'Current Week'!G:G,"") -> 10 | G18: =IFERROR(__xludf.DUMMYFUNCTION("COUNTA(iferror(filter('Current Week'!B:B,'Current Week'!B:B=A18,left('Current Week'!G:G,5)=""FINAL"")))"),10.0) -> 10 | H18: =countifs('Current Week'!B:B,A18,'Current Week'!U:U,"=TRUE") -> 9 | I18: =F18-G18 -> 0 | J18: =IFERROR(__xludf.DUMMYFUNCTION("countifs('Current Week'!B:B,A18,'Current Week'!K:K,""<0"")+counta(iferror(filter('Current Week'!B:B,'Current Week'!B:B=A18,'Current Week'!F:F<>"""",'Current Week'!K:K="""",'Current Week'!H:H="""")))"),9.0) -> 9 | K18: =IFERROR(__xludf.DUMMYFUNCTION("counta(iferror(filter('Current Week'!B:B,'Current Week'!B:B=A18,'Current Week'!K:K>0,not(iserror(find(""FINAL"",'Current Week'!G:G))),'Current Week'!U:U=TRUE)))+counta(iferror(filter('Current Week'!B:B,'Current Week'!B:B=A18,'Current Week'!K:K="""",not(is"&"error(find(""FINAL"",'Current Week'!G:G))),'Current Week'!U:U=TRUE,'Current Week'!H:H="""")))"),0.0) -> 0 | L18: =IFERROR(__xludf.DUMMYFUNCTION("counta(iferror(filter('Current Week'!B:B,'Current Week'!B:B=A18,'Current Week'!K:K<0,not(iserror(find(""FINAL"",'Current Week'!G:G))),'Current Week'!U:U<>TRUE)))"),0.0) -> 0 | M18: =IFERROR(__xludf.DUMMYFUNCTION("H18+counta(iferror(filter('Current Week'!B:B,'Current Week'!B:B=A18,'Current Week'!K:K<0,iserror(find(""FINAL"",'Current Week'!G:G)))))+counta(iferror(filter('Current Week'!B:B,'Current Week'!B:B=A18,'Current Week'!F:F<>"""",'Current Week'!J:J="""",'Curre"&"nt Week'!H:H="""",iserror(find(""FINAL"",'Current Week'!G:G)))))"),9.0) -> 9
A19: Vu | B19: =sumif('Current Week'!$B:$B,$A19,'Current Week'!D:D) -> 57 | C19: =sumif('Current Week'!$B:$B,$A19,'Current Week'!E:E) -> 63 | D19: =sumifs('Current Week'!D:D,'Current Week'!$B:$B,$A19,'Current Week'!T:T,"Power 5") -> 0 | E19: =sumifs('Current Week'!D:D,'Current Week'!$B:$B,$A19,'Current Week'!T:T,"Group of 5") -> 0 | F19: =10-countifs('Current Week'!B:B,A19,'Current Week'!G:G,"") -> 10 | G19: =IFERROR(__xludf.DUMMYFUNCTION("COUNTA(iferror(filter('Current Week'!B:B,'Current Week'!B:B=A19,left('Current Week'!G:G,5)=""FINAL"")))"),10.0) -> 10 | H19: =countifs('Current Week'!B:B,A19,'Current Week'!U:U,"=TRUE") -> 5 | I19: =F19-G19 -> 0 | J19: =IFERROR(__xludf.DUMMYFUNCTION("countifs('Current Week'!B:B,A19,'Current Week'!K:K,""<0"")+counta(iferror(filter('Current Week'!B:B,'Current Week'!B:B=A19,'Current Week'!F:F<>"""",'Current Week'!K:K="""",'Current Week'!H:H="""")))"),3.0) -> 3 | K19: =IFERROR(__xludf.DUMMYFUNCTION("counta(iferror(filter('Current Week'!B:B,'Current Week'!B:B=A19,'Current Week'!K:K>0,not(iserror(find(""FINAL"",'Current Week'!G:G))),'Current Week'!U:U=TRUE)))+counta(iferror(filter('Current Week'!B:B,'Current Week'!B:B=A19,'Current Week'!K:K="""",not(is"&"error(find(""FINAL"",'Current Week'!G:G))),'Current Week'!U:U=TRUE,'Current Week'!H:H="""")))"),2.0) -> 2 | L19: =IFERROR(__xludf.DUMMYFUNCTION("counta(iferror(filter('Current Week'!B:B,'Current Week'!B:B=A19,'Current Week'!K:K<0,not(iserror(find(""FINAL"",'Current Week'!G:G))),'Current Week'!U:U<>TRUE)))"),0.0) -> 0 | M19: =IFERROR(__xludf.DUMMYFUNCTION("H19+counta(iferror(filter('Current Week'!B:B,'Current Week'!B:B=A19,'Current Week'!K:K<0,iserror(find(""FINAL"",'Current Week'!G:G)))))+counta(iferror(filter('Current Week'!B:B,'Current Week'!B:B=A19,'Current Week'!F:F<>"""",'Current Week'!J:J="""",'Curre"&"nt Week'!H:H="""",iserror(find(""FINAL"",'Current Week'!G:G)))))"),5.0) -> 5
A20: Nick A. | B20: =sumif('Current Week'!$B:$B,$A20,'Current Week'!D:D) -> 66 | C20: =sumif('Current Week'!$B:$B,$A20,'Current Week'!E:E) -> 54 | D20: =sumifs('Current Week'!D:D,'Current Week'!$B:$B,$A20,'Current Week'!T:T,"Power 5") -> 0 | E20: =sumifs('Current Week'!D:D,'Current Week'!$B:$B,$A20,'Current Week'!T:T,"Group of 5") -> 0 | F20: =10-countifs('Current Week'!B:B,A20,'Current Week'!G:G,"") -> 9 | G20: =IFERROR(__xludf.DUMMYFUNCTION("COUNTA(iferror(filter('Current Week'!B:B,'Current Week'!B:B=A20,left('Current Week'!G:G,5)=""FINAL"")))"),9.0) -> 9 | H20: =countifs('Current Week'!B:B,A20,'Current Week'!U:U,"=TRUE") -> 3 | I20: =F20-G20 -> 0 | J20: =IFERROR(__xludf.DUMMYFUNCTION("countifs('Current Week'!B:B,A20,'Current Week'!K:K,""<0"")+counta(iferror(filter('Current Week'!B:B,'Current Week'!B:B=A20,'Current Week'!F:F<>"""",'Current Week'!K:K="""",'Current Week'!H:H="""")))"),5.0) -> 5 | K20: =IFERROR(__xludf.DUMMYFUNCTION("counta(iferror(filter('Current Week'!B:B,'Current Week'!B:B=A20,'Current Week'!K:K>0,not(iserror(find(""FINAL"",'Current Week'!G:G))),'Current Week'!U:U=TRUE)))+counta(iferror(filter('Current Week'!B:B,'Current Week'!B:B=A20,'Current Week'!K:K="""",not(is"&"error(find(""FINAL"",'Current Week'!G:G))),'Current Week'!U:U=TRUE,'Current Week'!H:H="""")))"),1.0) -> 1 | L20: =IFERROR(__xludf.DUMMYFUNCTION("counta(iferror(filter('Current Week'!B:B,'Current Week'!B:B=A20,'Current Week'!K:K<0,not(iserror(find(""FINAL"",'Current Week'!G:G))),'Current Week'!U:U<>TRUE)))"),3.0) -> 3 | M20: =IFERROR(__xludf.DUMMYFUNCTION("H20+counta(iferror(filter('Current Week'!B:B,'Current Week'!B:B=A20,'Current Week'!K:K<0,iserror(find(""FINAL"",'Current Week'!G:G)))))+counta(iferror(filter('Current Week'!B:B,'Current Week'!B:B=A20,'Current Week'!F:F<>"""",'Current Week'!J:J="""",'Curre"&"nt Week'!H:H="""",iserror(find(""FINAL"",'Current Week'!G:G)))))"),3.0) -> 3
A21: Jeannine | B21: =sumif('Current Week'!$B:$B,$A21,'Current Week'!D:D) -> 60 | C21: =sumif('Current Week'!$B:$B,$A21,'Current Week'!E:E) -> 60 | D21: =sumifs('Current Week'!D:D,'Current Week'!$B:$B,$A21,'Current Week'!T:T,"Power 5") -> 0 | E21: =sumifs('Current Week'!D:D,'Current Week'!$B:$B,$A21,'Current Week'!T:T,"Group of 5") -> 0 | F21: =10-countifs('Current Week'!B:B,A21,'Current Week'!G:G,"") -> 10 | G21: =IFERROR(__xludf.DUMMYFUNCTION("COUNTA(iferror(filter('Current Week'!B:B,'Current Week'!B:B=A21,left('Current Week'!G:G,5)=""FINAL"")))"),10.0) -> 10 | H21: =countifs('Current Week'!B:B,A21,'Current Week'!U:U,"=TRUE") -> 2 | I21: =F21-G21 -> 0 | J21: =IFERROR(__xludf.DUMMYFUNCTION("countifs('Current Week'!B:B,A21,'Current Week'!K:K,""<0"")+counta(iferror(filter('Current Week'!B:B,'Current Week'!B:B=A21,'Current Week'!F:F<>"""",'Current Week'!K:K="""",'Current Week'!H:H="""")))"),5.0) -> 5 | K21: =IFERROR(__xludf.DUMMYFUNCTION("counta(iferror(filter('Current Week'!B:B,'Current Week'!B:B=A21,'Current Week'!K:K>0,not(iserror(find(""FINAL"",'Current Week'!G:G))),'Current Week'!U:U=TRUE)))+counta(iferror(filter('Current Week'!B:B,'Current Week'!B:B=A21,'Current Week'!K:K="""",not(is"&"error(find(""FINAL"",'Current Week'!G:G))),'Current Week'!U:U=TRUE,'Current Week'!H:H="""")))"),0.0) -> 0 | L21: =IFERROR(__xludf.DUMMYFUNCTION("counta(iferror(filter('Current Week'!B:B,'Current Week'!B:B=A21,'Current Week'!K:K<0,not(iserror(find(""FINAL"",'Current Week'!G:G))),'Current Week'!U:U<>TRUE)))"),3.0) -> 3 | M21: =IFERROR(__xludf.DUMMYFUNCTION("H21+counta(iferror(filter('Current Week'!B:B,'Current Week'!B:B=A21,'Current Week'!K:K<0,iserror(find(""FINAL"",'Current Week'!G:G)))))+counta(iferror(filter('Current Week'!B:B,'Current Week'!B:B=A21,'Current Week'!F:F<>"""",'Current Week'!J:J="""",'Curre"&"nt Week'!H:H="""",iserror(find(""FINAL"",'Current Week'!G:G)))))"),2.0) -> 2
A22: Justin | B22: =sumif('Current Week'!$B:$B,$A22,'Current Week'!D:D) -> 62 | C22: =sumif('Current Week'!$B:$B,$A22,'Current Week'!E:E) -> 57 | D22: =sumifs('Current Week'!D:D,'Current Week'!$B:$B,$A22,'Current Week'!T:T,"Power 5") -> 0 | E22: =sumifs('Current Week'!D:D,'Current Week'!$B:$B,$A22,'Current Week'!T:T,"Group of 5") -> 0 | F22: =10-countifs('Current Week'!B:B,A22,'Current Week'!G:G,"") -> 10 | G22: =IFERROR(__xludf.DUMMYFUNCTION("COUNTA(iferror(filter('Current Week'!B:B,'Current Week'!B:B=A22,left('Current Week'!G:G,5)=""FINAL"")))"),10.0) -> 10 | H22: =countifs('Current Week'!B:B,A22,'Current Week'!U:U,"=TRUE") -> 8 | I22: =F22-G22 -> 0 | J22: =IFERROR(__xludf.DUMMYFUNCTION("countifs('Current Week'!B:B,A22,'Current Week'!K:K,""<0"")+counta(iferror(filter('Current Week'!B:B,'Current Week'!B:B=A22,'Current Week'!F:F<>"""",'Current Week'!K:K="""",'Current Week'!H:H="""")))"),5.0) -> 5 | K22: =IFERROR(__xludf.DUMMYFUNCTION("counta(iferror(filter('Current Week'!B:B,'Current Week'!B:B=A22,'Current Week'!K:K>0,not(iserror(find(""FINAL"",'Current Week'!G:G))),'Current Week'!U:U=TRUE)))+counta(iferror(filter('Current Week'!B:B,'Current Week'!B:B=A22,'Current Week'!K:K="""",not(is"&"error(find(""FINAL"",'Current Week'!G:G))),'Current Week'!U:U=TRUE,'Current Week'!H:H="""")))"),2.0) -> 2 | L22: =IFERROR(__xludf.DUMMYFUNCTION("counta(iferror(filter('Current Week'!B:B,'Current Week'!B:B=A22,'Current Week'!K:K<0,not(iserror(find(""FINAL"",'Current Week'!G:G))),'Current Week'!U:U<>TRUE)))"),0.0) -> 0 | M22: =IFERROR(__xludf.DUMMYFUNCTION("H22+counta(iferror(filter('Current Week'!B:B,'Current Week'!B:B=A22,'Current Week'!K:K<0,iserror(find(""FINAL"",'Current Week'!G:G)))))+counta(iferror(filter('Current Week'!B:B,'Current Week'!B:B=A22,'Current Week'!F:F<>"""",'Current Week'!J:J="""",'Curre"&"nt Week'!H:H="""",iserror(find(""FINAL"",'Current Week'!G:G)))))"),8.0) -> 8
A23: Josh | B23: =sumif('Current Week'!$B:$B,$A23,'Current Week'!D:D) -> 75 | C23: =sumif('Current Week'!$B:$B,$A23,'Current Week'!E:E) -> 45 | D23: =sumifs('Current Week'!D:D,'Current Week'!$B:$B,$A23,'Current Week'!T:T,"Power 5") -> 0 | E23: =sumifs('Current Week'!D:D,'Current Week'!$B:$B,$A23,'Current Week'!T:T,"Group of 5") -> 0 | F23: =10-countifs('Current Week'!B:B,A23,'Current Week'!G:G,"") -> 10 | G23: =IFERROR(__xludf.DUMMYFUNCTION("COUNTA(iferror(filter('Current Week'!B:B,'Current Week'!B:B=A23,left('Current Week'!G:G,5)=""FINAL"")))"),10.0) -> 10 | H23: =countifs('Current Week'!B:B,A23,'Current Week'!U:U,"=TRUE") -> 8 | I23: =F23-G23 -> 0 | J23: =IFERROR(__xludf.DUMMYFUNCTION("countifs('Current Week'!B:B,A23,'Current Week'!K:K,""<0"")+counta(iferror(filter('Current Week'!B:B,'Current Week'!B:B=A23,'Current Week'!F:F<>"""",'Current Week'!K:K="""",'Current Week'!H:H="""")))"),6.0) -> 6 | K23: =IFERROR(__xludf.DUMMYFUNCTION("counta(iferror(filter('Current Week'!B:B,'Current Week'!B:B=A23,'Current Week'!K:K>0,not(iserror(find(""FINAL"",'Current Week'!G:G))),'Current Week'!U:U=TRUE)))+counta(iferror(filter('Current Week'!B:B,'Current Week'!B:B=A23,'Current Week'!K:K="""",not(is"&"error(find(""FINAL"",'Current Week'!G:G))),'Current Week'!U:U=TRUE,'Current Week'!H:H="""")))"),2.0) -> 2 | L23: =IFERROR(__xludf.DUMMYFUNCTION("counta(iferror(filter('Current Week'!B:B,'Current Week'!B:B=A23,'Current Week'!K:K<0,not(iserror(find(""FINAL"",'Current Week'!G:G))),'Current Week'!U:U<>TRUE)))"),0.0) -> 0 | M23: =IFERROR(__xludf.DUMMYFUNCTION("H23+counta(iferror(filter('Current Week'!B:B,'Current Week'!B:B=A23,'Current Week'!K:K<0,iserror(find(""FINAL"",'Current Week'!G:G)))))+counta(iferror(filter('Current Week'!B:B,'Current Week'!B:B=A23,'Current Week'!F:F<>"""",'Current Week'!J:J="""",'Curre"&"nt Week'!H:H="""",iserror(find(""FINAL"",'Current Week'!G:G)))))"),8.0) -> 8
A24: Mike | B24: =sumif('Current Week'!$B:$B,$A24,'Current Week'!D:D) -> 61 | C24: =sumif('Current Week'!$B:$B,$A24,'Current Week'!E:E) -> 59 | D24: =sumifs('Current Week'!D:D,'Current Week'!$B:$B,$A24,'Current Week'!T:T,"Power 5") -> 0 | E24: =sumifs('Current Week'!D:D,'Current Week'!$B:$B,$A24,'Current Week'!T:T,"Group of 5") -> 0 | F24: =10-countifs('Current Week'!B:B,A24,'Current Week'!G:G,"") -> 10 | G24: =IFERROR(__xludf.DUMMYFUNCTION("COUNTA(iferror(filter('Current Week'!B:B,'Current Week'!B:B=A24,left('Current Week'!G:G,5)=""FINAL"")))"),10.0) -> 10 | H24: =countifs('Current Week'!B:B,A24,'Current Week'!U:U,"=TRUE") -> 2 | I24: =F24-G24 -> 0 | J24: =IFERROR(__xludf.DUMMYFUNCTION("countifs('Current Week'!B:B,A24,'Current Week'!K:K,""<0"")+counta(iferror(filter('Current Week'!B:B,'Current Week'!B:B=A24,'Current Week'!F:F<>"""",'Current Week'!K:K="""",'Current Week'!H:H="""")))"),4.0) -> 4 | K24: =IFERROR(__xludf.DUMMYFUNCTION("counta(iferror(filter('Current Week'!B:B,'Current Week'!B:B=A24,'Current Week'!K:K>0,not(iserror(find(""FINAL"",'Current Week'!G:G))),'Current Week'!U:U=TRUE)))+counta(iferror(filter('Current Week'!B:B,'Current Week'!B:B=A24,'Current Week'!K:K="""",not(is"&"error(find(""FINAL"",'Current Week'!G:G))),'Current Week'!U:U=TRUE,'Current Week'!H:H="""")))"),1.0) -> 1 | L24: =IFERROR(__xludf.DUMMYFUNCTION("counta(iferror(filter('Current Week'!B:B,'Current Week'!B:B=A24,'Current Week'!K:K<0,not(iserror(find(""FINAL"",'Current Week'!G:G))),'Current Week'!U:U<>TRUE)))"),3.0) -> 3 | M24: =IFERROR(__xludf.DUMMYFUNCTION("H24+counta(iferror(filter('Current Week'!B:B,'Current Week'!B:B=A24,'Current Week'!K:K<0,iserror(find(""FINAL"",'Current Week'!G:G)))))+counta(iferror(filter('Current Week'!B:B,'Current Week'!B:B=A24,'Current Week'!F:F<>"""",'Current Week'!J:J="""",'Curre"&"nt Week'!H:H="""",iserror(find(""FINAL"",'Current Week'!G:G)))))"),2.0) -> 2
A25: Brad | B25: =sumif('Current Week'!$B:$B,$A25,'Current Week'!D:D) -> 69 | C25: =sumif('Current Week'!$B:$B,$A25,'Current Week'!E:E) -> 51 | D25: =sumifs('Current Week'!D:D,'Current Week'!$B:$B,$A25,'Current Week'!T:T,"Power 5") -> 0 | E25: =sumifs('Current Week'!D:D,'Current Week'!$B:$B,$A25,'Current Week'!T:T,"Group of 5") -> 0 | F25: =10-countifs('Current Week'!B:B,A25,'Current Week'!G:G,"") -> 10 | G25: =IFERROR(__xludf.DUMMYFUNCTION("COUNTA(iferror(filter('Current Week'!B:B,'Current Week'!B:B=A25,left('Current Week'!G:G,5)=""FINAL"")))"),10.0) -> 10 | H25: =countifs('Current Week'!B:B,A25,'Current Week'!U:U,"=TRUE") -> 6 | I25: =F25-G25 -> 0 | J25: =IFERROR(__xludf.DUMMYFUNCTION("countifs('Current Week'!B:B,A25,'Current Week'!K:K,""<0"")+counta(iferror(filter('Current Week'!B:B,'Current Week'!B:B=A25,'Current Week'!F:F<>"""",'Current Week'!K:K="""",'Current Week'!H:H="""")))"),5.0) -> 5 | K25: =IFERROR(__xludf.DUMMYFUNCTION("counta(iferror(filter('Current Week'!B:B,'Current Week'!B:B=A25,'Current Week'!K:K>0,not(iserror(find(""FINAL"",'Current Week'!G:G))),'Current Week'!U:U=TRUE)))+counta(iferror(filter('Current Week'!B:B,'Current Week'!B:B=A25,'Current Week'!K:K="""",not(is"&"error(find(""FINAL"",'Current Week'!G:G))),'Current Week'!U:U=TRUE,'Current Week'!H:H="""")))"),1.0) -> 1 | L25: =IFERROR(__xludf.DUMMYFUNCTION("counta(iferror(filter('Current Week'!B:B,'Current Week'!B:B=A25,'Current Week'!K:K<0,not(iserror(find(""FINAL"",'Current Week'!G:G))),'Current Week'!U:U<>TRUE)))"),0.0) -> 0 | M25: =IFERROR(__xludf.DUMMYFUNCTION("H25+counta(iferror(filter('Current Week'!B:B,'Current Week'!B:B=A25,'Current Week'!K:K<0,iserror(find(""FINAL"",'Current Week'!G:G)))))+counta(iferror(filter('Current Week'!B:B,'Current Week'!B:B=A25,'Current Week'!F:F<>"""",'Current Week'!J:J="""",'Curre"&"nt Week'!H:H="""",iserror(find(""FINAL"",'Current Week'!G:G)))))"),6.0) -> 6
A26: Masa | B26: =sumif('Current Week'!$B:$B,$A26,'Current Week'!D:D) -> 61 | C26: =sumif('Current Week'!$B:$B,$A26,'Current Week'!E:E) -> 59 | D26: =sumifs('Current Week'!D:D,'Current Week'!$B:$B,$A26,'Current Week'!T:T,"Power 5") -> 0 | E26: =sumifs('Current Week'!D:D,'Current Week'!$B:$B,$A26,'Current Week'!T:T,"Group of 5") -> 0 | F26: =10-countifs('Current Week'!B:B,A26,'Current Week'!G:G,"") -> 10 | G26: =IFERROR(__xludf.DUMMYFUNCTION("COUNTA(iferror(filter('Current Week'!B:B,'Current Week'!B:B=A26,left('Current Week'!G:G,5)=""FINAL"")))"),10.0) -> 10 | H26: =countifs('Current Week'!B:B,A26,'Current Week'!U:U,"=TRUE") -> 5 | I26: =F26-G26 -> 0 | J26: =IFERROR(__xludf.DUMMYFUNCTION("countifs('Current Week'!B:B,A26,'Current Week'!K:K,""<0"")+counta(iferror(filter('Current Week'!B:B,'Current Week'!B:B=A26,'Current Week'!F:F<>"""",'Current Week'!K:K="""",'Current Week'!H:H="""")))"),5.0) -> 5 | K26: =IFERROR(__xludf.DUMMYFUNCTION("counta(iferror(filter('Current Week'!B:B,'Current Week'!B:B=A26,'Current Week'!K:K>0,not(iserror(find(""FINAL"",'Current Week'!G:G))),'Current Week'!U:U=TRUE)))+counta(iferror(filter('Current Week'!B:B,'Current Week'!B:B=A26,'Current Week'!K:K="""",not(is"&"error(find(""FINAL"",'Current Week'!G:G))),'Current Week'!U:U=TRUE,'Current Week'!H:H="""")))"),2.0) -> 2 | L26: =IFERROR(__xludf.DUMMYFUNCTION("counta(iferror(filter('Current Week'!B:B,'Current Week'!B:B=A26,'Current Week'!K:K<0,not(iserror(find(""FINAL"",'Current Week'!G:G))),'Current Week'!U:U<>TRUE)))"),2.0) -> 2 | M26: =IFERROR(__xludf.DUMMYFUNCTION("H26+counta(iferror(filter('Current Week'!B:B,'Current Week'!B:B=A26,'Current Week'!K:K<0,iserror(find(""FINAL"",'Current Week'!G:G)))))+counta(iferror(filter('Current Week'!B:B,'Current Week'!B:B=A26,'Current Week'!F:F<>"""",'Current Week'!J:J="""",'Curre"&"nt Week'!H:H="""",iserror(find(""FINAL"",'Current Week'!G:G)))))"),5.0) -> 5
A27: Dan | B27: =sumif('Current Week'!$B:$B,$A27,'Current Week'!D:D) -> 83 | C27: =sumif('Current Week'!$B:$B,$A27,'Current Week'!E:E) -> 36 | D27: =sumifs('Current Week'!D:D,'Current Week'!$B:$B,$A27,'Current Week'!T:T,"Power 5") -> 0 | E27: =sumifs('Current Week'!D:D,'Current Week'!$B:$B,$A27,'Current Week'!T:T,"Group of 5") -> 0 | F27: =10-countifs('Current Week'!B:B,A27,'Current Week'!G:G,"") -> 9 | G27: =IFERROR(__xludf.DUMMYFUNCTION("COUNTA(iferror(filter('Current Week'!B:B,'Current Week'!B:B=A27,left('Current Week'!G:G,5)=""FINAL"")))"),9.0) -> 9 | H27: =countifs('Current Week'!B:B,A27,'Current Week'!U:U,"=TRUE") -> 6 | I27: =F27-G27 -> 0 | J27: =IFERROR(__xludf.DUMMYFUNCTION("countifs('Current Week'!B:B,A27,'Current Week'!K:K,""<0"")+counta(iferror(filter('Current Week'!B:B,'Current Week'!B:B=A27,'Current Week'!F:F<>"""",'Current Week'!K:K="""",'Current Week'!H:H="""")))"),4.0) -> 4 | K27: =IFERROR(__xludf.DUMMYFUNCTION("counta(iferror(filter('Current Week'!B:B,'Current Week'!B:B=A27,'Current Week'!K:K>0,not(iserror(find(""FINAL"",'Current Week'!G:G))),'Current Week'!U:U=TRUE)))+counta(iferror(filter('Current Week'!B:B,'Current Week'!B:B=A27,'Current Week'!K:K="""",not(is"&"error(find(""FINAL"",'Current Week'!G:G))),'Current Week'!U:U=TRUE,'Current Week'!H:H="""")))"),3.0) -> 3 | L27: =IFERROR(__xludf.DUMMYFUNCTION("counta(iferror(filter('Current Week'!B:B,'Current Week'!B:B=A27,'Current Week'!K:K<0,not(iserror(find(""FINAL"",'Current Week'!G:G))),'Current Week'!U:U<>TRUE)))"),1.0) -> 1 | M27: =IFERROR(__xludf.DUMMYFUNCTION("H27+counta(iferror(filter('Current Week'!B:B,'Current Week'!B:B=A27,'Current Week'!K:K<0,iserror(find(""FINAL"",'Current Week'!G:G)))))+counta(iferror(filter('Current Week'!B:B,'Current Week'!B:B=A27,'Current Week'!F:F<>"""",'Current Week'!J:J="""",'Curre"&"nt Week'!H:H="""",iserror(find(""FINAL"",'Current Week'!G:G)))))"),6.0) -> 6
A28: Nico | B28: =sumif('Current Week'!$B:$B,$A28,'Current Week'!D:D) -> 71 | C28: =sumif('Current Week'!$B:$B,$A28,'Current Week'!E:E) -> 49 | D28: =sumifs('Current Week'!D:D,'Current Week'!$B:$B,$A28,'Current Week'!T:T,"Power 5") -> 0 | E28: =sumifs('Current Week'!D:D,'Current Week'!$B:$B,$A28,'Current Week'!T:T,"Group of 5") -> 0 | F28: =10-countifs('Current Week'!B:B,A28,'Current Week'!G:G,"") -> 10 | G28: =IFERROR(__xludf.DUMMYFUNCTION("COUNTA(iferror(filter('Current Week'!B:B,'Current Week'!B:B=A28,left('Current Week'!G:G,5)=""FINAL"")))"),10.0) -> 10 | H28: =countifs('Current Week'!B:B,A28,'Current Week'!U:U,"=TRUE") -> 6 | I28: =F28-G28 -> 0 | J28: =IFERROR(__xludf.DUMMYFUNCTION("countifs('Current Week'!B:B,A28,'Current Week'!K:K,""<0"")+counta(iferror(filter('Current Week'!B:B,'Current Week'!B:B=A28,'Current Week'!F:F<>"""",'Current Week'!K:K="""",'Current Week'!H:H="""")))"),5.0) -> 5 | K28: =IFERROR(__xludf.DUMMYFUNCTION("counta(iferror(filter('Current Week'!B:B,'Current Week'!B:B=A28,'Current Week'!K:K>0,not(iserror(find(""FINAL"",'Current Week'!G:G))),'Current Week'!U:U=TRUE)))+counta(iferror(filter('Current Week'!B:B,'Current Week'!B:B=A28,'Current Week'!K:K="""",not(is"&"error(find(""FINAL"",'Current Week'!G:G))),'Current Week'!U:U=TRUE,'Current Week'!H:H="""")))"),2.0) -> 2 | L28: =IFERROR(__xludf.DUMMYFUNCTION("counta(iferror(filter('Current Week'!B:B,'Current Week'!B:B=A28,'Current Week'!K:K<0,not(iserror(find(""FINAL"",'Current Week'!G:G))),'Current Week'!U:U<>TRUE)))"),1.0) -> 1 | M28: =IFERROR(__xludf.DUMMYFUNCTION("H28+counta(iferror(filter('Current Week'!B:B,'Current Week'!B:B=A28,'Current Week'!K:K<0,iserror(find(""FINAL"",'Current Week'!G:G)))))+counta(iferror(filter('Current Week'!B:B,'Current Week'!B:B=A28,'Current Week'!F:F<>"""",'Current Week'!J:J="""",'Curre"&"nt Week'!H:H="""",iserror(find(""FINAL"",'Current Week'!G:G)))))"),6.0) -> 6
B29: =sumif('Current Week'!$B:$B,$A29,'Current Week'!D:D) -> 0 | C29: =sumif('Current Week'!$B:$B,$A29,'Current Week'!E:E) -> 0 | D29: =sumifs('Current Week'!D:D,'Current Week'!$B:$B,$A29,'Current Week'!T:T,"Power 5") -> 0 | E29: =sumifs('Current Week'!D:D,'Current Week'!$B:$B,$A29,'Current Week'!T:T,"Group of 5") -> 0 | F29: =10-countifs('Current Week'!B:B,A29,'Current Week'!G:G,"") -> 10 | G29: =IFERROR(__xludf.DUMMYFUNCTION("COUNTA(iferror(filter('Current Week'!B:B,'Current Week'!B:B=A29,left('Current Week'!G:G,5)=""FINAL"")))"),0.0) -> 0 | H29: =countifs('Current Week'!B:B,A29,'Current Week'!U:U,"=TRUE") -> 0 | I29: =F29-G29 -> 10 | J29: =IFERROR(__xludf.DUMMYFUNCTION("countifs('Current Week'!B:B,A29,'Current Week'!K:K,""<0"")+counta(iferror(filter('Current Week'!B:B,'Current Week'!B:B=A29,'Current Week'!F:F<>"""",'Current Week'!K:K="""",'Current Week'!H:H="""")))"),0.0) -> 0 | K29: =IFERROR(__xludf.DUMMYFUNCTION("counta(iferror(filter('Current Week'!B:B,'Current Week'!B:B=A29,'Current Week'!K:K>0,not(iserror(find(""FINAL"",'Current Week'!G:G))),'Current Week'!U:U=TRUE)))+counta(iferror(filter('Current Week'!B:B,'Current Week'!B:B=A29,'Current Week'!K:K="""",not(is"&"error(find(""FINAL"",'Current Week'!G:G))),'Current Week'!U:U=TRUE,'Current Week'!H:H="""")))"),0.0) -> 0 | L29: =IFERROR(__xludf.DUMMYFUNCTION("counta(iferror(filter('Current Week'!B:B,'Current Week'!B:B=A29,'Current Week'!K:K<0,not(iserror(find(""FINAL"",'Current Week'!G:G))),'Current Week'!U:U<>TRUE)))"),0.0) -> 0 | M29: =IFERROR(__xludf.DUMMYFUNCTION("H29+counta(iferror(filter('Current Week'!B:B,'Current Week'!B:B=A29,'Current Week'!K:K<0,iserror(find(""FINAL"",'Current Week'!G:G)))))+counta(iferror(filter('Current Week'!B:B,'Current Week'!B:B=A29,'Current Week'!F:F<>"""",'Current Week'!J:J="""",'Curre"&"nt Week'!H:H="""",iserror(find(""FINAL"",'Current Week'!G:G)))))"),0.0) -> 0

Sheet Current Week
A1: 100 | B1: Player | C1: Team | D1: W | E1: L | F1: matchup | G1: Status | H1: opponent | I1: network | J1: Opening Spread | K1: Spread | L1: Current Total | M1: Total | N1: PF | O1: PA | P1: sort2 | Q1: dupe | R1: activeSort | S1: Conf | T1: Conf type | U1: Win
A2: 101 | B2: Nick G. | C2: Auburn | D2: 5 | E2: 7 | F2: (10) Alabama 27 Auburn 20 | G2: FINAL | H2: Vu | K2: 5.5 | M2: 46.5 | N2: 321 | O2: 248 | P2: 2 | Q2: TRUE | R2: 100 | S2: {=byrow(C2:C150,lambda(rw,iferror(vlookup(rw,{DraftTracker!F:F,DraftTracker!E:E},2,0),"")))} -> SEC | T2: {=byrow(S2:S150,lambda(rw,iferror(VLOOKUP(rw,P5G5!A:B,2,0),"")))} -> Power 4 | U2: =IFERROR(__xludf.DUMMYFUNCTION("iferror(if(not(iserror(find(""FINAL"",G2))),max(arrayformula(value(REGEXEXTRACT(F2,""^""&C2&"" ([\d]+)|[^a-zA-Z] ""&C2&"" ([\d]+)""))))=max(value(REGEXEXTRACT(F2,"" ([\d]+)"")),value(REGEXEXTRACT(F2,""([\d]+)$""))),""""))"),FALSE) -> FALSE
A3: 101 | B3: Nick G. | C3: North Carolina | D3: 4 | E3: 8 | F3: North Carolina 19 NC State 42 | G3: FINAL | H3: Gary | K3: 7.5 | M3: 47.5 | N3: 231 | O3: 294 | P3: 2 | Q3: FALSE | R3: 100 | S3: ACC | T3: Power 4 | U3: =IFERROR(__xludf.DUMMYFUNCTION("iferror(if(not(iserror(find(""FINAL"",G3))),max(arrayformula(value(REGEXEXTRACT(F3,""^""&C3&"" ([\d]+)|[^a-zA-Z] ""&C3&"" ([\d]+)""))))=max(value(REGEXEXTRACT(F3,"" ([\d]+)"")),value(REGEXEXTRACT(F3,""([\d]+)$""))),""""))"),FALSE) -> FALSE
A4: 101 | B4: Nick G. | C4: Rice | D4: 5 | E4: 7 | F4: Rice 3 South Florida 52 | G4: FINAL | H4: Josh | K4: 28.5 | M4: 59.5 | N4: 238 | O4: 387 | P4: 2 | Q4: FALSE | R4: 100 | S4: AAC | T4: Group of 6 | U4: =IFERROR(__xludf.DUMMYFUNCTION("iferror(if(not(iserror(find(""FINAL"",G4))),max(arrayformula(value(REGEXEXTRACT(F4,""^""&C4&"" ([\d]+)|[^a-zA-Z] ""&C4&"" ([\d]+)""))))=max(value(REGEXEXTRACT(F4,"" ([\d]+)"")),value(REGEXEXTRACT(F4,""([\d]+)$""))),""""))"),FALSE) -> FALSE
A5: 101 | B5: Nick G. | C5: Penn State | D5: 6 | E5: 6 | F5: Penn State 40 Rutgers 36 | G5: FINAL | H5: Dan | K5: -14 | M5: 55.5 | N5: 381 | O5: 257 | P5: 2 | Q5: TRUE | R5: 100 | S5: Big Ten | T5: Power 4 | U5: =IFERROR(__xludf.DUMMYFUNCTION("iferror(if(not(iserror(find(""FINAL"",G5))),max(arrayformula(value(REGEXEXTRACT(F5,""^""&C5&"" ([\d]+)|[^a-zA-Z] ""&C5&"" ([\d]+)""))))=max(value(REGEXEXTRACT(F5,"" ([\d]+)"")),value(REGEXEXTRACT(F5,""([\d]+)$""))),""""))"),TRUE) -> TRUE
A6: 101 | B6: Nick G. | C6: Appalachian State | D6: 5 | E6: 7 | F6: Arkansas State 30 Appalachian State 29 | G6: FINAL | H6: Nico | K6: -1.5 | M6: 54.5 | N6: 304 | O6: 358 | P6: 2 | Q6: FALSE | R6: 100 | S6: Sun Belt | T6: Group of 6 | U6: =IFERROR(__xludf.DUMMYFUNCTION("iferror(if(not(iserror(find(""FINAL"",G6))),max(arrayformula(value(REGEXEXTRACT(F6,""^""&C6&"" ([\d]+)|[^a-zA-Z] ""&C6&"" ([\d]+)""))))=max(value(REGEXEXTRACT(F6,"" ([\d]+)"")),value(REGEXEXTRACT(F6,""([\d]+)$""))),""""))"),FALSE) -> FALSE
A7: 101 | B7: Nick G. | C7: Texas Tech | D7: 11 | E7: 1 | F7: (7) Texas Tech 49 West Virginia 0 | G7: FINAL | H7: Nico | K7: -23.5 | M7: 52.5 | N7: 518 | O7: 135 | P7: 2 | Q7: FALSE | R7: 100 | S7: Big 12 | T7: Power 4 | U7: =IFERROR(__xludf.DUMMYFUNCTION("iferror(if(not(iserror(find(""FINAL"",G7))),max(arrayformula(value(REGEXEXTRACT(F7,""^""&C7&"" ([\d]+)|[^a-zA-Z] ""&C7&"" ([\d]+)""))))=max(value(REGEXEXTRACT(F7,"" ([\d]+)"")),value(REGEXEXTRACT(F7,""([\d]+)$""))),""""))"),TRUE) -> TRUE
A8: 101 | B8: Nick G. | C8: Arizona State | D8: 8 | E8: 4 | F8: Arizona 23 Arizona State 7 | G8: FINAL | H8: Undrafted | K8: 1.5 | M8: 47.5 | N8: 296 | O8: 276 | P8: 2 | Q8: TRUE | R8: 100 | S8: Big 12 | T8: Power 4 | U8: =IFERROR(__xludf.DUMMYFUNCTION("iferror(if(not(iserror(find(""FINAL"",G8))),max(arrayformula(value(REGEXEXTRACT(F8,""^""&C8&"" ([\d]+)|[^a-zA-Z] ""&C8&"" ([\d]+)""))))=max(value(REGEXEXTRACT(F8,"" ([\d]+)"")),value(REGEXEXTRACT(F8,""([\d]+)$""))),""""))"),FALSE) -> FALSE
A9: 101 | B9: Nick G. | C9: Air Force | D9: 4 | E9: 8 | F9: Air Force 42 Colorado State 21 | G9: FINAL | H9: Vu | K9: -2.5 | M9: 46.5 | N9: 358 | O9: 364 | P9: 2 | Q9: TRUE | R9: 100 | S9: MWC | T9: Group of 6 | U9: =IFERROR(__xludf.DUMMYFUNCTION("iferror(if(not(iserror(find(""FINAL"",G9))),max(arrayformula(value(REGEXEXTRACT(F9,""^""&C9&"" ([\d]+)|[^a-zA-Z] ""&C9&"" ([\d]+)""))))=max(value(REGEXEXTRACT(F9,"" ([\d]+)"")),value(REGEXEXTRACT(F9,""([\d]+)$""))),""""))"),TRUE) -> TRUE
A10: 101 | B10: Nick G. | C10: UMASS | D10: 0 | E10: 12 | F10: Bowling Green 45 UMASS 14 | G10: FINAL | H10: Justin | K10: 14.5 | M10: 44.5 | N10: 133 | O10: 463 | P10: 2 | Q10: FALSE | R10: 100 | S10: MAC | T10: Group of 6 | U10: =IFERROR(__xludf.DUMMYFUNCTION("iferror(if(not(iserror(find(""FINAL"",G10))),max(arrayformula(value(REGEXEXTRACT(F10,""^""&C10&"" ([\d]+)|[^a-zA-Z] ""&C10&"" ([\d]+)""))))=max(value(REGEXEXTRACT(F10,"" ([\d]+)"")),value(REGEXEXTRACT(F10,""([\d]+)$""))),""""))"),FALSE) -> FALSE
A11: 101 | B11: Nick G. | C11: New Mexico State | D11: 4 | E11: 8 | F11: Middle Tennessee 31 New Mexico State 24 | G11: FINAL - OT | H11: Josh | K11: -3.5 | M11: 52.5 | N11: 259 | O11: 331 | P11: 2 | Q11: FALSE | R11: 100 | S11: CUSA | T11: Group of 6 | U11: =IFERROR(__xludf.DUMMYFUNCTION("iferror(if(not(iserror(find(""FINAL"",G11))),max(arrayformula(value(REGEXEXTRACT(F11,""^""&C11&"" ([\d]+)|[^a-zA-Z] ""&C11&"" ([\d]+)""))))=max(value(REGEXEXTRACT(F11,"" ([\d]+)"")),value(REGEXEXTRACT(F11,""([\d]+)$""))),""""))"),FALSE) -> FALSE
A12: 102 | U12: =IFERROR(__xludf.DUMMYFUNCTION("iferror(if(not(iserror(find(""FINAL"",G12))),max(arrayformula(value(REGEXEXTRACT(F12,""^""&C12&"" ([\d]+)|[^a-zA-Z] ""&C12&"" ([\d]+)""))))=max(value(REGEXEXTRACT(F12,"" ([\d]+)"")),value(REGEXEXTRACT(F12,""([\d]+)$""))),""""))"),"")
A13: 103 | B13: Gary | C13: NC State | D13: 7 | E13: 5 | F13: North Carolina 19 NC State 42 | G13: FINAL | H13: Nick G. | K13: -7.5 | M13: 47.5 | N13: 362 | O13: 346 | P13: 2 | Q13: TRUE | R13: 100 | S13: ACC | T13: Power 4 | U13: =IFERROR(__xludf.DUMMYFUNCTION("iferror(if(not(iserror(find(""FINAL"",G13))),max(arrayformula(value(REGEXEXTRACT(F13,""^""&C13&"" ([\d]+)|[^a-zA-Z] ""&C13&"" ([\d]+)""))))=max(value(REGEXEXTRACT(F13,"" ([\d]+)"")),value(REGEXEXTRACT(F13,""([\d]+)$""))),""""))"),TRUE) -> TRUE
A14: 103 | B14: Gary | C14: USC | D14: 9 | E14: 3 | F14: UCLA 10 (20) USC 29 | G14: FINAL | H14: Vu | K14: -21.5 | M14: 58.5 | N14: 438 | O14: 269 | P14: 2 | Q14: TRUE | R14: 100 | S14: Big Ten | T14: Power 4 | U14: =IFERROR(__xludf.DUMMYFUNCTION("iferror(if(not(iserror(find(""FINAL"",G14))),max(arrayformula(value(REGEXEXTRACT(F14,""^""&C14&"" ([\d]+)|[^a-zA-Z] ""&C14&"" ([\d]+)""))))=max(value(REGEXEXTRACT(F14,"" ([\d]+)"")),value(REGEXEXTRACT(F14,""([\d]+)$""))),""""))"),TRUE) -> TRUE
A15: 103 | B15: Gary | C15: TCU | D15: 8 | E15: 4 | F15: Cincinnati 23 TCU 45 | G15: FINAL | H15: Mike | K15: -3.5 | M15: 57.5 | N15: 369 | O15: 302 | P15: 2 | Q15: TRUE | R15: 100 | S15: Big 12 | T15: Power 4 | U15: =IFERROR(__xludf.DUMMYFUNCTION("iferror(if(not(iserror(find(""FINAL"",G15))),max(arrayformula(value(REGEXEXTRACT(F15,""^""&C15&"" ([\d]+)|[^a-zA-Z] ""&C15&"" ([\d]+)""))))=max(value(REGEXEXTRACT(F15,"" ([\d]+)"")),value(REGEXEXTRACT(F15,""([\d]+)$""))),""""))"),TRUE) -> TRUE
A16: 103 | B16: Gary | C16: Oklahoma | D16: 10 | E16: 2 | F16: LSU 13 (8) Oklahoma 17 | G16: FINAL | H16: Jeannine | K16: -10.5 | M16: 35.5 | N16: 317 | O16: 167 | P16: 2 | Q16: FALSE | R16: 100 | S16: SEC | T16: Power 4 | U16: =IFERROR(__xludf.DUMMYFUNCTION("iferror(if(not(iserror(find(""FINAL"",G16))),max(arrayformula(value(REGEXEXTRACT(F16,""^""&C16&"" ([\d]+)|[^a-zA-Z] ""&C16&"" ([\d]+)""))))=max(value(REGEXEXTRACT(F16,"" ([\d]+)"")),value(REGEXEXTRACT(F16,""([\d]+)$""))),""""))"),TRUE) -> TRUE
A17: 103 | B17: Gary | C17: Texas State | D17: 6 | E17: 6 | F17: South Alabama 26 Texas State 49 | G17: FINAL | H17: Mike | K17: -8.5 | M17: 62.5 | N17: 433 | O17: 367 | P17: 2 | Q17: FALSE | R17: 100 | S17: Sun Belt | T17: Group of 6 | U17: =IFERROR(__xludf.DUMMYFUNCTION("iferror(if(not(iserror(find(""FINAL"",G17))),max(arrayformula(value(REGEXEXTRACT(F17,""^""&C17&"" ([\d]+)|[^a-zA-Z] ""&C17&"" ([\d]+)""))))=max(value(REGEXEXTRACT(F17,"" ([\d]+)"")),value(REGEXEXTRACT(F17,""([\d]+)$""))),""""))"),TRUE) -> TRUE
A18: 103 | B18: Gary | C18: Ball State | D18: 4 | E18: 8 | F18: Ball State 24 Miami-OH 45 | G18: FINAL | H18: Mike | K18: 17.5 | M18: 41.5 | N18: 190 | O18: 358 | P18: 2 | Q18: FALSE | R18: 100 | S18: MAC | T18: Group of 6 | U18: =IFERROR(__xludf.DUMMYFUNCTION("iferror(if(not(iserror(find(""FINAL"",G18))),max(arrayformula(value(REGEXEXTRACT(F18,""^""&C18&"" ([\d]+)|[^a-zA-Z] ""&C18&"" ([\d]+)""))))=max(value(REGEXEXTRACT(F18,"" ([\d]+)"")),value(REGEXEXTRACT(F18,""([\d]+)$""))),""""))"),FALSE) -> FALSE
A19: 103 | B19: Gary | C19: East Carolina | D19: 8 | E19: 4 | F19: East Carolina 42 Florida Atlantic 3 | G19: FINAL | H19: Nick A. | K19: -6.5 | M19: 65.5 | N19: 402 | O19: 244 | P19: 2 | Q19: TRUE | R19: 100 | S19: AAC | T19: Group of 6 | U19: =IFERROR(__xludf.DUMMYFUNCTION("iferror(if(not(iserror(find(""FINAL"",G19))),max(arrayformula(value(REGEXEXTRACT(F19,""^""&C19&"" ([\d]+)|[^a-zA-Z] ""&C19&"" ([\d]+)""))))=max(value(REGEXEXTRACT(F19,"" ([\d]+)"")),value(REGEXEXTRACT(F19,""([\d]+)$""))),""""))"),TRUE) -> TRUE
A20: 103 | B20: Gary | C20: Boise State | D20: 8 | E20: 4 | F20: Boise State 25 Utah State 24 | G20: FINAL | H20: Jeannine | K20: -2.5 | M20: 55.5 | N20: 370 | O20: 278 | P20: 2 | Q20: TRUE | R20: 100 | S20: MWC | T20: Group of 6 | U20: =IFERROR(__xludf.DUMMYFUNCTION("iferror(if(not(iserror(find(""FINAL"",G20))),max(arrayformula(value(REGEXEXTRACT(F20,""^""&C20&"" ([\d]+)|[^a-zA-Z] ""&C20&"" ([\d]+)""))))=max(value(REGEXEXTRACT(F20,"" ([\d]+)"")),value(REGEXEXTRACT(F20,""([\d]+)$""))),""""))"),TRUE) -> TRUE
A21: 103 | B21: Gary | C21: Utah | D21: 10 | E21: 2 | F21: (14) Utah 31 Kansas 21 | G21: FINAL | H21: Nick A. | K21: -10.5 | M21: 60.5 | N21: 493 | O21: 224 | P21: 2 | Q21: FALSE | R21: 100 | S21: Big 12 | T21: Power 4 | U21: =IFERROR(__xludf.DUMMYFUNCTION("iferror(if(not(iserror(find(""FINAL"",G21))),max(arrayformula(value(REGEXEXTRACT(F21,""^""&C21&"" ([\d]+)|[^a-zA-Z] ""&C21&"" ([\d]+)""))))=max(value(REGEXEXTRACT(F21,"" ([\d]+)"")),value(REGEXEXTRACT(F21,""([\d]+)$""))),""""))"),TRUE) -> TRUE
A22: 103 | B22: Gary | C22: Kennesaw State | D22: 9 | E22: 3 | F22: Kennesaw State 48 Liberty 42 | G22: FINAL - 2ND OT | H22: Vu | K22: -1.5 | M22: 55.5 | N22: 349 | O22: 301 | P22: 2 | Q22: TRUE | R22: 100 | S22: CUSA | T22: Group of 6 | U22: =IFERROR(__xludf.DUMMYFUNCTION("iferror(if(not(iserror(find(""FINAL"",G22))),max(arrayformula(value(REGEXEXTRACT(F22,""^""&C22&"" ([\d]+)|[^a-zA-Z] ""&C22&"" ([\d]+)""))))=max(value(REGEXEXTRACT(F22,"" ([\d]+)"")),value(REGEXEXTRACT(F22,""([\d]+)$""))),""""))"),TRUE) -> TRUE
A23: 104 | U23: =IFERROR(__xludf.DUMMYFUNCTION("iferror(if(not(iserror(find(""FINAL"",G23))),max(arrayformula(value(REGEXEXTRACT(F23,""^""&C23&"" ([\d]+)|[^a-zA-Z] ""&C23&"" ([\d]+)""))))=max(value(REGEXEXTRACT(F23,"" ([\d]+)"")),value(REGEXEXTRACT(F23,""([\d]+)$""))),""""))"),"")
A24: 105 | B24: Vu | C24: California | D24: 7 | E24: 5 | F24: (25) SMU 35 California 38 | G24: FINAL | H24: Nick A. | K24: 13.5 | M24: 53.5 | N24: 298 | O24: 318 | P24: 2 | Q24: FALSE | R24: 100 | S24: ACC | T24: Power 4 | U24: =IFERROR(__xludf.DUMMYFUNCTION("iferror(if(not(iserror(find(""FINAL"",G24))),max(arrayformula(value(REGEXEXTRACT(F24,""^""&C24&"" ([\d]+)|[^a-zA-Z] ""&C24&"" ([\d]+)""))))=max(value(REGEXEXTRACT(F24,"" ([\d]+)"")),value(REGEXEXTRACT(F24,""([\d]+)$""))),""""))"),TRUE) -> TRUE
A25: 105 | B25: Vu | C25: Alabama | D25: 10 | E25: 2 | F25: (10) Alabama 27 Auburn 20 | G25: FINAL | H25: Nick G. | K25: -5.5 | M25: 46.5 | N25: 399 | O25: 198 | P25: 2 | Q25: FALSE | R25: 100 | S25: SEC | T25: Power 4 | U25: =IFERROR(__xludf.DUMMYFUNCTION("iferror(if(not(iserror(find(""FINAL"",G25))),max(arrayformula(value(REGEXEXTRACT(F25,""^""&C25&"" ([\d]+)|[^a-zA-Z] ""&C25&"" ([\d]+)""))))=max(value(REGEXEXTRACT(F25,"" ([\d]+)"")),value(REGEXEXTRACT(F25,""([\d]+)$""))),""""))"),TRUE) -> TRUE
A26: 105 | B26: Vu | C26: UCLA | D26: 3 | E26: 9 | F26: UCLA 10 (20) USC 29 | G26: FINAL | H26: Gary | K26: 21.5 | M26: 58.5 | N26: 218 | O26: 401 | P26: 2 | Q26: FALSE | R26: 100 | S26: Big Ten | T26: Power 4 | U26: =IFERROR(__xludf.DUMMYFUNCTION("iferror(if(not(iserror(find(""FINAL"",G26))),max(arrayformula(value(REGEXEXTRACT(F26,""^""&C26&"" ([\d]+)|[^a-zA-Z] ""&C26&"" ([\d]+)""))))=max(value(REGEXEXTRACT(F26,"" ([\d]+)"")),value(REGEXEXTRACT(F26,""([\d]+)$""))),""""))"),FALSE) -> FALSE
A27: 105 | B27: Vu | C27: Washington | D27: 8 | E27: 4 | F27: (5) Oregon 26 Washington 14 | G27: FINAL | H27: Jeannine | K27: 7 | M27: 51.5 | N27: 405 | O27: 233 | P27: 2 | Q27: FALSE | R27: 100 | S27: Big Ten | T27: Power 4 | U27: =IFERROR(__xludf.DUMMYFUNCTION("iferror(if(not(iserror(find(""FINAL"",G27))),max(arrayformula(value(REGEXEXTRACT(F27,""^""&C27&"" ([\d]+)|[^a-zA-Z] ""&C27&"" ([\d]+)""))))=max(value(REGEXEXTRACT(F27,"" ([\d]+)"")),value(REGEXEXTRACT(F27,""([\d]+)$""))),""""))"),FALSE) -> FALSE
A28: 105 | B28: Vu | C28: UAB | D28: 4 | E28: 8 | F28: UAB 31 Tulsa 24 | G28: FINAL | H28: Undrafted | K28: 9.5 | M28: 58.5 | N28: 317 | O28: 459 | P28: 2 | Q28: TRUE | R28: 100 | S28: AAC | T28: Group of 6 | U28: =IFERROR(__xludf.DUMMYFUNCTION("iferror(if(not(iserror(find(""FINAL"",G28))),max(arrayformula(value(REGEXEXTRACT(F28,""^""&C28&"" ([\d]+)|[^a-zA-Z] ""&C28&"" ([\d]+)""))))=max(value(REGEXEXTRACT(F28,"" ([\d]+)"")),value(REGEXEXTRACT(F28,""([\d]+)$""))),""""))"),TRUE) -> TRUE
A29: 105 | B29: Vu | C29: Old Dominion | D29: 9 | E29: 3 | F29: Georgia State 10 Old Dominion 27 | G29: FINAL | H29: Masa | K29: -27.5 | M29: 58.5 | N29: 392 | O29: 231 | P29: 2 | Q29: TRUE | R29: 100 | S29: Sun Belt | T29: Group of 6 | U29: =IFERROR(__xludf.DUMMYFUNCTION("iferror(if(not(iserror(find(""FINAL"",G29))),max(arrayformula(value(REGEXEXTRACT(F29,""^""&C29&"" ([\d]+)|[^a-zA-Z] ""&C29&"" ([\d]+)""))))=max(value(REGEXEXTRACT(F29,"" ([\d]+)"")),value(REGEXEXTRACT(F29,""([\d]+)$""))),""""))"),TRUE) -> TRUE
A30: 105 | B30: Vu | C30: Kansas State | D30: 6 | E30: 6 | F30: Colorado 14 Kansas State 24 | G30: FINAL | H30: Justin | K30: -16.5 | M30: 50.5 | N30: 353 | O30: 320 | P30: 2 | Q30: FALSE | R30: 100 | S30: Big 12 | T30: Power 4 | U30: =IFERROR(__xludf.DUMMYFUNCTION("iferror(if(not(iserror(find(""FINAL"",G30))),max(arrayformula(value(REGEXEXTRACT(F30,""^""&C30&"" ([\d]+)|[^a-zA-Z] ""&C30&"" ([\d]+)""))))=max(value(REGEXEXTRACT(F30,"" ([\d]+)"")),value(REGEXEXTRACT(F30,""([\d]+)$""))),""""))"),TRUE) -> TRUE
A31: 105 | B31: Vu | C31: Colorado State | D31: 2 | E31: 10 | F31: Air Force 42 Colorado State 21 | G31: FINAL | H31: Nick G. | K31: 2.5 | M31: 46.5 | N31: 222 | O31: 370 | P31: 2 | Q31: FALSE | R31: 100 | S31: MWC | T31: Group of 6 | U31: =IFERROR(__xludf.DUMMYFUNCTION("iferror(if(not(iserror(find(""FINAL"",G31))),max(arrayformula(value(REGEXEXTRACT(F31,""^""&C31&"" ([\d]+)|[^a-zA-Z] ""&C31&"" ([\d]+)""))))=max(value(REGEXEXTRACT(F31,"" ([\d]+)"")),value(REGEXEXTRACT(F31,""([\d]+)$""))),""""))"),FALSE) -> FALSE
A32: 105 | B32: Vu | C32: EMU | D32: 4 | E32: 8 | F32: Western Michigan 31 EMU 21 | G32: FINAL | H32: Dan | K32: 7.5 | M32: 46.5 | N32: 289 | O32: 357 | P32: 2 | Q32: FALSE | R32: 100 | S32: MAC | T32: Group of 6 | U32: =IFERROR(__xludf.DUMMYFUNCTION("iferror(if(not(iserror(find(""FINAL"",G32))),max(arrayformula(value(REGEXEXTRACT(F32,""^""&C32&"" ([\d]+)|[^a-zA-Z] ""&C32&"" ([\d]+)""))))=max(value(REGEXEXTRACT(F32,"" ([\d]+)"")),value(REGEXEXTRACT(F32,""([\d]+)$""))),""""))"),FALSE) -> FALSE
A33: 105 | B33: Vu | C33: Liberty | D33: 4 | E33: 8 | F33: Kennesaw State 48 Liberty 42 | G33: FINAL - 2ND OT | H33: Gary | K33: 1.5 | M33: 55.5 | N33: 307 | O33: 318 | P33: 2 | Q33: FALSE | R33: 100 | S33: CUSA | T33: Group of 6 | U33: =IFERROR(__xludf.DUMMYFUNCTION("iferror(if(not(iserror(find(""FINAL"",G33))),max(arrayformula(value(REGEXEXTRACT(F33,""^""&C33&"" ([\d]+)|[^a-zA-Z] ""&C33&"" ([\d]+)""))))=max(value(REGEXEXTRACT(F33,"" ([\d]+)"")),value(REGEXEXTRACT(F33,""([\d]+)$""))),""""))"),FALSE) -> FALSE
A34: 106 | U34: =IFERROR(__xludf.DUMMYFUNCTION("iferror(if(not(iserror(find(""FINAL"",G34))),max(arrayformula(value(REGEXEXTRACT(F34,""^""&C34&"" ([\d]+)|[^a-zA-Z] ""&C34&"" ([\d]+)""))))=max(value(REGEXEXTRACT(F34,"" ([\d]+)"")),value(REGEXEXTRACT(F34,""([\d]+)$""))),""""))"),"")
A35: 107 | B35: Nick A. | C35: Akron | D35: 5 | E35: 7 | N35: 267 | O35: 329 | P35: 0 | Q35: FALSE | R35: 59 | S35: MAC | T35: Group of 6 | U35: =IFERROR(__xludf.DUMMYFUNCTION("iferror(if(not(iserror(find(""FINAL"",G35))),max(arrayformula(value(REGEXEXTRACT(F35,""^""&C35&"" ([\d]+)|[^a-zA-Z] ""&C35&"" ([\d]+)""))))=max(value(REGEXEXTRACT(F35,"" ([\d]+)"")),value(REGEXEXTRACT(F35,""([\d]+)$""))),""""))"),"")
A36: 107 | B36: Nick A. | C36: SMU | D36: 8 | E36: 4 | F36: (25) SMU 35 California 38 | G36: FINAL | H36: Vu | K36: -13.5 | M36: 53.5 | N36: 395 | O36: 248 | P36: 2 | Q36: TRUE | R36: 100 | S36: ACC | T36: Power 4 | U36: =IFERROR(__xludf.DUMMYFUNCTION("iferror(if(not(iserror(find(""FINAL"",G36))),max(arrayformula(value(REGEXEXTRACT(F36,""^""&C36&"" ([\d]+)|[^a-zA-Z] ""&C36&"" ([\d]+)""))))=max(value(REGEXEXTRACT(F36,"" ([\d]+)"")),value(REGEXEXTRACT(F36,""([\d]+)$""))),""""))"),FALSE) -> FALSE
A37: 107 | B37: Nick A. | C37: Oregon State | D37: 2 | E37: 10 | F37: Oregon State 8 Washington State 32 | G37: FINAL | H37: Undrafted | K37: 13.5 | M37: 43.5 | N37: 218 | O37: 353 | P37: 2 | Q37: FALSE | R37: 100 | S37: Pac12 | T37: Group of 6 | U37: =IFERROR(__xludf.DUMMYFUNCTION("iferror(if(not(iserror(find(""FINAL"",G37))),max(arrayformula(value(REGEXEXTRACT(F37,""^""&C37&"" ([\d]+)|[^a-zA-Z] ""&C37&"" ([\d]+)""))))=max(value(REGEXEXTRACT(F37,"" ([\d]+)"")),value(REGEXEXTRACT(F37,""([\d]+)$""))),""""))"),FALSE) -> FALSE
A38: 107 | B38: Nick A. | C38: Tennessee | D38: 8 | E38: 4 | F38: (12) Vanderbilt 45 (18) Tennessee 24 | G38: FINAL | H38: Dan | K38: -3 | M38: 65.5 | N38: 489 | O38: 345 | P38: 2 | Q38: TRUE | R38: 100 | S38: SEC | T38: Power 4 | U38: =IFERROR(__xludf.DUMMYFUNCTION("iferror(if(not(iserror(find(""FINAL"",G38))),max(arrayformula(value(REGEXEXTRACT(F38,""^""&C38&"" ([\d]+)|[^a-zA-Z] ""&C38&"" ([\d]+)""))))=max(value(REGEXEXTRACT(F38,"" ([\d]+)"")),value(REGEXEXTRACT(F38,""([\d]+)$""))),""""))"),FALSE) -> FALSE
A39: 107 | B39: Nick A. | C39: Missouri State | D39: 7 | E39: 5 | F39: Louisiana Tech 42 Missouri State 30 | G39: FINAL | H39: Masa | K39: -1.5 | M39: 47.5 | N39: 305 | O39: 340 | P39: 2 | Q39: TRUE | R39: 100 | S39: CUSA | T39: Group of 6 | U39: =IFERROR(__xludf.DUMMYFUNCTION("iferror(if(not(iserror(find(""FINAL"",G39))),max(arrayformula(value(REGEXEXTRACT(F39,""^""&C39&"" ([\d]+)|[^a-zA-Z] ""&C39&"" ([\d]+)""))))=max(value(REGEXEXTRACT(F39,"" ([\d]+)"")),value(REGEXEXTRACT(F39,""([\d]+)$""))),""""))"),FALSE) -> FALSE
A40: 107 | B40: Nick A. | C40: Ohio State | D40: 12 | E40: 0 | F40: (1) Ohio State 27 (15) Michigan 9 | G40: FINAL | H40: Jeannine | K40: -10.5 | M40: 43.5 | N40: 444 | O40: 93 | P40: 2 | Q40: TRUE | R40: 100 | S40: Big Ten | T40: Power 4 | U40: =IFERROR(__xludf.DUMMYFUNCTION("iferror(if(not(iserror(find(""FINAL"",G40))),max(arrayformula(value(REGEXEXTRACT(F40,""^""&C40&"" ([\d]+)|[^a-zA-Z] ""&C40&"" ([\d]+)""))))=max(value(REGEXEXTRACT(F40,"" ([\d]+)"")),value(REGEXEXTRACT(F40,""([\d]+)$""))),""""))"),TRUE) -> TRUE
A41: 107 | B41: Nick A. | C41: Florida Atlantic | D41: 4 | E41: 8 | F41: East Carolina 42 Florida Atlantic 3 | G41: FINAL | H41: Gary | K41: 6.5 | M41: 65.5 | N41: 354 | O41: 436 | P41: 2 | Q41: FALSE | R41: 100 | S41: AAC | T41: Group of 6 | U41: =IFERROR(__xludf.DUMMYFUNCTION("iferror(if(not(iserror(find(""FINAL"",G41))),max(arrayformula(value(REGEXEXTRACT(F41,""^""&C41&"" ([\d]+)|[^a-zA-Z] ""&C41&"" ([\d]+)""))))=max(value(REGEXEXTRACT(F41,"" ([\d]+)"")),value(REGEXEXTRACT(F41,""([\d]+)$""))),""""))"),FALSE) -> FALSE
A42: 107 | B42: Nick A. | C42: Kansas | D42: 5 | E42: 7 | F42: (14) Utah 31 Kansas 21 | G42: FINAL | H42: Gary | K42: 10.5 | M42: 60.5 | N42: 337 | O42: 321 | P42: 2 | Q42: TRUE | R42: 100 | S42: Big 12 | T42: Power 4 | U42: =IFERROR(__xludf.DUMMYFUNCTION("iferror(if(not(iserror(find(""FINAL"",G42))),max(arrayformula(value(REGEXEXTRACT(F42,""^""&C42&"" ([\d]+)|[^a-zA-Z] ""&C42&"" ([\d]+)""))))=max(value(REGEXEXTRACT(F42,"" ([\d]+)"")),value(REGEXEXTRACT(F42,""([\d]+)$""))),""""))"),FALSE) -> FALSE
A43: 107 | B43: Nick A. | C43: New Mexico | D43: 9 | E43: 3 | F43: San Diego State 17 New Mexico 23 | G43: FINAL - 2ND OT | H43: Masa | K43: 1.5 | M43: 41.5 | N43: 335 | O43: 270 | P43: 2 | Q43: TRUE | R43: 100 | S43: MWC | T43: Group of 6 | U43: =IFERROR(__xludf.DUMMYFUNCTION("iferror(if(not(iserror(find(""FINAL"",G43))),max(arrayformula(value(REGEXEXTRACT(F43,""^""&C43&"" ([\d]+)|[^a-zA-Z] ""&C43&"" ([\d]+)""))))=max(value(REGEXEXTRACT(F43,"" ([\d]+)"")),value(REGEXEXTRACT(F43,""([\d]+)$""))),""""))"),TRUE) -> TRUE
A44: 107 | B44: Nick A. | C44: UL Lafayette | D44: 6 | E44: 6 | F44: UL Monroe 27 UL Lafayette 30 | G44: FINAL - OT | H44: Undrafted | K44: -8.5 | M44: 47.5 | N44: 325 | O44: 360 | P44: 2 | Q44: FALSE | R44: 100 | S44: Sun Belt | T44: Group of 6 | U44: =IFERROR(__xludf.DUMMYFUNCTION("iferror(if(not(iserror(find(""FINAL"",G44))),max(arrayformula(value(REGEXEXTRACT(F44,""^""&C44&"" ([\d]+)|[^a-zA-Z] ""&C44&"" ([\d]+)""))))=max(value(REGEXEXTRACT(F44,"" ([\d]+)"")),value(REGEXEXTRACT(F44,""([\d]+)$""))),""""))"),TRUE) -> TRUE
A45: 108 | U45: =IFERROR(__xludf.DUMMYFUNCTION("iferror(if(not(iserror(find(""FINAL"",G45))),max(arrayformula(value(REGEXEXTRACT(F45,""^""&C45&"" ([\d]+)|[^a-zA-Z] ""&C45&"" ([\d]+)""))))=max(value(REGEXEXTRACT(F45,"" ([\d]+)"")),value(REGEXEXTRACT(F45,""([\d]+)$""))),""""))"),"")
A46: 109 | B46: Jeannine | C46: Virginia Tech | D46: 3 | E46: 9 | F46: Virginia Tech 7 (17) Virginia 27 | G46: FINAL | H46: Josh | K46: 8.5 | M46: 52.5 | N46: 257 | O46: 362 | P46: 2 | Q46: FALSE | R46: 100 | S46: ACC | T46: Power 4 | U46: =IFERROR(__xludf.DUMMYFUNCTION("iferror(if(not(iserror(find(""FINAL"",G46))),max(arrayformula(value(REGEXEXTRACT(F46,""^""&C46&"" ([\d]+)|[^a-zA-Z] ""&C46&"" ([\d]+)""))))=max(value(REGEXEXTRACT(F46,"" ([\d]+)"")),value(REGEXEXTRACT(F46,""([\d]+)$""))),""""))"),FALSE) -> FALSE
A47: 109 | B47: Jeannine | C47: LSU | D47: 7 | E47: 5 | F47: LSU 13 (8) Oklahoma 17 | G47: FINAL | H47: Gary | K47: 10.5 | M47: 35.5 | N47: 262 | O47: 220 | P47: 2 | Q47: TRUE | R47: 100 | S47: SEC | T47: Power 4 | U47: =IFERROR(__xludf.DUMMYFUNCTION("iferror(if(not(iserror(find(""FINAL"",G47))),max(arrayformula(value(REGEXEXTRACT(F47,""^""&C47&"" ([\d]+)|[^a-zA-Z] ""&C47&"" ([\d]+)""))))=max(value(REGEXEXTRACT(F47,"" ([\d]+)"")),value(REGEXEXTRACT(F47,""([\d]+)$""))),""""))"),FALSE) -> FALSE
A48: 109 | B48: Jeannine | C48: Oregon | D48: 11 | E48: 1 | F48: (5) Oregon 26 Washington 14 | G48: FINAL | H48: Vu | K48: -7 | M48: 51.5 | N48: 458 | O48: 178 | P48: 2 | Q48: TRUE | R48: 100 | S48: Big Ten | T48: Power 4 | U48: =IFERROR(__xludf.DUMMYFUNCTION("iferror(if(not(iserror(find(""FINAL"",G48))),max(arrayformula(value(REGEXEXTRACT(F48,""^""&C48&"" ([\d]+)|[^a-zA-Z] ""&C48&"" ([\d]+)""))))=max(value(REGEXEXTRACT(F48,"" ([\d]+)"")),value(REGEXEXTRACT(F48,""([\d]+)$""))),""""))"),TRUE) -> TRUE
A49: 109 | B49: Jeannine | C49: UTSA | D49: 6 | E49: 6 | F49: Army 27 UTSA 24 | G49: FINAL | H49: Dan | K49: -7.5 | M49: 51.5 | N49: 405 | O49: 355 | P49: 2 | Q49: FALSE | R49: 100 | S49: AAC | T49: Group of 6 | U49: =IFERROR(__xludf.DUMMYFUNCTION("iferror(if(not(iserror(find(""FINAL"",G49))),max(arrayformula(value(REGEXEXTRACT(F49,""^""&C49&"" ([\d]+)|[^a-zA-Z] ""&C49&"" ([\d]+)""))))=max(value(REGEXEXTRACT(F49,"" ([\d]+)"")),value(REGEXEXTRACT(F49,""([\d]+)$""))),""""))"),FALSE) -> FALSE
A50: 109 | B50: Jeannine | C50: Marshall | D50: 5 | E50: 7 | F50: Georgia Southern 24 Marshall 19 | G50: FINAL | H50: Justin | K50: -10.5 | M50: 62.5 | N50: 369 | O50: 363 | P50: 2 | Q50: TRUE | R50: 100 | S50: Sun Belt | T50: Group of 6 | U50: =IFERROR(__xludf.DUMMYFUNCTION("iferror(if(not(iserror(find(""FINAL"",G50))),max(arrayformula(value(REGEXEXTRACT(F50,""^""&C50&"" ([\d]+)|[^a-zA-Z] ""&C50&"" ([\d]+)""))))=max(value(REGEXEXTRACT(F50,"" ([\d]+)"")),value(REGEXEXTRACT(F50,""([\d]+)$""))),""""))"),FALSE) -> FALSE
A51: 109 | B51: Jeannine | C51: Sam Houston | D51: 2 | E51: 10 | F51: Florida Intl 56 Sam Houston 16 | G51: FINAL | H51: Nico | K51: 11.5 | M51: 51.5 | N51: 213 | O51: 454 | P51: 2 | Q51: FALSE | R51: 100 | S51: CUSA | T51: Group of 6 | U51: =IFERROR(__xludf.DUMMYFUNCTION("iferror(if(not(iserror(find(""FINAL"",G51))),max(arrayformula(value(REGEXEXTRACT(F51,""^""&C51&"" ([\d]+)|[^a-zA-Z] ""&C51&"" ([\d]+)""))))=max(value(REGEXEXTRACT(F51,"" ([\d]+)"")),value(REGEXEXTRACT(F51,""([\d]+)$""))),""""))"),FALSE) -> FALSE
A52: 109 | B52: Jeannine | C52: Michigan | D52: 9 | E52: 3 | F52: (1) Ohio State 27 (15) Michigan 9 | G52: FINAL | H52: Nick A. | K52: 10.5 | M52: 43.5 | N52: 331 | O52: 224 | P52: 2 | Q52: FALSE | R52: 100 | S52: Big Ten | T52: Power 4 | U52: =IFERROR(__xludf.DUMMYFUNCTION("iferror(if(not(iserror(find(""FINAL"",G52))),max(arrayformula(value(REGEXEXTRACT(F52,""^""&C52&"" ([\d]+)|[^a-zA-Z] ""&C52&"" ([\d]+)""))))=max(value(REGEXEXTRACT(F52,"" ([\d]+)"")),value(REGEXEXTRACT(F52,""([\d]+)$""))),""""))"),FALSE) -> FALSE
A53: 109 | B53: Jeannine | C53: Iowa State | D53: 8 | E53: 4 | F53: Iowa State 20 Oklahoma State 13 | G53: FINAL | H53: Josh | K53: -13.5 | M53: 46.5 | N53: 329 | O53: 242 | P53: 2 | Q53: FALSE | R53: 100 | S53: Big 12 | T53: Power 4 | U53: =IFERROR(__xludf.DUMMYFUNCTION("iferror(if(not(iserror(find(""FINAL"",G53))),max(arrayformula(value(REGEXEXTRACT(F53,""^""&C53&"" ([\d]+)|[^a-zA-Z] ""&C53&"" ([\d]+)""))))=max(value(REGEXEXTRACT(F53,"" ([\d]+)"")),value(REGEXEXTRACT(F53,""([\d]+)$""))),""""))"),TRUE) -> TRUE
A54: 109 | B54: Jeannine | C54: Utah State | D54: 6 | E54: 6 | F54: Boise State 25 Utah State 24 | G54: FINAL | H54: Gary | K54: 2.5 | M54: 55.5 | N54: 381 | O54: 339 | P54: 2 | Q54: FALSE | R54: 100 | S54: MWC | T54: Group of 6 | U54: =IFERROR(__xludf.DUMMYFUNCTION("iferror(if(not(iserror(find(""FINAL"",G54))),max(arrayformula(value(REGEXEXTRACT(F54,""^""&C54&"" ([\d]+)|[^a-zA-Z] ""&C54&"" ([\d]+)""))))=max(value(REGEXEXTRACT(F54,"" ([\d]+)"")),value(REGEXEXTRACT(F54,""([\d]+)$""))),""""))"),FALSE) -> FALSE
A55: 109 | B55: Jeannine | C55: Northern Illinois | D55: 3 | E55: 9 | F55: Kent State 35 Northern Illinois 31 | G55: FINAL | H55: Undrafted | K55: -5.5 | M55: 45.5 | N55: 205 | O55: 292 | P55: 2 | Q55: FALSE | R55: 100 | S55: MAC | T55: Group of 6 | U55: =IFERROR(__xludf.DUMMYFUNCTION("iferror(if(not(iserror(find(""FINAL"",G55))),max(arrayformula(value(REGEXEXTRACT(F55,""^""&C55&"" ([\d]+)|[^a-zA-Z] ""&C55&"" ([\d]+)""))))=max(value(REGEXEXTRACT(F55,"" ([\d]+)"")),value(REGEXEXTRACT(F55,""([\d]+)$""))),""""))"),FALSE) -> FALSE
A56: 110 | U56: =IFERROR(__xludf.DUMMYFUNCTION("iferror(if(not(iserror(find(""FINAL"",G56))),max(arrayformula(value(REGEXEXTRACT(F56,""^""&C56&"" ([\d]+)|[^a-zA-Z] ""&C56&"" ([\d]+)""))))=max(value(REGEXEXTRACT(F56,"" ([\d]+)"")),value(REGEXEXTRACT(F56,""([\d]+)$""))),""""))"),"")
A57: 111 | B57: Justin | C57: UNLV | D57: 10 | E57: 2 | F57: UNLV 42 Nevada 17 | G57: FINAL | H57: Brad | K57: -7.5 | M57: 53.5 | N57: 446 | O57: 337 | P57: 2 | Q57: TRUE | R57: 100 | S57: MWC | T57: Group of 6 | U57: =IFERROR(__xludf.DUMMYFUNCTION("iferror(if(not(iserror(find(""FINAL"",G57))),max(arrayformula(value(REGEXEXTRACT(F57,""^""&C57&"" ([\d]+)|[^a-zA-Z] ""&C57&"" ([\d]+)""))))=max(value(REGEXEXTRACT(F57,"" ([\d]+)"")),value(REGEXEXTRACT(F57,""([\d]+)$""))),""""))"),TRUE) -> TRUE
A58: 111 | B58: Justin | C58: Michigan State | D58: 4 | E58: 8 | F58: Maryland 28 Michigan State 38 | G58: FINAL | H58: Undrafted | K58: -3.5 | M58: 48.5 | N58: 295 | O58: 359 | P58: 2 | Q58: TRUE | R58: 100 | S58: Big Ten | T58: Power 4 | U58: =IFERROR(__xludf.DUMMYFUNCTION("iferror(if(not(iserror(find(""FINAL"",G58))),max(arrayformula(value(REGEXEXTRACT(F58,""^""&C58&"" ([\d]+)|[^a-zA-Z] ""&C58&"" ([\d]+)""))))=max(value(REGEXEXTRACT(F58,"" ([\d]+)"")),value(REGEXEXTRACT(F58,""([\d]+)$""))),""""))"),TRUE) -> TRUE
A59: 111 | B59: Justin | C59: Florida | D59: 4 | E59: 8 | F59: Florida State 21 Florida 40 | G59: FINAL | H59: Justin | K59: -1.5 | M59: 49.5 | N59: 259 | O59: 288 | P59: 2 | Q59: FALSE | R59: 100 | S59: SEC | T59: Power 4 | U59: =IFERROR(__xludf.DUMMYFUNCTION("iferror(if(not(iserror(find(""FINAL"",G59))),max(arrayformula(value(REGEXEXTRACT(F59,""^""&C59&"" ([\d]+)|[^a-zA-Z] ""&C59&"" ([\d]+)""))))=max(value(REGEXEXTRACT(F59,"" ([\d]+)"")),value(REGEXEXTRACT(F59,""([\d]+)$""))),""""))"),TRUE) -> TRUE
A60: 111 | B60: Justin | C60: Florida State | D60: 5 | E60: 7 | F60: Florida State 21 Florida 40 | G60: FINAL | H60: Justin | K60: 1.5 | M60: 49.5 | N60: 396 | O60: 264 | P60: 2 | Q60: TRUE | R60: 100 | S60: ACC | T60: Power 4 | U60: =IFERROR(__xludf.DUMMYFUNCTION("iferror(if(not(iserror(find(""FINAL"",G60))),max(arrayformula(value(REGEXEXTRACT(F60,""^""&C60&"" ([\d]+)|[^a-zA-Z] ""&C60&"" ([\d]+)""))))=max(value(REGEXEXTRACT(F60,"" ([\d]+)"")),value(REGEXEXTRACT(F60,""([\d]+)$""))),""""))"),FALSE) -> FALSE
A61: 111 | B61: Justin | C61: Georgia Southern | D61: 6 | E61: 6 | F61: Georgia Southern 24 Marshall 19 | G61: FINAL | H61: Jeannine | K61: 10.5 | M61: 62.5 | N61: 334 | O61: 410 | P61: 2 | Q61: FALSE | R61: 100 | S61: Sun Belt | T61: Group of 6 | U61: =IFERROR(__xludf.DUMMYFUNCTION("iferror(if(not(iserror(find(""FINAL"",G61))),max(arrayformula(value(REGEXEXTRACT(F61,""^""&C61&"" ([\d]+)|[^a-zA-Z] ""&C61&"" ([\d]+)""))))=max(value(REGEXEXTRACT(F61,"" ([\d]+)"")),value(REGEXEXTRACT(F61,""([\d]+)$""))),""""))"),TRUE) -> TRUE
A62: 111 | B62: Justin | C62: Delaware | D62: 6 | E62: 6 | F62: UTEP 31 Delaware 61 | G62: FINAL | H62: Mike | N62: 357 | O62: 390 | P62: 2 | Q62: TRUE | R62: 100 | S62: CUSA | T62: Group of 6 | U62: =IFERROR(__xludf.DUMMYFUNCTION("iferror(if(not(iserror(find(""FINAL"",G62))),max(arrayformula(value(REGEXEXTRACT(F62,""^""&C62&"" ([\d]+)|[^a-zA-Z] ""&C62&"" ([\d]+)""))))=max(value(REGEXEXTRACT(F62,"" ([\d]+)"")),value(REGEXEXTRACT(F62,""([\d]+)$""))),""""))"),TRUE) -> TRUE
A63: 111 | B63: Justin | C63: BYU | D63: 11 | E63: 1 | F63: UCF 21 (11) BYU 41 | G63: FINAL | H63: Brad | K63: -17.5 | M63: 47.5 | N63: 408 | O63: 213 | P63: 2 | Q63: FALSE | R63: 100 | S63: Big 12 | T63: Power 4 | U63: =IFERROR(__xludf.DUMMYFUNCTION("iferror(if(not(iserror(find(""FINAL"",G63))),max(arrayformula(value(REGEXEXTRACT(F63,""^""&C63&"" ([\d]+)|[^a-zA-Z] ""&C63&"" ([\d]+)""))))=max(value(REGEXEXTRACT(F63,"" ([\d]+)"")),value(REGEXEXTRACT(F63,""([\d]+)$""))),""""))"),TRUE) -> TRUE
A64: 111 | B64: Justin | C64: Colorado | D64: 3 | E64: 9 | F64: Colorado 14 Kansas State 24 | G64: FINAL | H64: Vu | K64: 16.5 | M64: 50.5 | N64: 251 | O64: 366 | P64: 2 | Q64: TRUE | R64: 100 | S64: Big 12 | T64: Power 4 | U64: =IFERROR(__xludf.DUMMYFUNCTION("iferror(if(not(iserror(find(""FINAL"",G64))),max(arrayformula(value(REGEXEXTRACT(F64,""^""&C64&"" ([\d]+)|[^a-zA-Z] ""&C64&"" ([\d]+)""))))=max(value(REGEXEXTRACT(F64,"" ([\d]+)"")),value(REGEXEXTRACT(F64,""([\d]+)$""))),""""))"),FALSE) -> FALSE
A65: 111 | B65: Justin | C65: Navy | D65: 9 | E65: 2 | F65: Navy 28 Memphis 17 | G65: FINAL | H65: Mike | K65: 3.5 | M65: 57.5 | N65: 357 | O65: 296 | P65: 2 | Q65: TRUE | R65: 100 | S65: AAC | T65: Group of 6 | U65: =IFERROR(__xludf.DUMMYFUNCTION("iferror(if(not(iserror(find(""FINAL"",G65))),max(arrayformula(value(REGEXEXTRACT(F65,""^""&C65&"" ([\d]+)|[^a-zA-Z] ""&C65&"" ([\d]+)""))))=max(value(REGEXEXTRACT(F65,"" ([\d]+)"")),value(REGEXEXTRACT(F65,""([\d]+)$""))),""""))"),TRUE) -> TRUE
A66: 111 | B66: Justin | C66: Bowling Green | D66: 4 | E66: 8 | F66: Bowling Green 45 UMASS 14 | G66: FINAL | H66: Nick G. | K66: -14.5 | M66: 44.5 | N66: 246 | O66: 291 | P66: 2 | Q66: TRUE | R66: 100 | S66: MAC | T66: Group of 6 | U66: =IFERROR(__xludf.DUMMYFUNCTION("iferror(if(not(iserror(find(""FINAL"",G66))),max(arrayformula(value(REGEXEXTRACT(F66,""^""&C66&"" ([\d]+)|[^a-zA-Z] ""&C66&"" ([\d]+)""))))=max(value(REGEXEXTRACT(F66,"" ([\d]+)"")),value(REGEXEXTRACT(F66,""([\d]+)$""))),""""))"),TRUE) -> TRUE
A67: 112 | U67: =IFERROR(__xludf.DUMMYFUNCTION("iferror(if(not(iserror(find(""FINAL"",G67))),max(arrayformula(value(REGEXEXTRACT(F67,""^""&C67&"" ([\d]+)|[^a-zA-Z] ""&C67&"" ([\d]+)""))))=max(value(REGEXEXTRACT(F67,"" ([\d]+)"")),value(REGEXEXTRACT(F67,""([\d]+)$""))),""""))"),"")
A68: 113 | B68: Josh | C68: Hawaii | D68: 8 | E68: 4 | F68: Wyoming 7 Hawaii 27 | G68: FINAL | H68: Nico | K68: -7.5 | M68: 44.5 | N68: 342 | O68: 282 | P68: 2 | Q68: TRUE | R68: 100 | S68: MWC | T68: Group of 6 | U68: =IFERROR(__xludf.DUMMYFUNCTION("iferror(if(not(iserror(find(""FINAL"",G68))),max(arrayformula(value(REGEXEXTRACT(F68,""^""&C68&"" ([\d]+)|[^a-zA-Z] ""&C68&"" ([\d]+)""))))=max(value(REGEXEXTRACT(F68,"" ([\d]+)"")),value(REGEXEXTRACT(F68,""([\d]+)$""))),""""))"),TRUE) -> TRUE
A69: 113 | B69: Josh | C69: Notre Dame | D69: 10 | E69: 2 | F69: (9) Notre Dame 49 Stanford 20 | G69: FINAL | H69: Undrafted | K69: -31.5 | M69: 49.5 | N69: 504 | O69: 211 | P69: 2 | Q69: FALSE | R69: 100 | S69: zIndependent | U69: =IFERROR(__xludf.DUMMYFUNCTION("iferror(if(not(iserror(find(""FINAL"",G69))),max(arrayformula(value(REGEXEXTRACT(F69,""^""&C69&"" ([\d]+)|[^a-zA-Z] ""&C69&"" ([\d]+)""))))=max(value(REGEXEXTRACT(F69,"" ([\d]+)"")),value(REGEXEXTRACT(F69,""([\d]+)$""))),""""))"),TRUE) -> TRUE
A70: 113 | B70: Josh | C70: Virginia | D70: 10 | E70: 2 | F70: Virginia Tech 7 (17) Virginia 27 | G70: FINAL | H70: Jeannine | K70: -8.5 | M70: 52.5 | N70: 398 | O70: 240 | P70: 2 | Q70: TRUE | R70: 100 | S70: ACC | T70: Power 4 | U70: =IFERROR(__xludf.DUMMYFUNCTION("iferror(if(not(iserror(find(""FINAL"",G70))),max(arrayformula(value(REGEXEXTRACT(F70,""^""&C70&"" ([\d]+)|[^a-zA-Z] ""&C70&"" ([\d]+)""))))=max(value(REGEXEXTRACT(F70,"" ([\d]+)"")),value(REGEXEXTRACT(F70,""([\d]+)$""))),""""))"),TRUE) -> TRUE
A71: 113 | B71: Josh | C71: South Florida | D71: 9 | E71: 3 | F71: Rice 3 South Florida 52 | G71: FINAL | H71: Nick G. | K71: -28.5 | M71: 59.5 | N71: 516 | O71: 280 | P71: 2 | Q71: TRUE | R71: 100 | S71: AAC | T71: Group of 6 | U71: =IFERROR(__xludf.DUMMYFUNCTION("iferror(if(not(iserror(find(""FINAL"",G71))),max(arrayformula(value(REGEXEXTRACT(F71,""^""&C71&"" ([\d]+)|[^a-zA-Z] ""&C71&"" ([\d]+)""))))=max(value(REGEXEXTRACT(F71,"" ([\d]+)"")),value(REGEXEXTRACT(F71,""([\d]+)$""))),""""))"),TRUE) -> TRUE
A72: 113 | B72: Josh | C72: Troy | D72: 8 | E72: 4 | F72: Troy 28 Southern Mississippi 18 | G72: FINAL | H72: Undrafted | K72: 6.5 | M72: 50.5 | N72: 302 | O72: 287 | P72: 2 | Q72: FALSE | R72: 100 | S72: Sun Belt | T72: Group of 6 | U72: =IFERROR(__xludf.DUMMYFUNCTION("iferror(if(not(iserror(find(""FINAL"",G72))),max(arrayformula(value(REGEXEXTRACT(F72,""^""&C72&"" ([\d]+)|[^a-zA-Z] ""&C72&"" ([\d]+)""))))=max(value(REGEXEXTRACT(F72,"" ([\d]+)"")),value(REGEXEXTRACT(F72,""([\d]+)$""))),""""))"),TRUE) -> TRUE
A73: 113 | B73: Josh | C73: Oklahoma State | D73: 1 | E73: 11 | F73: Iowa State 20 Oklahoma State 13 | G73: FINAL | H73: Jeannine | K73: 13.5 | M73: 46.5 | N73: 170 | O73: 400 | P73: 2 | Q73: TRUE | R73: 100 | S73: Big 12 | T73: Power 4 | U73: =IFERROR(__xludf.DUMMYFUNCTION("iferror(if(not(iserror(find(""FINAL"",G73))),max(arrayformula(value(REGEXEXTRACT(F73,""^""&C73&"" ([\d]+)|[^a-zA-Z] ""&C73&"" ([\d]+)""))))=max(value(REGEXEXTRACT(F73,"" ([\d]+)"")),value(REGEXEXTRACT(F73,""([\d]+)$""))),""""))"),FALSE) -> FALSE
A74: 113 | B74: Josh | C74: Georgia | D74: 11 | E74: 1 | F74: (4) Georgia 16 (19) Georgia Tech 9 | G74: FINAL | H74: Dan | K74: -14 | M74: 59.5 | N74: 387 | O74: 200 | P74: 2 | Q74: FALSE | R74: 100 | S74: SEC | T74: Power 4 | U74: =IFERROR(__xludf.DUMMYFUNCTION("iferror(if(not(iserror(find(""FINAL"",G74))),max(arrayformula(value(REGEXEXTRACT(F74,""^""&C74&"" ([\d]+)|[^a-zA-Z] ""&C74&"" ([\d]+)""))))=max(value(REGEXEXTRACT(F74,"" ([\d]+)"")),value(REGEXEXTRACT(F74,""([\d]+)$""))),""""))"),TRUE) -> TRUE
A75: 113 | B75: Josh | C75: Ohio | D75: 8 | E75: 4 | F75: Ohio 31 Buffalo 26 | G75: FINAL | H75: Masa | K75: -7 | M75: 45.5 | N75: 344 | O75: 275 | P75: 2 | Q75: TRUE | R75: 100 | S75: MAC | T75: Group of 6 | U75: =IFERROR(__xludf.DUMMYFUNCTION("iferror(if(not(iserror(find(""FINAL"",G75))),max(arrayformula(value(REGEXEXTRACT(F75,""^""&C75&"" ([\d]+)|[^a-zA-Z] ""&C75&"" ([\d]+)""))))=max(value(REGEXEXTRACT(F75,"" ([\d]+)"")),value(REGEXEXTRACT(F75,""([\d]+)$""))),""""))"),TRUE) -> TRUE
A76: 113 | B76: Josh | C76: Nebraska | D76: 7 | E76: 5 | F76: Iowa 40 Nebraska 16 | G76: FINAL | H76: Masa | K76: 6.5 | M76: 39.5 | N76: 351 | O76: 276 | P76: 2 | Q76: TRUE | R76: 100 | S76: Big Ten | T76: Power 4 | U76: =IFERROR(__xludf.DUMMYFUNCTION("iferror(if(not(iserror(find(""FINAL"",G76))),max(arrayformula(value(REGEXEXTRACT(F76,""^""&C76&"" ([\d]+)|[^a-zA-Z] ""&C76&"" ([\d]+)""))))=max(value(REGEXEXTRACT(F76,"" ([\d]+)"")),value(REGEXEXTRACT(F76,""([\d]+)$""))),""""))"),FALSE) -> FALSE
A77: 113 | B77: Josh | C77: Middle Tennessee | D77: 3 | E77: 9 | F77: Middle Tennessee 31 New Mexico State 24 | G77: FINAL - OT | H77: Nick G. | K77: 3.5 | M77: 52.5 | N77: 269 | O77: 371 | P77: 2 | Q77: TRUE | R77: 100 | S77: CUSA | T77: Group of 6 | U77: =IFERROR(__xludf.DUMMYFUNCTION("iferror(if(not(iserror(find(""FINAL"",G77))),max(arrayformula(value(REGEXEXTRACT(F77,""^""&C77&"" ([\d]+)|[^a-zA-Z] ""&C77&"" ([\d]+)""))))=max(value(REGEXEXTRACT(F77,"" ([\d]+)"")),value(REGEXEXTRACT(F77,""([\d]+)$""))),""""))"),TRUE) -> TRUE
A78: 114 | U78: =IFERROR(__xludf.DUMMYFUNCTION("iferror(if(not(iserror(find(""FINAL"",G78))),max(arrayformula(value(REGEXEXTRACT(F78,""^""&C78&"" ([\d]+)|[^a-zA-Z] ""&C78&"" ([\d]+)""))))=max(value(REGEXEXTRACT(F78,"" ([\d]+)"")),value(REGEXEXTRACT(F78,""([\d]+)$""))),""""))"),"")
A79: 115 | B79: Mike | C79: San José State | D79: 3 | E79: 9 | F79: Fresno State 41 San José State 14 | G79: FINAL | H79: Dan | K79: 3.5 | M79: 45.5 | N79: 257 | O79: 390 | P79: 2 | Q79: FALSE | R79: 100 | S79: MWC | T79: Group of 6 | U79: =IFERROR(__xludf.DUMMYFUNCTION("iferror(if(not(iserror(find(""FINAL"",G79))),max(arrayformula(value(REGEXEXTRACT(F79,""^""&C79&"" ([\d]+)|[^a-zA-Z] ""&C79&"" ([\d]+)""))))=max(value(REGEXEXTRACT(F79,"" ([\d]+)"")),value(REGEXEXTRACT(F79,""([\d]+)$""))),""""))"),FALSE) -> FALSE
A80: 115 | B80: Mike | C80: Cincinnati | D80: 7 | E80: 5 | F80: Cincinnati 23 TCU 45 | G80: FINAL | H80: Gary | K80: 3.5 | M80: 57.5 | N80: 381 | O80: 298 | P80: 2 | Q80: FALSE | R80: 100 | S80: Big 12 | T80: Power 4 | U80: =IFERROR(__xludf.DUMMYFUNCTION("iferror(if(not(iserror(find(""FINAL"",G80))),max(arrayformula(value(REGEXEXTRACT(F80,""^""&C80&"" ([\d]+)|[^a-zA-Z] ""&C80&"" ([\d]+)""))))=max(value(REGEXEXTRACT(F80,"" ([\d]+)"")),value(REGEXEXTRACT(F80,""([\d]+)$""))),""""))"),FALSE) -> FALSE
A81: 115 | B81: Mike | C81: Wisconsin | D81: 4 | E81: 8 | F81: Wisconsin 7 Minnesota 17 | G81: FINAL | H81: Mike | K81: -1.5 | M81: 37.5 | N81: 154 | O81: 259 | P81: 2 | Q81: FALSE | R81: 100 | S81: Big Ten | T81: Power 4 | U81: =IFERROR(__xludf.DUMMYFUNCTION("iferror(if(not(iserror(find(""FINAL"",G81))),max(arrayformula(value(REGEXEXTRACT(F81,""^""&C81&"" ([\d]+)|[^a-zA-Z] ""&C81&"" ([\d]+)""))))=max(value(REGEXEXTRACT(F81,"" ([\d]+)"")),value(REGEXEXTRACT(F81,""([\d]+)$""))),""""))"),FALSE) -> FALSE
A82: 115 | B82: Mike | C82: Minnesota | D82: 7 | E82: 5 | F82: Wisconsin 7 Minnesota 17 | G82: FINAL | H82: Mike | K82: 1.5 | M82: 37.5 | N82: 279 | O82: 281 | P82: 2 | Q82: TRUE | R82: 100 | S82: Big Ten | T82: Power 4 | U82: =IFERROR(__xludf.DUMMYFUNCTION("iferror(if(not(iserror(find(""FINAL"",G82))),max(arrayformula(value(REGEXEXTRACT(F82,""^""&C82&"" ([\d]+)|[^a-zA-Z] ""&C82&"" ([\d]+)""))))=max(value(REGEXEXTRACT(F82,"" ([\d]+)"")),value(REGEXEXTRACT(F82,""([\d]+)$""))),""""))"),TRUE) -> TRUE
A83: 115 | B83: Mike | C83: South Alabama | D83: 4 | E83: 8 | F83: South Alabama 26 Texas State 49 | G83: FINAL | H83: Gary | K83: 8.5 | M83: 62.5 | N83: 318 | O83: 365 | P83: 2 | Q83: TRUE | R83: 100 | S83: Sun Belt | T83: Group of 6 | U83: =IFERROR(__xludf.DUMMYFUNCTION("iferror(if(not(iserror(find(""FINAL"",G83))),max(arrayformula(value(REGEXEXTRACT(F83,""^""&C83&"" ([\d]+)|[^a-zA-Z] ""&C83&"" ([\d]+)""))))=max(value(REGEXEXTRACT(F83,"" ([\d]+)"")),value(REGEXEXTRACT(F83,""([\d]+)$""))),""""))"),FALSE) -> FALSE
A84: 115 | B84: Mike | C84: UTEP | D84: 2 | E84: 10 | F84: UTEP 31 Delaware 61 | G84: FINAL | H84: Justin | K84: 3.5 | M84: 55.5 | N84: 280 | O84: 365 | P84: 2 | Q84: FALSE | R84: 100 | S84: CUSA | T84: Group of 6 | U84: =IFERROR(__xludf.DUMMYFUNCTION("iferror(if(not(iserror(find(""FINAL"",G84))),max(arrayformula(value(REGEXEXTRACT(F84,""^""&C84&"" ([\d]+)|[^a-zA-Z] ""&C84&"" ([\d]+)""))))=max(value(REGEXEXTRACT(F84,"" ([\d]+)"")),value(REGEXEXTRACT(F84,""([\d]+)$""))),""""))"),FALSE) -> FALSE
A85: 115 | B85: Mike | C85: Pittsburgh | D85: 8 | E85: 4 | F85: (13) Miami 38 (24) Pittsburgh 7 | G85: FINAL | H85: Brad | K85: 7 | M85: 49.5 | N85: 421 | O85: 299 | P85: 2 | Q85: TRUE | R85: 100 | S85: ACC | T85: Power 4 | U85: =IFERROR(__xludf.DUMMYFUNCTION("iferror(if(not(iserror(find(""FINAL"",G85))),max(arrayformula(value(REGEXEXTRACT(F85,""^""&C85&"" ([\d]+)|[^a-zA-Z] ""&C85&"" ([\d]+)""))))=max(value(REGEXEXTRACT(F85,"" ([\d]+)"")),value(REGEXEXTRACT(F85,""([\d]+)$""))),""""))"),FALSE) -> FALSE
A86: 115 | B86: Mike | C86: Miami-OH | D86: 7 | E86: 5 | F86: Ball State 24 Miami-OH 45 | G86: FINAL | H86: Gary | K86: -17.5 | M86: 41.5 | N86: 313 | O86: 263 | P86: 2 | Q86: TRUE | R86: 100 | S86: MAC | T86: Group of 6 | U86: =IFERROR(__xludf.DUMMYFUNCTION("iferror(if(not(iserror(find(""FINAL"",G86))),max(arrayformula(value(REGEXEXTRACT(F86,""^""&C86&"" ([\d]+)|[^a-zA-Z] ""&C86&"" ([\d]+)""))))=max(value(REGEXEXTRACT(F86,"" ([\d]+)"")),value(REGEXEXTRACT(F86,""([\d]+)$""))),""""))"),TRUE) -> TRUE
A87: 115 | B87: Mike | C87: Texas A&M | D87: 11 | E87: 1 | F87: (3) Texas A&M 17 (16) Texas 27 | G87: FINAL | H87: Nico | K87: -2.5 | M87: 52.5 | N87: 436 | O87: 263 | P87: 2 | Q87: FALSE | R87: 100 | S87: SEC | T87: Power 4 | U87: =IFERROR(__xludf.DUMMYFUNCTION("iferror(if(not(iserror(find(""FINAL"",G87))),max(arrayformula(value(REGEXEXTRACT(F87,""^""&C87&"" ([\d]+)|[^a-zA-Z] ""&C87&"" ([\d]+)""))))=max(value(REGEXEXTRACT(F87,"" ([\d]+)"")),value(REGEXEXTRACT(F87,""([\d]+)$""))),""""))"),FALSE) -> FALSE
A88: 115 | B88: Mike | C88: Memphis | D88: 8 | E88: 4 | F88: Navy 28 Memphis 17 | G88: FINAL | H88: Justin | K88: -3.5 | M88: 57.5 | N88: 415 | O88: 270 | P88: 2 | Q88: FALSE | R88: 100 | S88: AAC | T88: Group of 6 | U88: =IFERROR(__xludf.DUMMYFUNCTION("iferror(if(not(iserror(find(""FINAL"",G88))),max(arrayformula(value(REGEXEXTRACT(F88,""^""&C88&"" ([\d]+)|[^a-zA-Z] ""&C88&"" ([\d]+)""))))=max(value(REGEXEXTRACT(F88,"" ([\d]+)"")),value(REGEXEXTRACT(F88,""([\d]+)$""))),""""))"),FALSE) -> FALSE
A89: 116 | U89: =IFERROR(__xludf.DUMMYFUNCTION("iferror(if(not(iserror(find(""FINAL"",G89))),max(arrayformula(value(REGEXEXTRACT(F89,""^""&C89&"" ([\d]+)|[^a-zA-Z] ""&C89&"" ([\d]+)""))))=max(value(REGEXEXTRACT(F89,"" ([\d]+)"")),value(REGEXEXTRACT(F89,""([\d]+)$""))),""""))"),"")
A90: 117 | B90: Brad | C90: Nevada | D90: 3 | E90: 9 | F90: UNLV 42 Nevada 17 | G90: FINAL | H90: Justin | K90: 7.5 | M90: 53.5 | N90: 211 | O90: 330 | P90: 2 | Q90: FALSE | R90: 100 | S90: MWC | T90: Group of 6 | U90: =IFERROR(__xludf.DUMMYFUNCTION("iferror(if(not(iserror(find(""FINAL"",G90))),max(arrayformula(value(REGEXEXTRACT(F90,""^""&C90&"" ([\d]+)|[^a-zA-Z] ""&C90&"" ([\d]+)""))))=max(value(REGEXEXTRACT(F90,"" ([\d]+)"")),value(REGEXEXTRACT(F90,""([\d]+)$""))),""""))"),FALSE) -> FALSE
A91: 117 | B91: Brad | C91: Illinois | D91: 8 | E91: 4 | F91: Northwestern 13 Illinois 20 | G91: FINAL | H91: Undrafted | K91: -7.5 | M91: 44.5 | N91: 352 | O91: 279 | P91: 2 | Q91: TRUE | R91: 100 | S91: Big Ten | T91: Power 4 | U91: =IFERROR(__xludf.DUMMYFUNCTION("iferror(if(not(iserror(find(""FINAL"",G91))),max(arrayformula(value(REGEXEXTRACT(F91,""^""&C91&"" ([\d]+)|[^a-zA-Z] ""&C91&"" ([\d]+)""))))=max(value(REGEXEXTRACT(F91,"" ([\d]+)"")),value(REGEXEXTRACT(F91,""([\d]+)$""))),""""))"),TRUE) -> TRUE
A92: 117 | B92: Brad | C92: Coastal Carolina | D92: 6 | E92: 6 | F92: (21) James Madison 59 Coastal Carolina 10 | G92: FINAL | H92: Dan | K92: 21.5 | M92: 53.5 | N92: 274 | O92: 407 | P92: 2 | Q92: FALSE | R92: 100 | S92: Sun Belt | T92: Group of 6 | U92: =IFERROR(__xludf.DUMMYFUNCTION("iferror(if(not(iserror(find(""FINAL"",G92))),max(arrayformula(value(REGEXEXTRACT(F92,""^""&C92&"" ([\d]+)|[^a-zA-Z] ""&C92&"" ([\d]+)""))))=max(value(REGEXEXTRACT(F92,"" ([\d]+)"")),value(REGEXEXTRACT(F92,""([\d]+)$""))),""""))"),FALSE) -> FALSE
A93: 117 | B93: Brad | C93: Arkansas | D93: 2 | E93: 10 | F93: Missouri 31 Arkansas 17 | G93: FINAL | H93: Brad | K93: 2.5 | M93: 55.5 | N93: 395 | O93: 406 | P93: 2 | Q93: FALSE | R93: 100 | S93: SEC | T93: Power 4 | U93: =IFERROR(__xludf.DUMMYFUNCTION("iferror(if(not(iserror(find(""FINAL"",G93))),max(arrayformula(value(REGEXEXTRACT(F93,""^""&C93&"" ([\d]+)|[^a-zA-Z] ""&C93&"" ([\d]+)""))))=max(value(REGEXEXTRACT(F93,"" ([\d]+)"")),value(REGEXEXTRACT(F93,""([\d]+)$""))),""""))"),FALSE) -> FALSE
A94: 117 | B94: Brad | C94: Missouri | D94: 8 | E94: 4 | F94: Missouri 31 Arkansas 17 | G94: FINAL | H94: Brad | K94: -2.5 | M94: 55.5 | N94: 386 | O94: 233 | P94: 2 | Q94: TRUE | R94: 100 | S94: SEC | T94: Power 4 | U94: =IFERROR(__xludf.DUMMYFUNCTION("iferror(if(not(iserror(find(""FINAL"",G94))),max(arrayformula(value(REGEXEXTRACT(F94,""^""&C94&"" ([\d]+)|[^a-zA-Z] ""&C94&"" ([\d]+)""))))=max(value(REGEXEXTRACT(F94,"" ([\d]+)"")),value(REGEXEXTRACT(F94,""([\d]+)$""))),""""))"),TRUE) -> TRUE
A95: 117 | B95: Brad | C95: Jacksonville State | D95: 8 | E95: 4 | F95: Western Kentucky 34 Jacksonville State 37 | G95: FINAL | H95: Dan | K95: 2.5 | M95: 55.5 | N95: 362 | O95: 321 | P95: 2 | Q95: TRUE | R95: 100 | S95: CUSA | T95: Group of 6 | U95: =IFERROR(__xludf.DUMMYFUNCTION("iferror(if(not(iserror(find(""FINAL"",G95))),max(arrayformula(value(REGEXEXTRACT(F95,""^""&C95&"" ([\d]+)|[^a-zA-Z] ""&C95&"" ([\d]+)""))))=max(value(REGEXEXTRACT(F95,"" ([\d]+)"")),value(REGEXEXTRACT(F95,""([\d]+)$""))),""""))"),TRUE) -> TRUE
A96: 117 | B96: Brad | C96: UCF | D96: 5 | E96: 7 | F96: UCF 21 (11) BYU 41 | G96: FINAL | H96: Justin | K96: 17.5 | M96: 47.5 | N96: 292 | O96: 283 | P96: 2 | Q96: TRUE | R96: 100 | S96: Big 12 | T96: Power 4 | U96: =IFERROR(__xludf.DUMMYFUNCTION("iferror(if(not(iserror(find(""FINAL"",G96))),max(arrayformula(value(REGEXEXTRACT(F96,""^""&C96&"" ([\d]+)|[^a-zA-Z] ""&C96&"" ([\d]+)""))))=max(value(REGEXEXTRACT(F96,"" ([\d]+)"")),value(REGEXEXTRACT(F96,""([\d]+)$""))),""""))"),FALSE) -> FALSE
A97: 117 | B97: Brad | C97: Miami | D97: 10 | E97: 2 | F97: (13) Miami 38 (24) Pittsburgh 7 | G97: FINAL | H97: Mike | K97: -7 | M97: 49.5 | N97: 409 | O97: 166 | P97: 2 | Q97: FALSE | R97: 100 | S97: ACC | T97: Power 4 | U97: =IFERROR(__xludf.DUMMYFUNCTION("iferror(if(not(iserror(find(""FINAL"",G97))),max(arrayformula(value(REGEXEXTRACT(F97,""^""&C97&"" ([\d]+)|[^a-zA-Z] ""&C97&"" ([\d]+)""))))=max(value(REGEXEXTRACT(F97,"" ([\d]+)"")),value(REGEXEXTRACT(F97,""([\d]+)$""))),""""))"),TRUE) -> TRUE
A98: 117 | B98: Brad | C98: Toledo | D98: 8 | E98: 4 | F98: Toledo 21 Central Michigan 3 | G98: FINAL | H98: Nico | K98: -11.5 | M98: 44.5 | N98: 379 | O98: 146 | P98: 2 | Q98: TRUE | R98: 100 | S98: MAC | T98: Group of 6 | U98: =IFERROR(__xludf.DUMMYFUNCTION("iferror(if(not(iserror(find(""FINAL"",G98))),max(arrayformula(value(REGEXEXTRACT(F98,""^""&C98&"" ([\d]+)|[^a-zA-Z] ""&C98&"" ([\d]+)""))))=max(value(REGEXEXTRACT(F98,"" ([\d]+)"")),value(REGEXEXTRACT(F98,""([\d]+)$""))),""""))"),TRUE) -> TRUE
A99: 117 | B99: Brad | C99: North Texas | D99: 11 | E99: 1 | F99: Temple 25 (22) North Texas 52 | G99: FINAL | H99: Undrafted | K99: -19.5 | M99: 65.5 | N99: 561 | O99: 290 | P99: 2 | Q99: FALSE | R99: 100 | S99: AAC | T99: Group of 6 | U99: =IFERROR(__xludf.DUMMYFUNCTION("iferror(if(not(iserror(find(""FINAL"",G99))),max(arrayformula(value(REGEXEXTRACT(F99,""^""&C99&"" ([\d]+)|[^a-zA-Z] ""&C99&"" ([\d]+)""))))=max(value(REGEXEXTRACT(F99,"" ([\d]+)"")),value(REGEXEXTRACT(F99,""([\d]+)$""))),""""))"),TRUE) -> TRUE
A100: 117 | U100: =IFERROR(__xludf.DUMMYFUNCTION("iferror(if(not(iserror(find(""FINAL"",G100))),max(arrayformula(value(REGEXEXTRACT(F100,""^""&C100&"" ([\d]+)|[^a-zA-Z] ""&C100&"" ([\d]+)""))))=max(value(REGEXEXTRACT(F100,"" ([\d]+)"")),value(REGEXEXTRACT(F100,""([\d]+)$""))),""""))"),"")
...

Sheet Translation
A1: Bottom Line | B1: Cincinnati | C1: UConn | D1: East Carolina | E1: Houston | F1: Memphis | G1: Navy | H1: SMU | I1: South Florida | J1: Temple | K1: Tulane | L1: Tulsa | M1: UCF | N1: Boston College | O1: Clemson | P1: Duke | Q1: Florida State | R1: Georgia Tech | S1: Louisville | T1: Miami | U1: NC State | V1: North Carolina | W1: Pittsburgh | X1: Syracuse | Y1: Virginia | Z1: Virginia Tech | AA1: Wake Forest | AB1: Baylor | AC1: Iowa State | AD1: Kansas | AE1: Kansas State | AF1: Oklahoma | AG1: Oklahoma State | AH1: TCU | AI1: Texas | AJ1: Texas Tech | AK1: West Virginia | AL1: Illinois | AM1: Indiana | AN1: Iowa | AO1: Maryland | AP1: Michigan | AQ1: Michigan State | AR1: Minnesota | AS1: Nebraska | AT1: Northwestern | AU1: Ohio State | AV1: Penn State | AW1: Purdue | AX1: Rutgers | AY1: Wisconsin | AZ1: Florida International | BA1: Florida Atlantic | BB1: Louisiana Tech | BC1: Marshall | BD1: Middle Tennessee | BE1: North Texas | BF1: Old Dominion | BG1: Rice | BH1: Southern Miss | BI1: Charlotte | BJ1: UTEP | BK1: UTSA | BL1: Western Kentucky | BM1: UAB | BN1: Akron | BO1: Ball State | BP1: Bowling Green | BQ1: Buffalo | BR1: Central Michigan | BS1: Eastern Michigan | BT1: Kent State | BU1: Miami OH | BV1: Northern Illinois | BW1: Ohio | BX1: Toledo | BY1: Western Michigan | BZ1: Air Force | CA1: Boise State | CB1: Colorado State | CC1: Fresno State | CD1: Hawai'i | CE1: Nevada | CF1: New Mexico | CG1: San Diego State | CH1: San Jose State | CI1: UNLV | CJ1: Utah State | CK1: Wyoming | CL1: Arizona | CM1: Arizona State | CN1: California | CO1: Colorado | CP1: Oregon | CQ1: Oregon State | CR1: Stanford | CS1: UCLA | CT1: USC | CU1: Utah | CV1: Washington | CW1: Washington State | CX1: Alabama | CY1: Arkansas | CZ1: Auburn | DA1: Florida | DB1: Georgia | DC1: Kentucky | DD1: LSU | DE1: Mississippi State | DF1: Missouri | DG1: Ole Miss | DH1: South Carolina | DI1: Tennessee | DJ1: Texas AM | DK1: Vanderbilt | DL1: App State | DM1: Arkansas State | DN1: Georgia Southern | DO1: Georgia State | DP1: Louisiana | DQ1: UL Monroe | DR1: South Alabama | DS1: Texas State | DT1: Troy | DU1: Coastal Carolina | DV1: Army | DW1: BYU | DX1: Liberty | DY1: New Mexico State | DZ1: Notre Dame | EA1: Massachusetts | EB1: James Madison | EC1: Jacksonville State | ED1: Kennesaw State | EE1: Sam Houston | EF1: Delaware | EG1: Missouri State
A2: ESPNs HTML | B2: CIN | C2: CONN | D2: ECU | E2: HOU | F2: MEM | G2: NAVY | H2: SMU | I2: USF | J2: TEM | K2: TULN | L2: TLSA | M2: UCF | N2: BC | O2: CLEM | P2: DUKE | Q2: FSU | R2: GT | S2: LOU | T2: MIA | U2: NCSU | V2: UNC | W2: PITT | X2: SYR | Y2: UVA | Z2: VT | AA2: WAKE | AB2: BAY | AC2: ISU | AD2: KU | AE2: KSU | AF2: OU | AG2: OKST | AH2: TCU | AI2: TEX | AJ2: TTU | AK2: WVU | AL2: ILL | AM2: IU | AN2: IOWA | AO2: MD | AP2: MICH | AQ2: MSU | AR2: MINN | AS2: NEB | AT2: NU | AU2: OSU | AV2: PSU | AW2: PUR | AX2: RUTG | AY2: WIS | AZ2: FIU | BA2: FAU | BB2: LT | BC2: MRSH | BD2: MTSU | BE2: UNT | BF2: ODU | BG2: RICE | BH2: USM | BI2: CLT | BJ2: UTEP | BK2: UTSA | BL2: WKU | BM2: UAB | BN2: AKR | BO2: BALL | BP2: BGSU | BQ2: BUFF | BR2: CMU | BS2: EMU | BT2: KENT | BU2: M-OH | BV2: NIU | BW2: OHIO | BX2: TOL | BY2: WMU | BZ2: AFA | CA2: BOIS | CB2: CSU | CC2: FRES | CD2: HAW | CE2: NEV | CF2: UNM | CG2: SDSU | CH2: SJSU | CI2: UNLV | CJ2: USU | CK2: WYO | CL2: ARIZ | CM2: ASU | CN2: CAL | CO2: COLO | CP2: ORE | CQ2: ORST | CR2: STAN | CS2: UCLA | CT2: USC | CU2: UTAH | CV2: WASH | CW2: WSU | CX2: ALA | CY2: ARK | CZ2: AUB | DA2: FLA | DB2: UGA | DC2: UK | DD2: LSU | DE2: MSST | DF2: MIZ | DG2: MISS | DH2: SC | DI2: TENN | DJ2: TA&M | DK2: VAN | DL2: APP | DM2: ARST | DN2: GASO | DO2: GAST | DP2: UL | DQ2: ULM | DR2: USA | DS2: TXST | DT2: TROY | DU2: CCU | DV2: ARMY | DW2: BYU | DX2: LIB | DY2: NMSU | DZ2: ND | EA2: MASS | EB2: JMU | EC2: JVST | ED2: KENN | EE2: SHSU | EF2: DEL | EG2: MOST
A3: Lines | B3: Cincinnati Bearcats | C3: UConn Huskies | D3: East Carolina Pirates | E3: Houston Cougars | F3: Memphis Tigers | G3: Navy Midshipmen | H3: SMU Mustangs | I3: South Florida Bulls | J3: Temple Owls | K3: Tulane Green Wave | L3: Tulsa Golden Hurricane | M3: UCF Knights | N3: Boston College Eagles | O3: Clemson Tigers | P3: Duke Blue Devils | Q3: Florida State Seminoles | R3: Georgia Tech Yellow Jackets | S3: Louisville Cardinals | T3: Miami Hurricanes | U3: NC State Wolfpack | V3: North Carolina Tar Heels | W3: Pittsburgh Panthers | X3: Syracuse Orange | Y3: Virginia Cavaliers | Z3: Virginia Tech Hokies | AA3: Wake Forest Demon Deacons | AB3: Baylor Bears | AC3: Iowa State Cyclones | AD3: Kansas Jayhawks | AE3: Kansas State Wildcats | AF3: Oklahoma Sooners | AG3: Oklahoma State Cowboys | AH3: TCU Horned Frogs | AI3: Texas Longhorns | AJ3: Texas Tech Red Raiders | AK3: West Virginia Mountaineers | AL3: Illinois Fighting Illini | AM3: Indiana Hoosiers | AN3: Iowa Hawkeyes | AO3: Maryland Terrapins | AP3: Michigan Wolverines | AQ3: Michigan State Spartans | AR3: Minnesota Golden Gophers | AS3: Nebraska Cornhuskers | AT3: Northwestern Wildcats | AU3: Ohio State Buckeyes | AV3: Penn State Nittany Lions | AW3: Purdue Boilermakers | AX3: Rutgers Scarlet Knights | AY3: Wisconsin Badgers | AZ3: Florida International Panthers | BA3: Florida Atlantic Owls | BB3: Louisiana Tech Bulldogs | BC3: Marshall Thundering Herd | BD3: Middle Tennessee Blue Raiders | BE3: North Texas Mean Green | BF3: Old Dominion Monarchs | BG3: Rice Owls | BH3: Southern Mississippi Golden Eagles | BI3: Charlotte 49ers | BJ3: UTEP Miners | BK3: UTSA Roadrunners | BL3: Western Kentucky Hilltoppers | BM3: UAB Blazers | BN3: Akron Zips | BO3: Ball State Cardinals | BP3: Bowling Green Falcons | BQ3: Buffalo Bulls | BR3: Central Michigan Chippewas | BS3: Eastern Michigan Eagles | BT3: Kent State Golden Flashes | BU3: Miami (OH) RedHawks | BV3: Northern Illinois Huskies | BW3: Ohio Bobcats | BX3: Toledo Rockets | BY3: Western Michigan Broncos | BZ3: Air Force Falcons | CA3: Boise State Broncos | CB3: Colorado State Rams | CC3: Fresno State Bulldogs | CD3: Hawaii Rainbow Warriors | CE3: Nevada Wolf Pack | CF3: New Mexico Lobos | CG3: San Diego State Aztecs | CH3: San Jose State Spartans | CI3: UNLV Rebels | CJ3: Utah State Aggies | CK3: Wyoming Cowboys | CL3: Arizona Wildcats | CM3: Arizona State Sun Devils | CN3: California Golden Bears | CO3: Colorado Buffaloes | CP3: Oregon Ducks | CQ3: Oregon State Beavers | CR3: Stanford Cardinal | CS3: UCLA Bruins | CT3: USC Trojans | CU3: Utah Utes | CV3: Washington Huskies | CW3: Washington State Cougars | CX3: Alabama Crimson Tide | CY3: Arkansas Razorbacks | CZ3: Auburn Tigers | DA3: Florida Gators | DB3: Georgia Bulldogs | DC3: Kentucky Wildcats | DD3: LSU Tigers | DE3: Mississippi State Bulldogs | DF3: Missouri Tigers | DG3: Ole Miss Rebels | DH3: South Carolina Gamecocks | DI3: Tennessee Volunteers | DJ3: Texas A&M Aggies | DK3: Vanderbilt Commodores | DL3: Appalachian State Mountaineers | DM3: Arkansas State Red Wolves | DN3: Georgia Southern Eagles | DO3: Georgia State Panthers | DP3: Louisiana Ragin Cajuns | DQ3: UL Monroe Warhawks | DR3: South Alabama Jaguars | DS3: Texas State Bobcats | DT3: Troy Trojans | DU3: Coastal Carolina Chanticleers | DV3: Army Black Knights | DW3: BYU Cougars | DX3: Liberty Flames | DY3: New Mexico State Aggies | DZ3: Notre Dame Fighting Irish | EA3: UMass Minutemen | EB3: James Madison Dukes | EC3: Jacksonville State Gamecocks | ED3: Kennesaw State Owls | EE3: Sam Houston State Bearkats | EF3: Delaware Fightin' Blue Hens | EG3: Missouri State Bears
A4: Channel | B4: Cincinnati | C4: UConn | D4: East Carolina | E4: Houston | F4: Memphis | G4: Navy | H4: SMU | I4: South Florida | J4: Temple | K4: Tulane | L4: Tulsa | M4: UCF | N4: Boston College | O4: Clemson | P4: Duke | Q4: Florida State | R4: Georgia Tech | S4: Louisville | T4: Miami | U4: NC State | V4: North Carolina | W4: Pittsburgh | X4: Syracuse | Y4: Virginia | Z4: Virginia Tech | AA4: Wake Forest | AB4: Baylor | AC4: Iowa State | AD4: Kansas | AE4: Kansas State | AF4: Oklahoma | AG4: Oklahoma State | AH4: TCU | AI4: Texas | AJ4: Texas Tech | AK4: West Virginia | AL4: Illinois | AM4: Indiana | AN4: Iowa | AO4: Maryland | AP4: Michigan | AQ4: Michigan State | AR4: Minnesota | AS4: Nebraska | AT4: Northwestern | AU4: Ohio State | AV4: Penn State | AW4: Purdue | AX4: Rutgers | AY4: Wisconsin | AZ4: FIU | BA4: Florida Atlantic | BB4: Louisiana Tech | BC4: Marshall | BD4: MTSU | BE4: North Texas | BF4: Old Dominion | BG4: Rice | BH4: Southern Miss | BI4: Charlotte | BJ4: UTEP | BK4: UTSA | BL4: Western Kentucky | BM4: UAB | BN4: Akron | BO4: Ball State | BP4: Bowling Green | BQ4: Buffalo | BR4: Central Michigan | BS4: Eastern Michigan | BT4: Kent State | BU4: Miami Ohio | BV4: Northern Illinois | BW4: Ohio | BX4: Toledo | BY4: Western Michigan | BZ4: Air Force | CA4: Boise State | CB4: Colorado State | CC4: Fresno State | CD4: Hawaii | CE4: Nevada | CF4: New Mexico | CG4: San Diego State | CH4: San Jose State | CI4: UNLV | CJ4: Utah State | CK4: Wyoming | CL4: Arizona | CM4: Arizona State | CN4: Cal | CO4: Colorado | CP4: Oregon | CQ4: Oregon State | CR4: Stanford | CS4: UCLA | CT4: USC | CU4: Utah | CV4: Washington | CW4: Washington State | CX4: Alabama | CY4: Arkansas | CZ4: Auburn | DA4: Florida | DB4: Georgia | DC4: Kentucky | DD4: LSU | DE4: Mississippi State | DF4: Missouri | DG4: Ole Miss | DH4: South Carolina | DI4: Tennessee | DJ4: Texas A&M | DK4: Vanderbilt | DL4: Appalachian State | DM4: Arkansas State | DN4: Georgia Southern | DO4: Georgia State | DP4: Louisiana Lafayette | DQ4: Louisiana Monroe | DR4: South Alabama | DS4: Texas State | DT4: Troy | DU4: Coastal Carolina | DV4: Army | DW4: BYU | DX4: Liberty | DY4: New Mexico State | DZ4: Notre Dame | EA4: UMass | EB4: James Madison | EC4: Jacksonville State | ED4: Kennesaw State | EE4: Sam Houston | EF4: Delaware | EG4: Missouri State
A5: Draft | B5: Cincinnati | C5: UConn | D5: East Carolina | E5: Houston | F5: Memphis | G5: Navy | H5: SMU | I5: South Florida | J5: Temple | K5: Tulane | L5: Tulsa | M5: UCF | N5: Boston College | O5: Clemson | P5: Duke | Q5: Florida State | R5: Georgia Tech | S5: Louisville | T5: Miami | U5: NC State | V5: North Carolina | W5: Pittsburgh | X5: Syracuse | Y5: Virginia | Z5: Virginia Tech | AA5: Wake Forest | AB5: Baylor | AC5: Iowa State | AD5: Kansas | AE5: Kansas State | AF5: Oklahoma | AG5: Oklahoma State | AH5: TCU | AI5: Texas | AJ5: Texas Tech | AK5: West Virginia | AL5: Illinois | AM5: Indiana | AN5: Iowa | AO5: Maryland | AP5: Michigan | AQ5: Michigan State | AR5: Minnesota | AS5: Nebraska | AT5: Northwestern | AU5: Ohio State | AV5: Penn State | AW5: Purdue | AX5: Rutgers | AY5: Wisconsin | AZ5: Florida Intl | BA5: Florida Atlantic | BB5: Louisiana Tech | BC5: Marshall | BD5: Middle Tennessee | BE5: North Texas | BF5: Old Dominion | BG5: Rice | BH5: Southern Mississippi | BI5: Charlotte | BJ5: UTEP | BK5: UTSA | BL5: Western Kentucky | BM5: UAB | BN5: Akron | BO5: Ball State | BP5: Bowling Green | BQ5: Buffalo | BR5: Central Michigan | BS5: EMU | BT5: Kent State | BU5: Miami-OH | BV5: Northern Illinois | BW5: Ohio | BX5: Toledo | BY5: Western Michigan | BZ5: Air Force | CA5: Boise State | CB5: Colorado State | CC5: Fresno State | CD5: Hawaii | CE5: Nevada | CF5: New Mexico | CG5: San Diego State | CH5: San José State | CI5: UNLV | CJ5: Utah State | CK5: Wyoming | CL5: Arizona | CM5: Arizona State | CN5: California | CO5: Colorado | CP5: Oregon | CQ5: Oregon State | CR5: Stanford | CS5: UCLA | CT5: USC | CU5: Utah | CV5: Washington | CW5: Washington State | CX5: Alabama | CY5: Arkansas | CZ5: Auburn | DA5: Florida | DB5: Georgia | DC5: Kentucky | DD5: LSU | DE5: Mississippi State | DF5: Missouri | DG5: Ole Miss | DH5: South Carolina | DI5: Tennessee | DJ5: Texas A&M | DK5: Vanderbilt | DL5: Appalachian State | DM5: Arkansas State | DN5: Georgia Southern | DO5: Georgia State | DP5: UL Lafayette | DQ5: UL Monroe | DR5: South Alabama | DS5: Texas State | DT5: Troy | DU5: Coastal Carolina | DV5: Army | DW5: BYU | DX5: Liberty | DY5: New Mexico State | DZ5: Notre Dame | EA5: UMASS | EB5: James Madison | EC5: Jacksonville State | ED5: Kennesaw State | EE5: Sam Houston | EF5: Delaware | EG5: Missouri State
A6: FPI | B6: Cincinnati Bearcats | C6: UConn Huskies | D6: East Carolina Pirates | E6: Houston Cougars | F6: Memphis Tigers | G6: Navy Midshipmen | H6: SMU Mustangs | I6: South Florida Bulls | J6: Temple Owls | K6: Tulane Green Wave | L6: Tulsa Golden Hurricane | M6: UCF Knights | N6: Boston College Eagles | O6: Clemson Tigers | P6: Duke Blue Devils | Q6: Florida State Seminoles | R6: Georgia Tech Yellow Jackets | S6: Louisville Cardinals | T6: Miami Hurricanes | U6: NC State Wolfpack | V6: North Carolina Tar Heels | W6: Pittsburgh Panthers | X6: Syracuse Orange | Y6: Virginia Cavaliers | Z6: Virginia Tech Hokies | AA6: Wake Forest Demon Deacons | AB6: Baylor Bears | AC6: Iowa State Cyclones | AD6: Kansas Jayhawks | AE6: Kansas State Wildcats | AF6: Oklahoma Sooners | AG6: Oklahoma State Cowboys | AH6: TCU Horned Frogs | AI6: Texas Longhorns | AJ6: Texas Tech Red Raiders | AK6: West Virginia Mountaineers | AL6: Illinois Fighting Illini | AM6: Indiana Hoosiers | AN6: Iowa Hawkeyes | AO6: Maryland Terrapins | AP6: Michigan Wolverines | AQ6: Michigan State Spartans | AR6: Minnesota Golden Gophers | AS6: Nebraska Cornhuskers | AT6: Northwestern Wildcats | AU6: Ohio State Buckeyes | AV6: Penn State Nittany Lions | AW6: Purdue Boilermakers | AX6: Rutgers Scarlet Knights | AY6: Wisconsin Badgers | AZ6: Florida International Panthers | BA6: Florida Atlantic Owls | BB6: Louisiana Tech Bulldogs | BC6: Marshall Thundering Herd | BD6: Middle Tennessee Blue Raiders | BE6: North Texas Mean Green | BF6: Old Dominion Monarchs | BG6: Rice Owls | BH6: Southern Miss Golden Eagles | BI6: Charlotte 49ers | BJ6: UTEP Miners | BK6: UTSA Roadrunners | BL6: Western Kentucky Hilltoppers | BM6: UAB Blazers | BN6: Akron Zips | BO6: Ball State Cardinals | BP6: Bowling Green Falcons | BQ6: Buffalo Bulls | BR6: Central Michigan Chippewas | BS6: Eastern Michigan Eagles | BT6: Kent State Golden Flashes | BU6: Miami (OH) RedHawks | BV6: Northern Illinois Huskies | BW6: Ohio Bobcats | BX6: Toledo Rockets | BY6: Western Michigan Broncos | BZ6: Air Force Falcons | CA6: Boise State Broncos | CB6: Colorado State Rams | CC6: Fresno State Bulldogs | CD6: Hawai'i Rainbow Warriors | CE6: Nevada Wolf Pack | CF6: New Mexico Lobos | CG6: San Diego State Aztecs | CH6: San José State Spartans | CI6: UNLV Rebels | CJ6: Utah State Aggies | CK6: Wyoming Cowboys | CL6: Arizona Wildcats | CM6: Arizona State Sun Devils | CN6: California Golden Bears | CO6: Colorado Buffaloes | CP6: Oregon Ducks | CQ6: Oregon State Beavers | CR6: Stanford Cardinal | CS6: UCLA Bruins | CT6: USC Trojans | CU6: Utah Utes | CV6: Washington Huskies | CW6: Washington State Cougars | CX6: Alabama Crimson Tide | CY6: Arkansas Razorbacks | CZ6: Auburn Tigers | DA6: Florida Gators | DB6: Georgia Bulldogs | DC6: Kentucky Wildcats | DD6: LSU Tigers | DE6: Mississippi State Bulldogs | DF6: Missouri Tigers | DG6: Ole Miss Rebels | DH6: South Carolina Gamecocks | DI6: Tennessee Volunteers | DJ6: Texas A&M Aggies | DK6: Vanderbilt Commodores | DL6: App State Mountaineers | DM6: Arkansas State Red Wolves | DN6: Georgia Southern Eagles | DO6: Georgia State Panthers | DP6: Louisiana Ragin' Cajuns | DQ6: UL Monroe Warhawks | DR6: South Alabama Jaguars | DS6: Texas State Bobcats | DT6: Troy Trojans | DU6: Coastal Carolina Chanticleers | DV6: Army Black Knights | DW6: BYU Cougars | DX6: Liberty Flames | DY6: New Mexico State Aggies | DZ6: Notre Dame Fighting Irish | EA6: Massachusetts Minutemen | EB6: James Madison Dukes | EC6: Jacksonville State Gamecocks | ED6: Kennesaw State Owls | EE6: Sam Houston Bearkats | EF6: Delaware Blue Hens | EG6: Missouri State Bears
A7: NCAA Sched | B7: Cincinnati | C7: UConn | D7: East Carolina | E7: Houston | F7: Memphis | G7: Navy | H7: SMU | I7: South Fla. | J7: Temple | K7: Tulane | L7: Tulsa | M7: UCF | N7: Boston College | O7: Clemson | P7: Duke | Q7: Florida St. | R7: Georgia Tech | S7: Louisville | T7: Miami (FL) | U7: NC State | V7: North Carolina | W7: Pittsburgh | X7: Syracuse | Y7: Virginia | Z7: Virginia Tech | AA7: Wake Forest | AB7: Baylor | AC7: Iowa St. | AD7: Kansas | AE7: Kansas St. | AF7: Oklahoma | AG7: Oklahoma St. | AH7: TCU | AI7: Texas | AJ7: Texas Tech | AK7: West Virginia | AL7: Illinois | AM7: Indiana | AN7: Iowa | AO7: Maryland | AP7: Michigan | AQ7: Michigan St. | AR7: Minnesota | AS7: Nebraska | AT7: Northwestern | AU7: Ohio St. | AV7: Penn St. | AW7: Purdue | AX7: Rutgers | AY7: Wisconsin | AZ7: FIU | BA7: Fla. Atlantic | BB7: Louisiana Tech | BC7: Marshall | BD7: Middle Tenn. | BE7: North Texas | BF7: Old Dominion | BG7: Rice | BH7: Southern Miss. | BI7: Charlotte | BJ7: UTEP | BK7: UTSA | BL7: Western Ky. | BM7: UAB | BN7: Akron | BO7: Ball St. | BP7: Bowling Green | BQ7: Buffalo | BR7: Central Mich. | BS7: Eastern Mich. | BT7: Kent St. | BU7: Miami (OH) | BV7: NIU | BW7: Ohio | BX7: Toledo | BY7: Western Mich. | BZ7: Air Force | CA7: Boise St. | CB7: Colorado St. | CC7: Fresno St. | CD7: Hawaii | CE7: Nevada | CF7: New Mexico | CG7: San Diego St. | CH7: San Jose St. | CI7: UNLV | CJ7: Utah St. | CK7: Wyoming | CL7: Arizona | CM7: Arizona St. | CN7: California | CO7: Colorado | CP7: Oregon | CQ7: Oregon St. | CR7: Stanford | CS7: UCLA | CT7: Southern California | CU7: Utah | CV7: Washington | CW7: Washington St. | CX7: Alabama | CY7: Arkansas | CZ7: Auburn | DA7: Florida | DB7: Georgia | DC7: Kentucky | DD7: LSU | DE7: Mississippi St. | DF7: Missouri | DG7: Ole Miss | DH7: South Carolina | DI7: Tennessee | DJ7: Texas A&M | DK7: Vanderbilt | DL7: App State | DM7: Arkansas St. | DN7: Ga. Southern | DO7: Georgia St. | DP7: Louisiana | DQ7: ULM | DR7: South Alabama | DS7: Texas St. | DT7: Troy | DU7: Coastal Carolina | DV7: Army West Point | DW7: BYU | DX7: Liberty | DY7: New Mexico St. | DZ7: Notre Dame | EA7: Massachusetts | EB7: James Madison | EC7: Jacksonville St. | ED7: Kennesaw St. | EE7: Sam Houston | EF7: Delaware | EG7: Missouri State

Sheet temp cfb standings
A1: American Conference
A4: Memphis Tigers | B4: =IFERROR(__xludf.DUMMYFUNCTION("split(D20,""-"")"),1.0) -> 1 | C4: =IFERROR(__xludf.DUMMYFUNCTION("""COMPUTED_VALUE"""),0.0) -> 0
A5: Navy Midshipmen | B5: =IFERROR(__xludf.DUMMYFUNCTION("split(D21,""-"")"),1.0) -> 1 | C5: =IFERROR(__xludf.DUMMYFUNCTION("""COMPUTED_VALUE"""),0.0) -> 0
A6: North Texas Mean Green | B6: =IFERROR(__xludf.DUMMYFUNCTION("split(D22,""-"")"),1.0) -> 1 | C6: =IFERROR(__xludf.DUMMYFUNCTION("""COMPUTED_VALUE"""),0.0) -> 0
A7: Rice Owls | B7: =IFERROR(__xludf.DUMMYFUNCTION("split(D23,""-"")"),1.0) -> 1 | C7: =IFERROR(__xludf.DUMMYFUNCTION("""COMPUTED_VALUE"""),0.0) -> 0
A8: South Florida Bulls | B8: =IFERROR(__xludf.DUMMYFUNCTION("split(D24,""-"")"),1.0) -> 1 | C8: =IFERROR(__xludf.DUMMYFUNCTION("""COMPUTED_VALUE"""),0.0) -> 0
A9: Temple Owls | B9: =IFERROR(__xludf.DUMMYFUNCTION("split(D25,""-"")"),1.0) -> 1 | C9: =IFERROR(__xludf.DUMMYFUNCTION("""COMPUTED_VALUE"""),0.0) -> 0
A10: Tulane Green Wave | B10: =IFERROR(__xludf.DUMMYFUNCTION("split(D26,""-"")"),1.0) -> 1 | C10: =IFERROR(__xludf.DUMMYFUNCTION("""COMPUTED_VALUE"""),0.0) -> 0
A11: Tulsa Golden Hurricane | B11: =IFERROR(__xludf.DUMMYFUNCTION("split(D27,""-"")"),1.0) -> 1 | C11: =IFERROR(__xludf.DUMMYFUNCTION("""COMPUTED_VALUE"""),0.0) -> 0
A12: UAB Blazers | B12: =IFERROR(__xludf.DUMMYFUNCTION("split(D28,""-"")"),1.0) -> 1 | C12: =IFERROR(__xludf.DUMMYFUNCTION("""COMPUTED_VALUE"""),0.0) -> 0
A13: Army Black Knights | B13: =IFERROR(__xludf.DUMMYFUNCTION("split(D29,""-"")"),0.0) -> 0 | C13: =IFERROR(__xludf.DUMMYFUNCTION("""COMPUTED_VALUE"""),1.0) -> 1
A14: Charlotte 49ers | B14: =IFERROR(__xludf.DUMMYFUNCTION("split(D30,""-"")"),0.0) -> 0 | C14: =IFERROR(__xludf.DUMMYFUNCTION("""COMPUTED_VALUE"""),1.0) -> 1
A15: East Carolina Pirates | B15: =IFERROR(__xludf.DUMMYFUNCTION("split(D31,""-"")"),0.0) -> 0 | C15: =IFERROR(__xludf.DUMMYFUNCTION("""COMPUTED_VALUE"""),1.0) -> 1
A16: Florida Atlantic Owls | B16: =IFERROR(__xludf.DUMMYFUNCTION("split(D32,""-"")"),0.0) -> 0 | C16: =IFERROR(__xludf.DUMMYFUNCTION("""COMPUTED_VALUE"""),1.0) -> 1
A17: UTSA Roadrunners | B17: =IFERROR(__xludf.DUMMYFUNCTION("split(D33,""-"")"),0.0) -> 0 | C17: =IFERROR(__xludf.DUMMYFUNCTION("""COMPUTED_VALUE"""),1.0) -> 1
A18: Conference | D18: Overall | J18: Polls
A19: W-L | B19: PF | C19: PA | D19: W-L | E19: PF | F19: PA | G19: HOME | H19: AWAY | I19: STRK | J19: AP | K19: USA
A20: 0-0 | B20: 0 | C20: 0 | D20: 1-0 | E20: 45 | F20: 10 | G20: 1-0 | H20: 0-0 | I20: W1 | J20: 0-0 | K20: 0-0
A21: 0-0 | B21: 0 | C21: 0 | D21: 1-0 | E21: 52 | F21: 7 | G21: 1-0 | H21: 0-0 | I21: W1 | J21: 0-0 | K21: 0-0
A22: 0-0 | B22: 0 | C22: 0 | D22: 1-0 | E22: 51 | F22: 0 | G22: 1-0 | H22: 0-0 | I22: W1 | J22: 0-0 | K22: 0-0
A23: 0-0 | B23: 0 | C23: 0 | D23: 1-0 | E23: 14 | F23: 12 | G23: 0-0 | H23: 1-0 | I23: W1 | J23: 0-0 | K23: 0-0
A24: 0-0 | B24: 0 | C24: 0 | D24: 1-0 | E24: 34 | F24: 7 | G24: 1-0 | H24: 0-0 | I24: W1 | J24: 1-0 | K24: 1-0
A25: 0-0 | B25: 0 | C25: 0 | D25: 1-0 | E25: 42 | F25: 10 | G25: 0-0 | H25: 1-0 | I25: W1 | J25: 0-0 | K25: 0-0
A26: 0-0 | B26: 0 | C26: 0 | D26: 1-0 | E26: 23 | F26: 3 | G26: 1-0 | H26: 0-0 | I26: W1 | J26: 0-0 | K26: 0-0
A27: 0-0 | B27: 0 | C27: 0 | D27: 1-0 | E27: 35 | F27: 7 | G27: 1-0 | H27: 0-0 | I27: W1 | J27: 0-0 | K27: 0-0
A28: 0-0 | B28: 0 | C28: 0 | D28: 1-0 | E28: 52 | F28: 42 | G28: 1-0 | H28: 0-0 | I28: W1 | J28: 0-0 | K28: 0-0
A29: 0-0 | B29: 0 | C29: 0 | D29: 0-1 | E29: 27 | F29: 30 | G29: 0-1 | H29: 0-0 | I29: L1 | J29: 0-0 | K29: 0-0
A30: 0-0 | B30: 0 | C30: 0 | D30: 0-1 | E30: 11 | F30: 34 | G30: 0-0 | H30: 0-0 | I30: L1 | J30: 0-0 | K30: 0-0
A31: 0-0 | B31: 0 | C31: 0 | D31: 0-1 | E31: 17 | F31: 24 | G31: 0-0 | H31: 0-1 | I31: L1 | J31: 0-0 | K31: 0-0
... A33: 0-0 | B33: 0 | C33: 0 | D33: 0-1 | E33: 24 | F33: 42 | G33: 0-0 | H33: 0-1 | I33: L1 | J33: 0-1 | K33: 0-1
A34: Atlantic Coast Conference
A37: Boston College Eagles | B37: =IFERROR(__xludf.DUMMYFUNCTION("split(D56,""-"")"),1.0) -> 1 | C37: =IFERROR(__xludf.DUMMYFUNCTION("""COMPUTED_VALUE"""),0.0) -> 0
A38: California Golden Bears | B38: =IFERROR(__xludf.DUMMYFUNCTION("split(D57,""-"")"),1.0) -> 1 | C38: =IFERROR(__xludf.DUMMYFUNCTION("""COMPUTED_VALUE"""),0.0) -> 0
A39: Duke Blue Devils | B39: =IFERROR(__xludf.DUMMYFUNCTION("split(D58,""-"")"),1.0) -> 1 | C39: =IFERROR(__xludf.DUMMYFUNCTION("""COMPUTED_VALUE"""),0.0) -> 0
A40: Florida State Seminoles | B40: =IFERROR(__xludf.DUMMYFUNCTION("split(D59,""-"")"),1.0) -> 1 | C40: =IFERROR(__xludf.DUMMYFUNCTION("""COMPUTED_VALUE"""),0.0) -> 0
A41: Georgia Tech Yellow Jackets | B41: =IFERROR(__xludf.DUMMYFUNCTION("split(D60,""-"")"),1.0) -> 1 | C41: =IFERROR(__xludf.DUMMYFUNCTION("""COMPUTED_VALUE"""),0.0) -> 0
A42: Louisville Cardinals | B42: =IFERROR(__xludf.DUMMYFUNCTION("split(D61,""-"")"),1.0) -> 1 | C42: =IFERROR(__xludf.DUMMYFUNCTION("""COMPUTED_VALUE"""),0.0) -> 0
A43: NC State Wolfpack | B43: =IFERROR(__xludf.DUMMYFUNCTION("split(D62,""-"")"),1.0) -> 1 | C43: =IFERROR(__xludf.DUMMYFUNCTION("""COMPUTED_VALUE"""),0.0) -> 0
A44: Pittsburgh Panthers | B44: =IFERROR(__xludf.DUMMYFUNCTION("split(D63,""-"")"),1.0) -> 1 | C44: =IFERROR(__xludf.DUMMYFUNCTION("""COMPUTED_VALUE"""),0.0) -> 0
A45: SMU Mustangs | B45: =IFERROR(__xludf.DUMMYFUNCTION("split(D64,""-"")"),1.0) -> 1 | C45: =IFERROR(__xludf.DUMMYFUNCTION("""COMPUTED_VALUE"""),0.0) -> 0
A46: Virginia Cavaliers | B46: =IFERROR(__xludf.DUMMYFUNCTION("split(D65,""-"")"),1.0) -> 1 | C46: =IFERROR(__xludf.DUMMYFUNCTION("""COMPUTED_VALUE"""),0.0) -> 0
A47: Wake Forest Demon Deacons | B47: =IFERROR(__xludf.DUMMYFUNCTION("split(D66,""-"")"),1.0) -> 1 | C47: =IFERROR(__xludf.DUMMYFUNCTION("""COMPUTED_VALUE"""),0.0) -> 0
A48: Miami Hurricanes | B48: =IFERROR(__xludf.DUMMYFUNCTION("split(D67,""-"")"),0.0) -> 0 | C48: =IFERROR(__xludf.DUMMYFUNCTION("""COMPUTED_VALUE"""),0.0) -> 0
A49: North Carolina Tar Heels | B49: =IFERROR(__xludf.DUMMYFUNCTION("split(D68,""-"")"),0.0) -> 0 | C49: =IFERROR(__xludf.DUMMYFUNCTION("""COMPUTED_VALUE"""),0.0) -> 0
A50: Virginia Tech Hokies | B50: =IFERROR(__xludf.DUMMYFUNCTION("split(D69,""-"")"),0.0) -> 0 | C50: =IFERROR(__xludf.DUMMYFUNCTION("""COMPUTED_VALUE"""),0.0) -> 0
A51: Clemson Tigers | B51: =IFERROR(__xludf.DUMMYFUNCTION("split(D70,""-"")"),0.0) -> 0 | C51: =IFERROR(__xludf.DUMMYFUNCTION("""COMPUTED_VALUE"""),1.0) -> 1
A52: Stanford Cardinal | B52: =IFERROR(__xludf.DUMMYFUNCTION("split(D71,""-"")"),0.0) -> 0 | C52: =IFERROR(__xludf.DUMMYFUNCTION("""COMPUTED_VALUE"""),1.0) -> 1
A53: Syracuse Orange | B53: =IFERROR(__xludf.DUMMYFUNCTION("split(D72,""-"")"),0.0) -> 0 | C53: =IFERROR(__xludf.DUMMYFUNCTION("""COMPUTED_VALUE"""),1.0) -> 1
A54: Conference | D54: Overall | J54: Polls
A55: W-L | B55: PF | C55: PA | D55: W-L | E55: PF | F55: PA | G55: HOME | H55: AWAY | I55: STRK | J55: AP | K55: USA
A56: 0-0 | B56: 0 | C56: 0 | D56: 1-0 | E56: 66 | F56: 10 | G56: 1-0 | H56: 0-0 | I56: W1 | J56: 0-0 | K56: 0-0
A57: 0-0 | B57: 0 | C57: 0 | D57: 1-0 | E57: 34 | F57: 15 | G57: 0-0 | H57: 1-0 | I57: W1 | J57: 0-0 | K57: 0-0
A58: 0-0 | B58: 0 | C58: 0 | D58: 1-0 | E58: 45 | F58: 17 | G58: 1-0 | H58: 0-0 | I58: W1 | J58: 0-0 | K58: 0-0
A59: 0-0 | B59: 0 | C59: 0 | D59: 1-0 | E59: 31 | F59: 17 | G59: 1-0 | H59: 0-0 | I59: W1 | J59: 1-0 | K59: 1-0
A60: 0-0 | B60: 0 | C60: 0 | D60: 1-0 | E60: 27 | F60: 20 | G60: 0-0 | H60: 1-0 | I60: W1 | J60: 0-0 | K60: 0-0
A61: 0-0 | B61: 0 | C61: 0 | D61: 1-0 | E61: 51 | F61: 17 | G61: 1-0 | H61: 0-0 | I61: W1 | J61: 0-0 | K61: 0-0
A62: 0-0 | B62: 0 | C62: 0 | D62: 1-0 | E62: 24 | F62: 17 | G62: 1-0 | H62: 0-0 | I62: W1 | J62: 0-0 | K62: 0-0
A63: 0-0 | B63: 0 | C63: 0 | D63: 1-0 | E63: 61 | F63: 9 | G63: 1-0 | H63: 0-0 | I63: W1 | J63: 0-0 | K63: 0-0
A64: 0-0 | B64: 0 | C64: 0 | D64: 1-0 | E64: 42 | F64: 13 | G64: 1-0 | H64: 0-0 | I64: W1 | J64: 0-0 | K64: 0-0
A65: 0-0 | B65: 0 | C65: 0 | D65: 1-0 | E65: 48 | F65: 7 | G65: 1-0 | H65: 0-0 | I65: W1 | J65: 0-0 | K65: 0-0
A66: 0-0 | B66: 0 | C66: 0 | D66: 1-0 | E66: 10 | F66: 9 | G66: 1-0 | H66: 0-0 | I66: W1 | J66: 0-0 | K66: 0-0
A67: 0-0 | B67: 0 | C67: 0 | D67: 0-0 | E67: 0 | F67: 0 | G67: 0-0 | H67: 0-0 | I67: - | J67: 0-0 | K67: 0-0
... A72: 0-0 | B72: 0 | C72: 0 | D72: 0-1 | E72: 26 | F72: 45 | G72: 0-0 | H72: 0-0 | I72: L1 | J72: 0-1 | K72: 0-1
A73: Big 12 Conference
A76: Iowa State Cyclones | B76: =IFERROR(__xludf.DUMMYFUNCTION("split(D94,""-"")"),2.0) -> 2 | C76: =IFERROR(__xludf.DUMMYFUNCTION("""COMPUTED_VALUE"""),0.0) -> 0
A77: Kansas Jayhawks | B77: =IFERROR(__xludf.DUMMYFUNCTION("split(D95,""-"")"),2.0) -> 2 | C77: =IFERROR(__xludf.DUMMYFUNCTION("""COMPUTED_VALUE"""),0.0) -> 0
A78: Arizona Wildcats | B78: =IFERROR(__xludf.DUMMYFUNCTION("split(D96,""-"")"),1.0) -> 1 | C78: =IFERROR(__xludf.DUMMYFUNCTION("""COMPUTED_VALUE"""),0.0) -> 0
A79: Arizona State Sun Devils | B79: =IFERROR(__xludf.DUMMYFUNCTION("split(D97,""-"")"),1.0) -> 1 | C79: =IFERROR(__xludf.DUMMYFUNCTION("""COMPUTED_VALUE"""),0.0) -> 0
A80: BYU Cougars | B80: =IFERROR(__xludf.DUMMYFUNCTION("split(D98,""-"")"),1.0) -> 1 | C80: =IFERROR(__xludf.DUMMYFUNCTION("""COMPUTED_VALUE"""),0.0) -> 0
A81: Houston Cougars | B81: =IFERROR(__xludf.DUMMYFUNCTION("split(D99,""-"")"),1.0) -> 1 | C81: =IFERROR(__xludf.DUMMYFUNCTION("""COMPUTED_VALUE"""),0.0) -> 0
A82: Oklahoma State Cowboys | B82: =IFERROR(__xludf.DUMMYFUNCTION("split(D100,""-"")"),1.0) -> 1 | C82: =IFERROR(__xludf.DUMMYFUNCTION("""COMPUTED_VALUE"""),0.0) -> 0
A83: Texas Tech Red Raiders | B83: =IFERROR(__xludf.DUMMYFUNCTION("split(D101,""-"")"),1.0) -> 1 | C83: =IFERROR(__xludf.DUMMYFUNCTION("""COMPUTED_VALUE"""),0.0) -> 0
A84: UCF Knights | B84: =IFERROR(__xludf.DUMMYFUNCTION("split(D102,""-"")"),1.0) -> 1 | C84: =IFERROR(__xludf.DUMMYFUNCTION("""COMPUTED_VALUE"""),0.0) -> 0
A85: Utah Utes | B85: =IFERROR(__xludf.DUMMYFUNCTION("split(D103,""-"")"),1.0) -> 1 | C85: =IFERROR(__xludf.DUMMYFUNCTION("""COMPUTED_VALUE"""),0.0) -> 0
A86: West Virginia Mountaineers | B86: =IFERROR(__xludf.DUMMYFUNCTION("split(D104,""-"")"),1.0) -> 1 | C86: =IFERROR(__xludf.DUMMYFUNCTION("""COMPUTED_VALUE"""),0.0) -> 0
A87: TCU Horned Frogs | B87: =IFERROR(__xludf.DUMMYFUNCTION("split(D105,""-"")"),0.0) -> 0 | C87: =IFERROR(__xludf.DUMMYFUNCTION("""COMPUTED_VALUE"""),0.0) -> 0
A88: Baylor Bears | B88: =IFERROR(__xludf.DUMMYFUNCTION("split(D106,""-"")"),0.0) -> 0 | C88: =IFERROR(__xludf.DUMMYFUNCTION("""COMPUTED_VALUE"""),1.0) -> 1
A89: Cincinnati Bearcats | B89: =IFERROR(__xludf.DUMMYFUNCTION("split(D107,""-"")"),0.0) -> 0 | C89: =IFERROR(__xludf.DUMMYFUNCTION("""COMPUTED_VALUE"""),1.0) -> 1
A90: Colorado Buffaloes | B90: =IFERROR(__xludf.DUMMYFUNCTION("split(D108,""-"")"),0.0) -> 0 | C90: =IFERROR(__xludf.DUMMYFUNCTION("""COMPUTED_VALUE"""),1.0) -> 1
A91: Kansas State Wildcats | B91: =IFERROR(__xludf.DUMMYFUNCTION("split(D109,""-"")"),1.0) -> 1 | C91: =IFERROR(__xludf.DUMMYFUNCTION("""COMPUTED_VALUE"""),1.0) -> 1
A92: Conference | D92: Overall | J92: Polls
A93: W-L | B93: PF | C93: PA | D93: W-L | E93: PF | F93: PA | G93: HOME | H93: AWAY | I93: STRK | J93: AP | K93: USA
A94: 1-0 | B94: 24 | C94: 21 | D94: 2-0 | E94: 79 | F94: 28 | G94: 1-0 | H94: 0-0 | I94: W2 | J94: 1-0 | K94: 1-0
A95: 0-0 | B95: 0 | C95: 0 | D95: 2-0 | E95: 77 | F95: 14 | G95: 2-0 | H95: 0-0 | I95: W2 | J95: 0-0 | K95: 0-0
A96: 0-0 | B96: 0 | C96: 0 | D96: 1-0 | E96: 40 | F96: 6 | G96: 1-0 | H96: 0-0 | I96: W1 | J96: 0-0 | K96: 0-0
A97: 0-0 | B97: 0 | C97: 0 | D97: 1-0 | E97: 38 | F97: 19 | G97: 1-0 | H97: 0-0 | I97: W1 | J97: 0-0 | K97: 0-0
A98: 0-0 | B98: 0 | C98: 0 | D98: 1-0 | E98: 69 | F98: 0 | G98: 1-0 | H98: 0-0 | I98: W1 | J98: 0-0 | K98: 0-0
A99: 0-0 | B99: 0 | C99: 0 | D99: 1-0 | E99: 27 | F99: 0 | G99: 1-0 | H99: 0-0 | I99: W1 | J99: 0-0 | K99: 0-0
A100: 0-0 | B100: 0 | C100: 0 | D100: 1-0 | E100: 27 | F100: 7 | G100: 1-0 | H100: 0-0 | I100: W1 | J100: 0-0 | K100: 0-0
A101: 0-0 | B101: 0 | C101: 0 | D101: 1-0 | E101: 67 | F101: 7 | G101: 1-0 | H101: 0-0 | I101: W1 | J101: 0-0 | K101: 0-0
A102: 0-0 | B102: 0 | C102: 0 | D102: 1-0 | E102: 17 | F102: 10 | G102: 1-0 | H102: 0-0 | I102: W1 | J102: 0-0 | K102: 0-0
A103: 0-0 | B103: 0 | C103: 0 | D103: 1-0 | E103: 43 | F103: 10 | G103: 0-0 | H103: 1-0 | I103: W1 | J103: 0-0 | K103: 0-0
A104: 0-0 | B104: 0 | C104: 0 | D104: 1-0 | E104: 45 | F104: 3 | G104: 1-0 | H104: 0-0 | I104: W1 | J104: 0-0 | K104: 0-0
A105: 0-0 | B105: 0 | C105: 0 | D105: 0-0 | E105: 0 | F105: 0 | G105: 0-0 | H105: 0-0 | I105: - | J105: 0-0 | K105: 0-0
... A108: 0-0 | B108: 0 | C108: 0 | D108: 0-1 | E108: 20 | F108: 27 | G108: 0-1 | H108: 0-0 | I108: L1 | J108: 0-0 | K108: 0-0
A109: 0-1 | B109: 21 | C109: 24 | D109: 45658 | E109: 59 | F109: 59 | G109: 1-0 | H109: 0-0 | I109: W1 | J109: 0-1 | K109: 0-1
A110: Big Ten Conference
A113: Illinois Fighting Illini | B113: =IFERROR(__xludf.DUMMYFUNCTION("split(D133,""-"")"),1.0) -> 1 | C113: =IFERROR(__xludf.DUMMYFUNCTION("""COMPUTED_VALUE"""),0.0) -> 0
A114: Indiana Hoosiers | B114: =IFERROR(__xludf.DUMMYFUNCTION("split(D134,""-"")"),1.0) -> 1 | C114: =IFERROR(__xludf.DUMMYFUNCTION("""COMPUTED_VALUE"""),0.0) -> 0
A115: Iowa Hawkeyes | B115: =IFERROR(__xludf.DUMMYFUNCTION("split(D135,""-"")"),1.0) -> 1 | C115: =IFERROR(__xludf.DUMMYFUNCTION("""COMPUTED_VALUE"""),0.0) -> 0
...

Sheet DraftTracker
A1: draft | B1: rnd | C1: pick | D1: player | E1: conf | F1: team | G1: Error Check | H1: Same confs picked within 10 after | I1: Same confs picked within 20 after | J1: Same confs picked within 10 before | K1: Same confs picked within 20 before | L1: wins | M1: picks_better_than | N1: no_teams_slept_on | O1: email_status | P1: Extra teams in conf after pick | Q1: W | R1: L | S1: matchup | T1: Status | U1: opponent | V1: network | W1: Opening Spread | X1: Spread | Y1: Current Total | Z1: Total | AA1: PF | AB1: PA | AC1: isFinal | AD1: wins_missed | AE1: picks_better_than | AF1: no_teams_slept_on | AG1: bestpick | AH1: wins_gained | AI1: teams_slept_on | AJ1: wins_missed_conf | AK1: picks_better_than_conf | AL1: no_teams_slept_on_conf | AM1: bestpick_conf | AN1: wins_gained_conf | AO1: teams_slept_on_conf | AP1: confs_avail | AQ1: wins_missed_confs_avail | AR1: picks_better_than_confs_avail | AS1: no_teams_slept_on_confs_avail | AT1: bestpick_confs_avail | AU1: wins_gained_confs_avail | AV1: teams_slept_on_confs_avail | AW1: Has made WC | AX1: Conferences that can be wildcards
A2: 1 | B2: 1 | C2: 1 | D2: {=index(sort('Draft Order'!$A$2:$B$13,1,1),0,2)} -> Nick G. | E2: =if(F2<>"",VLOOKUP(F2,offset('Teams-Conference'!A:B,0,(counta('Draft Order'!B$2:B622)-10)*2),2,0),"") -> Big Ten | F2: Penn State | G2: =if(F2="","",let(wc_check,or(COUNTIFS(E$1:E2,"="&E2,D$1:D2,"="&D2)>1,E2="zIndependent"),let(error_text, if(F1="","ERROR: Previous pick is blank. ","")&if(match(F2,F:F,0)<ROW(F2),"ERROR: Team already selected in row " & ROW(F2)&". ","")&if(and(wc_check,countIFS(G$1:G1,"This is your wild card pick",D$1:D1,"="&D2)>0),"ERROR: Player picked from this conference more than once and already made their wild card pick. ","")&if(and(wc_check,not(P2)),"ERROR: This conference is not eligible for a wild card pick.",""),if(error_text="",if(wc_check,"This is your wild card pick","Regular Pick"),error_text)))) -> Regular Pick | H2: =countif(E3:E12,E2) -> 2 | I2: =countif(E3:E23,E2) -> 3 | L2: {=iferror(VLOOKUP(F2:F622,'Current Week'!C:D,2,0),"")} -> 6 | M2: =IFERROR(__xludf.DUMMYFUNCTION("counta(iferror(filter(L1:L$2,E1:E$2=E2,L1:L$2<L2)))"),0.0) -> 0 | N2: =IFERROR(__xludf.DUMMYFUNCTION("counta(iferror(filter(L3:L$121,E3:E$121=E2,L3:L$624>L2)))"),0.0) -> 0 | P2: =IFERROR(__xludf.DUMMYFUNCTION("if(F2="""","""",let(wc_picked, countifs(E$1:E1,E2,G$1:G1,""This is your wild card pick""), let(spots_filled,counta(unique(filter(D$2:E2,E$2:E2=E2)))/2,let(total,VLOOKUP(E2,'Conf WC Eligibility'!A:C,3,0),if(E2=""zIndependent"", TRUE,total-wc_picked>12)))))"),TRUE) -> TRUE | Q2: {=XLOOKUP(F2,'Current Week'!C:C,'Current Week'!D:O)} -> 6 | R2: 6 | S2: Penn State 40 Rutgers 36 | T2: FINAL | U2: Dan | X2: -14 | Z2: 55.5 | AA2: 381 | AB2: 257 | AC2: {=if(T2:T622="",,left(T2:T622,5)="FINAL")} -> TRUE | AD2: =$Q2-max($Q2:$Q$400) -> -6 | AE2: =countif($Q1:$Q$2,"<"&$Q2) -> 0 | AF2: =IFERROR(__xludf.DUMMYFUNCTION("iferror(COUNT(filter($Q3:$Q$400,$Q3:$Q$400>$Q2)))"),68.0) -> 68 | AG2: =if(AD2=0,1,0) -> 0 | AH2: =$Q2-min($Q$2:$Q2) -> 0 | AI2: =IFERROR(__xludf.DUMMYFUNCTION("iferror(join("","",index(sort(filter($F3:$F$400,$Q3:$Q$400>$Q2),2,false),0,1)))"),"Boise State,Ohio State,Oregon,UNLV,Notre Dame,Memphis,Toledo,Clemson,James Madison,Tulane,Texas,Western Kentucky,Miami,Georgia,Navy,Michigan,SMU,Alabama,Utah,Arizona State,Texas Tech,USC,Illinois,Louisiana Tech,Indiana,Louisville,Fresno State,Ole Miss,Nor"&"th Texas,Miami-OH,South Florida,BYU,Tennessee,East Carolina,Washington,LSU,Nebraska,Texas A&M,Jacksonville State,Georgia Tech,Central Michigan,Western Michigan,Iowa,Missouri,Minnesota,Hawaii,Iowa State,Oklahoma,TCU,Old Dominion,Troy,Cincinnati,Duke,UConn,"&"Florida Intl,Houston,San Diego State,Virginia,NC State,California,Missouri State,Pittsburgh,Vanderbilt,New Mexico,Kennesaw State,Wake Forest,Arizona,Southern Mississippi") -> Boise State,Ohio State,Oregon,UNLV,Notre Dame,Memphis,Toledo,Clemson,James Madison,Tulane,Texas,Western Kentucky,Miami,Georgia,Navy,Michigan,SMU,Alabama,Utah,Arizona State,Texas Tech,USC,Illinois,Louisiana Tech,Indiana,Louisville,Fresno State,Ole Miss,North Texas,Miami-OH,South Florida,BYU,Tennessee,East Carolina,Washington,LSU,Nebraska,Texas A&M,Jacksonville State,Georgia Tech,Central Michigan,Western Michigan,Iowa,Missouri,Minnesota,Hawaii,Iowa State,Oklahoma,TCU,Old Dominion,Troy,Cincinnati,Duke,UConn,Florida Intl,Houston,San Diego State,Virginia,NC State,California,Missouri State,Pittsburgh,Vanderbilt,New Mexico,Kennesaw State,Wake Forest,Arizona,Southern Mississippi | AJ2: =IFERROR(__xludf.DUMMYFUNCTION("iferror($Q2-max(filter($Q2:$Q$400,$E2:$E$400=$E$2)))"),-6.0) -> -6 | AK2: =countifs($Q1:$Q$2,"<"&$Q2,$E1:$E$2,$E$2) -> 0 | AL2: =IFERROR(__xludf.DUMMYFUNCTION("iferror(COUNT(filter($Q3:$Q$400,$Q3:$Q$400>$Q2,$E2:$E$400=$E$2)))"),0.0) -> 0 | AM2: =if(AJ2=0,1,0) -> 0 | AN2: =IFERROR(__xludf.DUMMYFUNCTION("iferror($Q2-min(filter($Q2:$Q$400,$E2:$E$400=$E$2)))"),4.0) -> 4 | AO2: =IFERROR(__xludf.DUMMYFUNCTION("iferror(join("","",index(sort(filter($F3:$F$400,$Q3:$Q$400>$Q2,$E3:$E$400=$E$2),2,false),0,1)))"),"Ohio State,Oregon,Michigan,USC,Illinois,Indiana,Washington,Nebraska,Iowa,Minnesota") -> Ohio State,Oregon,Michigan,USC,Illinois,Indiana,Washington,Nebraska,Iowa,Minnesota | AP2: =IFERROR(__xludf.DUMMYFUNCTION("REGEXREPLACE(join("","",unique({let(conf_picked,filter(E$1:E1,D$1:D1=D2), byrow(unique(TRANSPOSe(Teams!$1:$1)),lambda(rw,if(ISERROR(match(rw,conf_picked,0)),rw,))));if(AW2,,transpose(split(AX2,"","",1,1)))})), ""^,"", """")"),"AAC,ACC,Big 12,Big Ten,CUSA,MAC,MWC,Pac12,SEC,Sun Belt,zIndependent,") -> AAC,ACC,Big 12,Big Ten,CUSA,MAC,MWC,Pac12,SEC,Sun Belt,zIndependent, | AQ2: =IFERROR(__xludf.DUMMYFUNCTION("iferror($Q2-max(filter($Q2:$Q$400,arrayformula(isnumber(FIND($E2:$E$400,AP2))))))"),-6.0) -> -6 | AR2: {=countifs($Q1:$Q$2,"<"&$Q2,isnumber(FIND($E1:$E$2,AP2)),TRUE)} -> 0 | AS2: =IFERROR(__xludf.DUMMYFUNCTION("iferror(COUNT(filter($Q3:$Q$400,$Q3:$Q$400>$Q2,arrayformula(isnumber(FIND($E3:$E$400,AP2))))))"),68.0) -> 68 | AT2: =if(AQ2=0,1,0) -> 0 | AU2: =IFERROR(__xludf.DUMMYFUNCTION("iferror($Q2-min(filter($Q2:$Q$400,arrayformula(isnumber(FIND($E2:$E$400,AP2))))))"),6.0) -> 6 | AV2: =IFERROR(__xludf.DUMMYFUNCTION("iferror(join("","",index(sort(filter($F3:$F$400,$Q3:$Q$400>$Q2,arrayformula(isnumber(FIND($E3:$E$400,AP2)))),2,false),0,1)))"),"Boise State,Ohio State,Oregon,UNLV,Notre Dame,Memphis,Toledo,Clemson,James Madison,Tulane,Texas,Western Kentucky,Miami,Georgia,Navy,Michigan,SMU,Alabama,Utah,Arizona State,Texas Tech,USC,Illinois,Louisiana Tech,Indiana,Louisville,Fresno State,Ole Miss,Nor"&"th Texas,Miami-OH,South Florida,BYU,Tennessee,East Carolina,Washington,LSU,Nebraska,Texas A&M,Jacksonville State,Georgia Tech,Central Michigan,Western Michigan,Iowa,Missouri,Minnesota,Hawaii,Iowa State,Oklahoma,TCU,Old Dominion,Troy,Cincinnati,Duke,UConn,"&"Florida Intl,Houston,San Diego State,Virginia,NC State,California,Missouri State,Pittsburgh,Vanderbilt,New Mexico,Kennesaw State,Wake Forest,Arizona,Southern Mississippi") -> Boise State,Ohio State,Oregon,UNLV,Notre Dame,Memphis,Toledo,Clemson,James Madison,Tulane,Texas,Western Kentucky,Miami,Georgia,Navy,Michigan,SMU,Alabama,Utah,Arizona State,Texas Tech,USC,Illinois,Louisiana Tech,Indiana,Louisville,Fresno State,Ole Miss,North Texas,Miami-OH,South Florida,BYU,Tennessee,East Carolina,Washington,LSU,Nebraska,Texas A&M,Jacksonville State,Georgia Tech,Central Michigan,Western Michigan,Iowa,Missouri,Minnesota,Hawaii,Iowa State,Oklahoma,TCU,Old Dominion,Troy,Cincinnati,Duke,UConn,Florida Intl,Houston,San Diego State,Virginia,NC State,California,Missouri State,Pittsburgh,Vanderbilt,New Mexico,Kennesaw State,Wake Forest,Arizona,Southern Mississippi | AW2: =IFERROR(__xludf.DUMMYFUNCTION("isnumber(find(""wild card"",join("","",filter($G$1:$G1,$D$1:$D1=D2))))"),FALSE) -> FALSE | AX2: =IFERROR(__xludf.DUMMYFUNCTION("join("","",let(confs,unique(TRANSPOSe(Teams!$1:$1)), confs_count, BYROW(confs,lambda(conf,xlookup(conf,'Conf WC Eligibility'!A:A,'Conf WC Eligibility'!C:C,,))),confs_picked,byrow(confs,lambda(conf,countif(E$1:E1,conf))),p_needs_conf_count,byrow(confs,lamb"&"da(conf,counta('Draft Order'!B$2:B622)-COUNTUNIQUE(filter(D1:D$2,E1:E$2=conf)))),query({confs,confs_count,confs_picked,p_needs_conf_count},""select Col1 where Col2 =2 or Col2-Col3 >Col4"")))"),"AAC,ACC,Big 12,Big Ten,CUSA,MAC,MWC,Pac12,SEC,Sun Belt,zIndependent") -> AAC,ACC,Big 12,Big Ten,CUSA,MAC,MWC,Pac12,SEC,Sun Belt,zIndependent
A3: 2 | B3: 1 | C3: 2 | D3: Gary | E3: =if(F3<>"",VLOOKUP(F3,offset('Teams-Conference'!A:B,0,(counta('Draft Order'!B$2:B622)-10)*2),2,0),"") -> MWC | F3: Boise State | G3: =if(F3="","",let(wc_check,or(COUNTIFS(E$1:E3,"="&E3,D$1:D3,"="&D3)>1,E3="zIndependent"),let(error_text, if(F2="","ERROR: Previous pick is blank. ","")&if(match(F3,F:F,0)<ROW(F3),"ERROR: Team already selected in row " & ROW(F3)&". ","")&if(and(wc_check,countIFS(G$1:G2,"This is your wild card pick",D$1:D2,"="&D3)>0),"ERROR: Player picked from this conference more than once and already made their wild card pick. ","")&if(and(wc_check,not(P3)),"ERROR: This conference is not eligible for a wild card pick.",""),if(error_text="",if(wc_check,"This is your wild card pick","Regular Pick"),error_text)))) -> Regular Pick | H3: =countif(E4:E13,E3) -> 1 | I3: =countif(E4:E24,E3) -> 2 | L3: 8 | M3: =IFERROR(__xludf.DUMMYFUNCTION("counta(iferror(filter(L2:L$2,E2:E$2=E3,L2:L$2<L3)))"),0.0) -> 0 | N3: =IFERROR(__xludf.DUMMYFUNCTION("counta(iferror(filter(L4:L$121,E4:E$121=E3,L4:L$624>L3)))"),0.0) -> 0 | P3: =IFERROR(__xludf.DUMMYFUNCTION("if(F3="""","""",let(wc_picked, countifs(E$1:E2,E3,G$1:G2,""This is your wild card pick""), let(spots_filled,counta(unique(filter(D$2:E3,E$2:E3=E3)))/2,let(total,VLOOKUP(E3,'Conf WC Eligibility'!A:C,3,0),if(E3=""zIndependent"", TRUE,total-wc_picked>12)))))"),FALSE) -> FALSE | Q3: {=XLOOKUP(F3,'Current Week'!C:C,'Current Week'!D:O)} -> 8 | R3: 4 | S3: Boise State 25 Utah State 24 | T3: FINAL | U3: Jeannine | X3: -2.5 | Z3: 55.5 | AA3: 370 | AB3: 278 | AC3: TRUE | AD3: =$Q3-max($Q3:$Q$400) -> -4 | AE3: =countif($Q2:$Q$2,"<"&$Q3) -> 1 | AF3: =IFERROR(__xludf.DUMMYFUNCTION("iferror(COUNT(filter($Q4:$Q$400,$Q4:$Q$400>$Q3)))"),32.0) -> 32 | AG3: =if(AD3=0,1,0) -> 0 | AH3: =$Q3-min($Q$2:$Q3) -> 2 | AI3: =IFERROR(__xludf.DUMMYFUNCTION("iferror(join("","",index(sort(filter($F4:$F$401,$Q4:$Q$401>$Q3),2,false),0,1)))"),"Ohio State,Oregon,UNLV,Notre Dame,James Madison,Tulane,Texas,Miami,Georgia,Navy,Michigan,Alabama,Utah,Texas Tech,USC,Indiana,Ole Miss,North Texas,South Florida,BYU,Texas A&M,Georgia Tech,Oklahoma,Old Dominion,UConn,Houston,San Diego State,Virginia,Vanderb"&"ilt,New Mexico,Kennesaw State,Arizona") -> Ohio State,Oregon,UNLV,Notre Dame,James Madison,Tulane,Texas,Miami,Georgia,Navy,Michigan,Alabama,Utah,Texas Tech,USC,Indiana,Ole Miss,North Texas,South Florida,BYU,Texas A&M,Georgia Tech,Oklahoma,Old Dominion,UConn,Houston,San Diego State,Virginia,Vanderbilt,New Mexico,Kennesaw State,Arizona | AJ3: =IFERROR(__xludf.DUMMYFUNCTION("iferror($Q3-max(filter($Q3:$Q$400,$E3:$E$400=$E$2)))"),-4.0) -> -4 | AK3: =countifs($Q2:$Q$2,"<"&$Q3,$E2:$E$2,$E$2) -> 1 | AL3: =IFERROR(__xludf.DUMMYFUNCTION("iferror(COUNT(filter($Q4:$Q$400,$Q4:$Q$400>$Q3,$E3:$E$400=$E$2)))"),0.0) -> 0 | AM3: =if(AJ3=0,1,0) -> 0 | AN3: =IFERROR(__xludf.DUMMYFUNCTION("iferror($Q3-min(filter($Q3:$Q$400,$E3:$E$400=$E$2)))"),6.0) -> 6 | AO3: =IFERROR(__xludf.DUMMYFUNCTION("iferror(join("","",index(sort(filter($F4:$F$400,$Q4:$Q$400>$Q3,$E4:$E$400=$E$2),2,false),0,1)))"),"Ohio State,Oregon,Michigan,USC,Indiana") -> Ohio State,Oregon,Michigan,USC,Indiana | AP3: =IFERROR(__xludf.DUMMYFUNCTION("REGEXREPLACE(join("","",unique({let(conf_picked,filter(E$1:E2,D$1:D2=D3), byrow(unique(TRANSPOSe(Teams!$1:$1)),lambda(rw,if(ISERROR(match(rw,conf_picked,0)),rw,))));if(AW3,,transpose(split(AX3,"","",1,1)))})), ""^,"", """")"),"AAC,ACC,Big 12,Big Ten,CUSA,MAC,MWC,Pac12,SEC,Sun Belt,zIndependent,") -> AAC,ACC,Big 12,Big Ten,CUSA,MAC,MWC,Pac12,SEC,Sun Belt,zIndependent, | AQ3: =IFERROR(__xludf.DUMMYFUNCTION("iferror($Q3-max(filter($Q3:$Q$400,arrayformula(isnumber(FIND($E3:$E$400,AP3))))))"),-4.0) -> -4 | AR3: {=countifs($Q2:$Q$2,"<"&$Q3,isnumber(FIND($E2:$E$2,AP3)),TRUE)} -> 1 | AS3: =IFERROR(__xludf.DUMMYFUNCTION("iferror(COUNT(filter($Q4:$Q$400,$Q4:$Q$400>$Q3,arrayformula(isnumber(FIND($E4:$E$400,AP3))))))"),32.0) -> 32 | AT3: =if(AQ3=0,1,0) -> 0 | AU3: =IFERROR(__xludf.DUMMYFUNCTION("iferror($Q3-min(filter($Q3:$Q$400,arrayformula(isnumber(FIND($E3:$E$400,AP3))))))"),8.0) -> 8 | AV3: =IFERROR(__xludf.DUMMYFUNCTION("iferror(join("","",index(sort(filter($F4:$F$400,$Q4:$Q$400>$Q3,arrayformula(isnumber(FIND($E4:$E$400,AP3)))),2,false),0,1)))"),"Ohio State,Oregon,UNLV,Notre Dame,James Madison,Tulane,Texas,Miami,Georgia,Navy,Michigan,Alabama,Utah,Texas Tech,USC,Indiana,Ole Miss,North Texas,South Florida,BYU,Texas A&M,Georgia Tech,Oklahoma,Old Dominion,UConn,Houston,San Diego State,Virginia,Vanderb"&"ilt,New Mexico,Kennesaw State,Arizona") -> Ohio State,Oregon,UNLV,Notre Dame,James Madison,Tulane,Texas,Miami,Georgia,Navy,Michigan,Alabama,Utah,Texas Tech,USC,Indiana,Ole Miss,North Texas,South Florida,BYU,Texas A&M,Georgia Tech,Oklahoma,Old Dominion,UConn,Houston,San Diego State,Virginia,Vanderbilt,New Mexico,Kennesaw State,Arizona | AW3: =IFERROR(__xludf.DUMMYFUNCTION("isnumber(find(""wild card"",join("","",filter($G$1:$G2,$D$1:$D2=D3))))"),FALSE) -> FALSE | AX3: =IFERROR(__xludf.DUMMYFUNCTION("join("","",let(confs,unique(TRANSPOSe(Teams!$1:$1)), confs_count, BYROW(confs,lambda(conf,xlookup(conf,'Conf WC Eligibility'!A:A,'Conf WC Eligibility'!C:C,,))),confs_picked,byrow(confs,lambda(conf,countif(E$1:E2,conf))),p_needs_conf_count,byrow(confs,lamb"&"da(conf,counta('Draft Order'!B$2:B622)-COUNTUNIQUE(filter(D$2:D2,E$2:E2=conf)))),query({confs,confs_count,confs_picked,p_needs_conf_count},""select Col1 where Col2 =2 or Col2-Col3 >Col4"")))"),"AAC,ACC,Big 12,Big Ten,CUSA,MAC,MWC,Pac12,SEC,Sun Belt,zIndependent") -> AAC,ACC,Big 12,Big Ten,CUSA,MAC,MWC,Pac12,SEC,Sun Belt,zIndependent
A4: 3 | B4: 1 | C4: 3 | D4: Vu | E4: =if(F4<>"",VLOOKUP(F4,offset('Teams-Conference'!A:B,0,(counta('Draft Order'!B$2:B622)-10)*2),2,0),"") -> CUSA | F4: Liberty | G4: =if(F4="","",let(wc_check,or(COUNTIFS(E$1:E4,"="&E4,D$1:D4,"="&D4)>1,E4="zIndependent"),let(error_text, if(F3="","ERROR: Previous pick is blank. ","")&if(match(F4,F:F,0)<ROW(F4),"ERROR: Team already selected in row " & ROW(F4)&". ","")&if(and(wc_check,countIFS(G$1:G3,"This is your wild card pick",D$1:D3,"="&D4)>0),"ERROR: Player picked from this conference more than once and already made their wild card pick. ","")&if(and(wc_check,not(P4)),"ERROR: This conference is not eligible for a wild card pick.",""),if(error_text="",if(wc_check,"This is your wild card pick","Regular Pick"),error_text)))) -> Regular Pick | H4: =countif(E5:E13,E4) -> 0 | I4: =countif(E5:E25,E4) -> 1 | L4: 4 | M4: =IFERROR(__xludf.DUMMYFUNCTION("counta(iferror(filter(L$2:L3,E$2:E3=E4,L$2:L3<L4)))"),0.0) -> 0 | N4: =IFERROR(__xludf.DUMMYFUNCTION("counta(iferror(filter(L5:L$121,E5:E$121=E4,L5:L$624>L4)))"),0.0) -> 0 | P4: =IFERROR(__xludf.DUMMYFUNCTION("if(F4="""","""",let(wc_picked, countifs(E$1:E3,E4,G$1:G3,""This is your wild card pick""), let(spots_filled,counta(unique(filter(D$2:E4,E$2:E4=E4)))/2,let(total,VLOOKUP(E4,'Conf WC Eligibility'!A:C,3,0),if(E4=""zIndependent"", TRUE,total-wc_picked>12)))))"),FALSE) -> FALSE | Q4: {=XLOOKUP(F4,'Current Week'!C:C,'Current Week'!D:O)} -> 4 | R4: 8 | S4: Kennesaw State 48 Liberty 42 | T4: FINAL - 2ND OT | U4: Gary | X4: 1.5 | Z4: 55.5 | AA4: 307 | AB4: 318 | AC4: TRUE | AD4: =$Q4-max($Q4:$Q$400) -> -8 | AE4: =countif($Q3:$Q$2,"<"&$Q4) -> 0 | AF4: =IFERROR(__xludf.DUMMYFUNCTION("iferror(COUNT(filter($Q5:$Q$400,$Q5:$Q$400>$Q4)))"),95.0) -> 95 | AG4: =if(AD4=0,1,0) -> 0 | AH4: =$Q4-min($Q$2:$Q4) -> 0 | AI4: =IFERROR(__xludf.DUMMYFUNCTION("iferror(join("","",index(sort(filter($F5:$F$401,$Q5:$Q$401>$Q4),2,false),0,1)))"),"Ohio State,Oregon,UNLV,Notre Dame,Memphis,Toledo,Clemson,James Madison,Tulane,Texas,Western Kentucky,Buffalo,Miami,Georgia,Navy,Michigan,SMU,Alabama,Utah,Arizona State,Texas Tech,USC,Kansas State,UL Lafayette,UTSA,Georgia Southern,Ohio,Illinois,Louisiana "&"Tech,Army,Indiana,Louisville,Fresno State,Ole Miss,North Texas,Miami-OH,South Florida,BYU,Tennessee,Texas State,Auburn,East Carolina,Washington,Kansas,LSU,Nebraska,Texas A&M,Jacksonville State,Baylor,Georgia Tech,Central Michigan,Western Michigan,Iowa,Mis"&"souri,Minnesota,Hawaii,Iowa State,Oklahoma,Appalachian State,TCU,Old Dominion,Akron,Florida State,Troy,Cincinnati,UCF,Duke,UConn,Florida Intl,Houston,San Diego State,Coastal Carolina,Virginia,Utah State,NC State,California,Missouri State,Marshall,Pittsbur"&"gh,Rutgers,Arkansas State,Vanderbilt,Delaware,New Mexico,Kennesaw State,Rice,Temple,Wake Forest,Arizona,Northwestern,Kent State,Washington State,Kentucky,Mississippi State,Southern Mississippi") -> Ohio State,Oregon,UNLV,Notre Dame,Memphis,Toledo,Clemson,James Madison,Tulane,Texas,Western Kentucky,Buffalo,Miami,Georgia,Navy,Michigan,SMU,Alabama,Utah,Arizona State,Texas Tech,USC,Kansas State,UL Lafayette,UTSA,Georgia Southern,Ohio,Illinois,Louisiana Tech,Army,Indiana,Louisville,Fresno State,Ole Miss,North Texas,Miami-OH,South Florida,BYU,Tennessee,Texas State,Auburn,East Carolina,Washington,Kansas,LSU,Nebraska,Texas A&M,Jacksonville State,Baylor,Georgia Tech,Central Michigan,Western Michigan,Iowa,Missouri,Minnesota,Hawaii,Iowa State,Oklahoma,Appalachian State,TCU,Old Dominion,Akron,Florida State,Troy,Cincinnati,UCF,Duke,UConn,Florida Intl,Houston,San Diego State,Coastal Carolina,Virginia,Utah State,NC State,California,Missouri State,Marshall,Pittsburgh,Rutgers,Arkansas State,Vanderbilt,Delaware,New Mexico,Kennesaw State,Rice,Temple,Wake Forest,Arizona,Northwestern,Kent State,Washington State,Kentucky,Mississippi State,Southern Mississippi | AJ4: =IFERROR(__xludf.DUMMYFUNCTION("iferror($Q4-max(filter($Q4:$Q$400,$E4:$E$400=$E$2)))"),-8.0) -> -8 | AK4: =countifs($Q3:$Q$2,"<"&$Q4,$E3:$E$2,$E$2) -> 0 | AL4: =IFERROR(__xludf.DUMMYFUNCTION("iferror(COUNT(filter($Q5:$Q$400,$Q5:$Q$400>$Q4,$E4:$E$400=$E$2)))"),0.0) -> 0 | AM4: =if(AJ4=0,1,0) -> 0 | AN4: =IFERROR(__xludf.DUMMYFUNCTION("iferror($Q4-min(filter($Q4:$Q$400,$E4:$E$400=$E$2)))"),2.0) -> 2 | AO4: =IFERROR(__xludf.DUMMYFUNCTION("iferror(join("","",index(sort(filter($F5:$F$400,$Q5:$Q$400>$Q4,$E5:$E$400=$E$2),2,false),0,1)))"),"Ohio State,Oregon,Michigan,USC,Illinois,Indiana,Washington,Nebraska,Iowa,Minnesota,Rutgers,Northwestern") -> Ohio State,Oregon,Michigan,USC,Illinois,Indiana,Washington,Nebraska,Iowa,Minnesota,Rutgers,Northwestern | AP4: =IFERROR(__xludf.DUMMYFUNCTION("REGEXREPLACE(join("","",unique({let(conf_picked,filter(E$1:E3,D$1:D3=D4), byrow(unique(TRANSPOSe(Teams!$1:$1)),lambda(rw,if(ISERROR(match(rw,conf_picked,0)),rw,))));if(AW4,,transpose(split(AX4,"","",1,1)))})), ""^,"", """")"),"AAC,ACC,Big 12,Big Ten,CUSA,MAC,MWC,Pac12,SEC,Sun Belt,zIndependent,") -> AAC,ACC,Big 12,Big Ten,CUSA,MAC,MWC,Pac12,SEC,Sun Belt,zIndependent, | AQ4: =IFERROR(__xludf.DUMMYFUNCTION("iferror($Q4-max(filter($Q4:$Q$400,arrayformula(isnumber(FIND($E4:$E$400,AP4))))))"),-8.0) -> -8 | AR4: {=countifs($Q$2:$Q3,"<"&$Q4,isnumber(FIND($E$2:$E3,AP4)),TRUE)} -> 0 | AS4: =IFERROR(__xludf.DUMMYFUNCTION("iferror(COUNT(filter($Q5:$Q$400,$Q5:$Q$400>$Q4,arrayformula(isnumber(FIND($E5:$E$400,AP4))))))"),95.0) -> 95 | AT4: =if(AQ4=0,1,0) -> 0 | AU4: =IFERROR(__xludf.DUMMYFUNCTION("iferror($Q4-min(filter($Q4:$Q$400,arrayformula(isnumber(FIND($E4:$E$400,AP4))))))"),4.0) -> 4 | AV4: =IFERROR(__xludf.DUMMYFUNCTION("iferror(join("","",index(sort(filter($F5:$F$400,$Q5:$Q$400>$Q4,arrayformula(isnumber(FIND($E5:$E$400,AP4)))),2,false),0,1)))"),"Ohio State,Oregon,UNLV,Notre Dame,Memphis,Toledo,Clemson,James Madison,Tulane,Texas,Western Kentucky,Buffalo,Miami,Georgia,Navy,Michigan,SMU,Alabama,Utah,Arizona State,Texas Tech,USC,Kansas State,UL Lafayette,UTSA,Georgia Southern,Ohio,Illinois,Louisiana "&"Tech,Army,Indiana,Louisville,Fresno State,Ole Miss,North Texas,Miami-OH,South Florida,BYU,Tennessee,Texas State,Auburn,East Carolina,Washington,Kansas,LSU,Nebraska,Texas A&M,Jacksonville State,Baylor,Georgia Tech,Central Michigan,Western Michigan,Iowa,Mis"&"souri,Minnesota,Hawaii,Iowa State,Oklahoma,Appalachian State,TCU,Old Dominion,Akron,Florida State,Troy,Cincinnati,UCF,Duke,UConn,Florida Intl,Houston,San Diego State,Coastal Carolina,Virginia,Utah State,NC State,California,Missouri State,Marshall,Pittsbur"&"gh,Rutgers,Arkansas State,Vanderbilt,Delaware,New Mexico,Kennesaw State,Rice,Temple,Wake Forest,Arizona,Northwestern,Kent State,Washington State,Kentucky,Mississippi State,Southern Mississippi") -> Ohio State,Oregon,UNLV,Notre Dame,Memphis,Toledo,Clemson,James Madison,Tulane,Texas,Western Kentucky,Buffalo,Miami,Georgia,Navy,Michigan,SMU,Alabama,Utah,Arizona State,Texas Tech,USC,Kansas State,UL Lafayette,UTSA,Georgia Southern,Ohio,Illinois,Louisiana Tech,Army,Indiana,Louisville,Fresno State,Ole Miss,North Texas,Miami-OH,South Florida,BYU,Tennessee,Texas State,Auburn,East Carolina,Washington,Kansas,LSU,Nebraska,Texas A&M,Jacksonville State,Baylor,Georgia Tech,Central Michigan,Western Michigan,Iowa,Missouri,Minnesota,Hawaii,Iowa State,Oklahoma,Appalachian State,TCU,Old Dominion,Akron,Florida State,Troy,Cincinnati,UCF,Duke,UConn,Florida Intl,Houston,San Diego State,Coastal Carolina,Virginia,Utah State,NC State,California,Missouri State,Marshall,Pittsburgh,Rutgers,Arkansas State,Vanderbilt,Delaware,New Mexico,Kennesaw State,Rice,Temple,Wake Forest,Arizona,Northwestern,Kent State,Washington State,Kentucky,Mississippi State,Southern Mississippi | AW4: =IFERROR(__xludf.DUMMYFUNCTION("isnumber(find(""wild card"",join("","",filter($G$1:$G3,$D$1:$D3=D4))))"),FALSE) -> FALSE | AX4: =IFERROR(__xludf.DUMMYFUNCTION("join("","",let(confs,unique(TRANSPOSe(Teams!$1:$1)), confs_count, BYROW(confs,lambda(conf,xlookup(conf,'Conf WC Eligibility'!A:A,'Conf WC Eligibility'!C:C,,))),confs_picked,byrow(confs,lambda(conf,countif(E$1:E3,conf))),p_needs_conf_count,byrow(confs,lamb"&"da(conf,counta('Draft Order'!B$2:B622)-COUNTUNIQUE(filter(D$2:D3,E$2:E3=conf)))),query({confs,confs_count,confs_picked,p_needs_conf_count},""select Col1 where Col2 =2 or Col2-Col3 >Col4"")))"),"AAC,ACC,Big 12,Big Ten,CUSA,MAC,Pac12,SEC,Sun Belt,zIndependent") -> AAC,ACC,Big 12,Big Ten,CUSA,MAC,Pac12,SEC,Sun Belt,zIndependent
A5: 4 | B5: 1 | C5: 4 | D5: Nick A. | E5: =if(F5<>"",VLOOKUP(F5,offset('Teams-Conference'!A:B,0,(counta('Draft Order'!B$2:B622)-10)*2),2,0),"") -> Big Ten | F5: Ohio State | G5: =if(F5="","",let(wc_check,or(COUNTIFS(E$1:E5,"="&E5,D$1:D5,"="&D5)>1,E5="zIndependent"),let(error_text, if(F4="","ERROR: Previous pick is blank. ","")&if(match(F5,F:F,0)<ROW(F5),"ERROR: Team already selected in row " & ROW(F5)&". ","")&if(and(wc_check,countIFS(G$1:G4,"This is your wild card pick",D$1:D4,"="&D5)>0),"ERROR: Player picked from this conference more than once and already made their wild card pick. ","")&if(and(wc_check,not(P5)),"ERROR: This conference is not eligible for a wild card pick.",""),if(error_text="",if(wc_check,"This is your wild card pick","Regular Pick"),error_text)))) -> Regular Pick | H5: =countif(E6:E14,E5) -> 1 | I5: =countif(E6:E25,E5) -> 2 | L5: 12 | M5: =IFERROR(__xludf.DUMMYFUNCTION("counta(iferror(filter(L$2:L4,E$2:E4=E5,L$2:L4<L5)))"),1.0) -> 1 | N5: =IFERROR(__xludf.DUMMYFUNCTION("counta(iferror(filter(L6:L$121,E6:E$121=E5,L6:L$624>L5)))"),0.0) -> 0 | P5: =IFERROR(__xludf.DUMMYFUNCTION("if(F5="""","""",let(wc_picked, countifs(E$1:E4,E5,G$1:G4,""This is your wild card pick""), let(spots_filled,counta(unique(filter(D$2:E5,E$2:E5=E5)))/2,let(total,VLOOKUP(E5,'Conf WC Eligibility'!A:C,3,0),if(E5=""zIndependent"", TRUE,total-wc_picked>12)))))"),TRUE) -> TRUE | Q5: {=XLOOKUP(F5,'Current Week'!C:C,'Current Week'!D:O)} -> 12 | R5: 0 | S5: (1) Ohio State 27 (15) Michigan 9 | T5: FINAL | U5: Jeannine | X5: -10.5 | Z5: 43.5 | AA5: 444 | AB5: 93 | AC5: TRUE | AD5: =$Q5-max($Q5:$Q$400) -> 0 | AE5: =countif($Q4:$Q$2,"<"&$Q5) -> 3 | AF5: =IFERROR(__xludf.DUMMYFUNCTION("iferror(COUNT(filter($Q6:$Q$400,$Q6:$Q$400>$Q5)))"),0.0) -> 0 | AG5: =if(AD5=0,1,0) -> 1 | AH5: =$Q5-min($Q$2:$Q5) -> 8 | AI5: =IFERROR(__xludf.DUMMYFUNCTION("iferror(join("","",index(sort(filter($F6:$F$401,$Q6:$Q$401>$Q5),2,false),0,1)))"),"") | AJ5: =IFERROR(__xludf.DUMMYFUNCTION("iferror($Q5-max(filter($Q5:$Q$400,$E5:$E$400=$E$2)))"),0.0) -> 0 | AK5: =countifs($Q4:$Q$2,"<"&$Q5,$E4:$E$2,$E$2) -> 1 | AL5: =IFERROR(__xludf.DUMMYFUNCTION("iferror(COUNT(filter($Q6:$Q$400,$Q6:$Q$400>$Q5,$E5:$E$400=$E$2)))"),0.0) -> 0 | AM5: =if(AJ5=0,1,0) -> 1 | AN5: =IFERROR(__xludf.DUMMYFUNCTION("iferror($Q5-min(filter($Q5:$Q$400,$E5:$E$400=$E$2)))"),10.0) -> 10 | AO5: =IFERROR(__xludf.DUMMYFUNCTION("iferror(join("","",index(sort(filter($F6:$F$400,$Q6:$Q$400>$Q5,$E6:$E$400=$E$2),2,false),0,1)))"),"") | AP5: =IFERROR(__xludf.DUMMYFUNCTION("REGEXREPLACE(join("","",unique({let(conf_picked,filter(E$1:E4,D$1:D4=D5), byrow(unique(TRANSPOSe(Teams!$1:$1)),lambda(rw,if(ISERROR(match(rw,conf_picked,0)),rw,))));if(AW5,,transpose(split(AX5,"","",1,1)))})), ""^,"", """")"),"AAC,ACC,Big 12,Big Ten,CUSA,MAC,MWC,Pac12,SEC,Sun Belt,zIndependent,") -> AAC,ACC,Big 12,Big Ten,CUSA,MAC,MWC,Pac12,SEC,Sun Belt,zIndependent, | AQ5: =IFERROR(__xludf.DUMMYFUNCTION("iferror($Q5-max(filter($Q5:$Q$400,arrayformula(isnumber(FIND($E5:$E$400,AP5))))))"),0.0) -> 0 | AR5: {=countifs($Q$2:$Q4,"<"&$Q5,isnumber(FIND($E$2:$E4,AP5)),TRUE)} -> 3 | AS5: =IFERROR(__xludf.DUMMYFUNCTION("iferror(COUNT(filter($Q6:$Q$400,$Q6:$Q$400>$Q5,arrayformula(isnumber(FIND($E6:$E$400,AP5))))))"),0.0) -> 0 | AT5: =if(AQ5=0,1,0) -> 1 | AU5: =IFERROR(__xludf.DUMMYFUNCTION("iferror($Q5-min(filter($Q5:$Q$400,arrayformula(isnumber(FIND($E5:$E$400,AP5))))))"),12.0) -> 12 | AV5: =IFERROR(__xludf.DUMMYFUNCTION("iferror(join("","",index(sort(filter($F6:$F$400,$Q6:$Q$400>$Q5,arrayformula(isnumber(FIND($E6:$E$400,AP5)))),2,false),0,1)))"),"") | AW5: =IFERROR(__xludf.DUMMYFUNCTION("isnumber(find(""wild card"",join("","",filter($G$1:$G4,$D$1:$D4=D5))))"),FALSE) -> FALSE | AX5: =IFERROR(__xludf.DUMMYFUNCTION("join("","",let(confs,unique(TRANSPOSe(Teams!$1:$1)), confs_count, BYROW(confs,lambda(conf,xlookup(conf,'Conf WC Eligibility'!A:A,'Conf WC Eligibility'!C:C,,))),confs_picked,byrow(confs,lambda(conf,countif(E$1:E4,conf))),p_needs_conf_count,byrow(confs,lamb"&"da(conf,counta('Draft Order'!B$2:B622)-COUNTUNIQUE(filter(D$2:D4,E$2:E4=conf)))),query({confs,confs_count,confs_picked,p_needs_conf_count},""select Col1 where Col2 =2 or Col2-Col3 >Col4"")))"),"AAC,ACC,Big 12,Big Ten,MAC,Pac12,SEC,Sun Belt,zIndependent") -> AAC,ACC,Big 12,Big Ten,MAC,Pac12,SEC,Sun Belt,zIndependent
A6: 5 | B6: 1 | C6: 5 | D6: Jeannine | E6: =if(F6<>"",VLOOKUP(F6,offset('Teams-Conference'!A:B,0,(counta('Draft Order'!B$2:B622)-10)*2),2,0),"") -> Big Ten | F6: Oregon | G6: =if(F6="","",let(wc_check,or(COUNTIFS(E$1:E6,"="&E6,D$1:D6,"="&D6)>1,E6="zIndependent"),let(error_text, if(F5="","ERROR: Previous pick is blank. ","")&if(match(F6,F:F,0)<ROW(F6),"ERROR: Team already selected in row " & ROW(F6)&". ","")&if(and(wc_check,countIFS(G$1:G5,"This is your wild card pick",D$1:D5,"="&D6)>0),"ERROR: Player picked from this conference more than once and already made their wild card pick. ","")&if(and(wc_check,not(P6)),"ERROR: This conference is not eligible for a wild card pick.",""),if(error_text="",if(wc_check,"This is your wild card pick","Regular Pick"),error_text)))) -> Regular Pick | H6: =countif(E7:E15,E6) -> 0 | I6: =countif(E7:E26,E6) -> 1 | L6: 11 | M6: =IFERROR(__xludf.DUMMYFUNCTION("counta(iferror(filter(L$2:L5,E$2:E5=E6,L$2:L5<L6)))"),1.0) -> 1 | N6: =IFERROR(__xludf.DUMMYFUNCTION("counta(iferror(filter(L7:L$121,E7:E$121=E6,L7:L$624>L6)))"),0.0) -> 0 | P6: =IFERROR(__xludf.DUMMYFUNCTION("if(F6="""","""",let(wc_picked, countifs(E$1:E5,E6,G$1:G5,""This is your wild card pick""), let(spots_filled,counta(unique(filter(D$2:E6,E$2:E6=E6)))/2,let(total,VLOOKUP(E6,'Conf WC Eligibility'!A:C,3,0),if(E6=""zIndependent"", TRUE,total-wc_picked>12)))))"),TRUE) -> TRUE | Q6: {=XLOOKUP(F6,'Current Week'!C:C,'Current Week'!D:O)} -> 11 | R6: 1 | S6: (5) Oregon 26 Washington 14 | T6: FINAL | U6: Vu | X6: -7 | Z6: 51.5 | AA6: 458 | AB6: 178 | AC6: TRUE | AD6: =$Q6-max($Q6:$Q$400) -> -1 | AE6: =countif($Q5:$Q$2,"<"&$Q6) -> 3 | AF6: =IFERROR(__xludf.DUMMYFUNCTION("iferror(COUNT(filter($Q7:$Q$400,$Q7:$Q$400>$Q6)))"),1.0) -> 1 | AG6: =if(AD6=0,1,0) -> 0 | AH6: =$Q6-min($Q$2:$Q6) -> 7 | AI6: =IFERROR(__xludf.DUMMYFUNCTION("iferror(join("","",index(sort(filter($F7:$F$401,$Q7:$Q$401>$Q6),2,false),0,1)))"),"Indiana") -> Indiana | AJ6: =IFERROR(__xludf.DUMMYFUNCTION("iferror($Q6-max(filter($Q6:$Q$400,$E6:$E$400=$E$2)))"),-1.0) -> -1 | AK6: =countifs($Q5:$Q$2,"<"&$Q6,$E5:$E$2,$E$2) -> 1 | AL6: =IFERROR(__xludf.DUMMYFUNCTION("iferror(COUNT(filter($Q7:$Q$400,$Q7:$Q$400>$Q6,$E6:$E$400=$E$2)))"),0.0) -> 0 | AM6: =if(AJ6=0,1,0) -> 0 | AN6: =IFERROR(__xludf.DUMMYFUNCTION("iferror($Q6-min(filter($Q6:$Q$400,$E6:$E$400=$E$2)))"),9.0) -> 9 | AO6: =IFERROR(__xludf.DUMMYFUNCTION("iferror(join("","",index(sort(filter($F7:$F$400,$Q7:$Q$400>$Q6,$E7:$E$400=$E$2),2,false),0,1)))"),"Indiana") -> Indiana | AP6: =IFERROR(__xludf.DUMMYFUNCTION("REGEXREPLACE(join("","",unique({let(conf_picked,filter(E$1:E5,D$1:D5=D6), byrow(unique(TRANSPOSe(Teams!$1:$1)),lambda(rw,if(ISERROR(match(rw,conf_picked,0)),rw,))));if(AW6,,transpose(split(AX6,"","",1,1)))})), ""^,"", """")"),"AAC,ACC,Big 12,Big Ten,CUSA,MAC,MWC,Pac12,SEC,Sun Belt,zIndependent,") -> AAC,ACC,Big 12,Big Ten,CUSA,MAC,MWC,Pac12,SEC,Sun Belt,zIndependent, | AQ6: =IFERROR(__xludf.DUMMYFUNCTION("iferror($Q6-max(filter($Q6:$Q$400,arrayformula(isnumber(FIND($E6:$E$400,AP6))))))"),-1.0) -> -1 | AR6: {=countifs($Q$2:$Q5,"<"&$Q6,isnumber(FIND($E$2:$E5,AP6)),TRUE)} -> 3 | AS6: =IFERROR(__xludf.DUMMYFUNCTION("iferror(COUNT(filter($Q7:$Q$400,$Q7:$Q$400>$Q6,arrayformula(isnumber(FIND($E7:$E$400,AP6))))))"),1.0) -> 1 | AT6: =if(AQ6=0,1,0) -> 0 | AU6: =IFERROR(__xludf.DUMMYFUNCTION("iferror($Q6-min(filter($Q6:$Q$400,arrayformula(isnumber(FIND($E6:$E$400,AP6))))))"),11.0) -> 11 | AV6: =IFERROR(__xludf.DUMMYFUNCTION("iferror(join("","",index(sort(filter($F7:$F$400,$Q7:$Q$400>$Q6,arrayformula(isnumber(FIND($E7:$E$400,AP6)))),2,false),0,1)))"),"Indiana") -> Indiana | AW6: =IFERROR(__xludf.DUMMYFUNCTION("isnumber(find(""wild card"",join("","",filter($G$1:$G5,$D$1:$D5=D6))))"),FALSE) -> FALSE | AX6: =IFERROR(__xludf.DUMMYFUNCTION("join("","",let(confs,unique(TRANSPOSe(Teams!$1:$1)), confs_count, BYROW(confs,lambda(conf,xlookup(conf,'Conf WC Eligibility'!A:A,'Conf WC Eligibility'!C:C,,))),confs_picked,byrow(confs,lambda(conf,countif(E$1:E5,conf))),p_needs_conf_count,byrow(confs,lamb"&"da(conf,counta('Draft Order'!B$2:B622)-COUNTUNIQUE(filter(D$2:D5,E$2:E5=conf)))),query({confs,confs_count,confs_picked,p_needs_conf_count},""select Col1 where Col2 =2 or Col2-Col3 >Col4"")))"),"AAC,ACC,Big 12,Big Ten,MAC,Pac12,SEC,Sun Belt,zIndependent") -> AAC,ACC,Big 12,Big Ten,MAC,Pac12,SEC,Sun Belt,zIndependent
A7: 6 | B7: 1 | C7: 6 | D7: Justin | E7: =if(F7<>"",VLOOKUP(F7,offset('Teams-Conference'!A:B,0,(counta('Draft Order'!B$2:B622)-10)*2),2,0),"") -> MWC | F7: UNLV | G7: =if(F7="","",let(wc_check,or(COUNTIFS(E$1:E7,"="&E7,D$1:D7,"="&D7)>1,E7="zIndependent"),let(error_text, if(F6="","ERROR: Previous pick is blank. ","")&if(match(F7,F:F,0)<ROW(F7),"ERROR: Team already selected in row " & ROW(F7)&". ","")&if(and(wc_check,countIFS(G$1:G6,"This is your wild card pick",D$1:D6,"="&D7)>0),"ERROR: Player picked from this conference more than once and already made their wild card pick. ","")&if(and(wc_check,not(P7)),"ERROR: This conference is not eligible for a wild card pick.",""),if(error_text="",if(wc_check,"This is your wild card pick","Regular Pick"),error_text)))) -> Regular Pick | H7: =countif(E8:E16,E7) -> 0 | I7: =countif(E8:E27,E7) -> 1 | L7: 10 | M7: =IFERROR(__xludf.DUMMYFUNCTION("counta(iferror(filter(L$2:L6,E$2:E6=E7,L$2:L6<L7)))"),1.0) -> 1 | N7: =IFERROR(__xludf.DUMMYFUNCTION("counta(iferror(filter(L8:L$121,E8:E$121=E7,L8:L$624>L7)))"),0.0) -> 0 | P7: =IFERROR(__xludf.DUMMYFUNCTION("if(F7="""","""",let(wc_picked, countifs(E$1:E6,E7,G$1:G6,""This is your wild card pick""), let(spots_filled,counta(unique(filter(D$2:E7,E$2:E7=E7)))/2,let(total,VLOOKUP(E7,'Conf WC Eligibility'!A:C,3,0),if(E7=""zIndependent"", TRUE,total-wc_picked>12)))))"),FALSE) -> FALSE | Q7: {=XLOOKUP(F7,'Current Week'!C:C,'Current Week'!D:O)} -> 10 | R7: 2 | S7: UNLV 42 Nevada 17 | T7: FINAL | U7: Brad | X7: -7.5 | Z7: 53.5 | AA7: 446 | AB7: 337 | AC7: TRUE | AD7: =$Q7-max($Q7:$Q$400) -> -2 | AE7: =countif($Q6:$Q$2,"<"&$Q7) -> 3 | AF7: =IFERROR(__xludf.DUMMYFUNCTION("iferror(COUNT(filter($Q8:$Q$400,$Q8:$Q$400>$Q7)))"),8.0) -> 8 | AG7: =if(AD7=0,1,0) -> 0 | AH7: =$Q7-min($Q$2:$Q7) -> 6 | AI7: =IFERROR(__xludf.DUMMYFUNCTION("iferror(join("","",index(sort(filter($F8:$F$401,$Q8:$Q$401>$Q7),2,false),0,1)))"),"James Madison,Georgia,Texas Tech,Indiana,Ole Miss,North Texas,BYU,Texas A&M") -> James Madison,Georgia,Texas Tech,Indiana,Ole Miss,North Texas,BYU,Texas A&M | AJ7: =IFERROR(__xludf.DUMMYFUNCTION("iferror($Q7-max(filter($Q7:$Q$400,$E7:$E$400=$E$2)))"),-2.0) -> -2 | AK7: =countifs($Q6:$Q$2,"<"&$Q7,$E6:$E$2,$E$2) -> 1 | AL7: =IFERROR(__xludf.DUMMYFUNCTION("iferror(COUNT(filter($Q8:$Q$400,$Q8:$Q$400>$Q7,$E7:$E$400=$E$2)))"),0.0) -> 0 | AM7: =if(AJ7=0,1,0) -> 0 | AN7: =IFERROR(__xludf.DUMMYFUNCTION("iferror($Q7-min(filter($Q7:$Q$400,$E7:$E$400=$E$2)))"),8.0) -> 8 | AO7: =IFERROR(__xludf.DUMMYFUNCTION("iferror(join("","",index(sort(filter($F8:$F$400,$Q8:$Q$400>$Q7,$E8:$E$400=$E$2),2,false),0,1)))"),"Indiana") -> Indiana | AP7: =IFERROR(__xludf.DUMMYFUNCTION("REGEXREPLACE(join("","",unique({let(conf_picked,filter(E$1:E6,D$1:D6=D7), byrow(unique(TRANSPOSe(Teams!$1:$1)),lambda(rw,if(ISERROR(match(rw,conf_picked,0)),rw,))));if(AW7,,transpose(split(AX7,"","",1,1)))})), ""^,"", """")"),"AAC,ACC,Big 12,Big Ten,CUSA,MAC,MWC,Pac12,SEC,Sun Belt,zIndependent,") -> AAC,ACC,Big 12,Big Ten,CUSA,MAC,MWC,Pac12,SEC,Sun Belt,zIndependent, | AQ7: =IFERROR(__xludf.DUMMYFUNCTION("iferror($Q7-max(filter($Q7:$Q$400,arrayformula(isnumber(FIND($E7:$E$400,AP7))))))"),-2.0) -> -2 | AR7: {=countifs($Q$2:$Q6,"<"&$Q7,isnumber(FIND($E$2:$E6,AP7)),TRUE)} -> 3 | AS7: =IFERROR(__xludf.DUMMYFUNCTION("iferror(COUNT(filter($Q8:$Q$400,$Q8:$Q$400>$Q7,arrayformula(isnumber(FIND($E8:$E$400,AP7))))))"),8.0) -> 8 | AT7: =if(AQ7=0,1,0) -> 0 | AU7: =IFERROR(__xludf.DUMMYFUNCTION("iferror($Q7-min(filter($Q7:$Q$400,arrayformula(isnumber(FIND($E7:$E$400,AP7))))))"),10.0) -> 10 | AV7: =IFERROR(__xludf.DUMMYFUNCTION("iferror(join("","",index(sort(filter($F8:$F$400,$Q8:$Q$400>$Q7,arrayformula(isnumber(FIND($E8:$E$400,AP7)))),2,false),0,1)))"),"James Madison,Georgia,Texas Tech,Indiana,Ole Miss,North Texas,BYU,Texas A&M") -> James Madison,Georgia,Texas Tech,Indiana,Ole Miss,North Texas,BYU,Texas A&M | AW7: =IFERROR(__xludf.DUMMYFUNCTION("isnumber(find(""wild card"",join("","",filter($G$1:$G6,$D$1:$D6=D7))))"),FALSE) -> FALSE | AX7: =IFERROR(__xludf.DUMMYFUNCTION("join("","",let(confs,unique(TRANSPOSe(Teams!$1:$1)), confs_count, BYROW(confs,lambda(conf,xlookup(conf,'Conf WC Eligibility'!A:A,'Conf WC Eligibility'!C:C,,))),confs_picked,byrow(confs,lambda(conf,countif(E$1:E6,conf))),p_needs_conf_count,byrow(confs,lamb"&"da(conf,counta('Draft Order'!B$2:B622)-COUNTUNIQUE(filter(D$2:D6,E$2:E6=conf)))),query({confs,confs_count,confs_picked,p_needs_conf_count},""select Col1 where Col2 =2 or Col2-Col3 >Col4"")))"),"AAC,ACC,Big 12,Big Ten,MAC,Pac12,SEC,Sun Belt,zIndependent") -> AAC,ACC,Big 12,Big Ten,MAC,Pac12,SEC,Sun Belt,zIndependent
A8: 7 | B8: 1 | C8: 7 | D8: Josh | E8: =if(F8<>"",VLOOKUP(F8,offset('Teams-Conference'!A:B,0,(counta('Draft Order'!B$2:B622)-10)*2),2,0),"") -> zIndependent | F8: Notre Dame | G8: =if(F8="","",let(wc_check,or(COUNTIFS(E$1:E8,"="&E8,D$1:D8,"="&D8)>1,E8="zIndependent"),let(error_text, if(F7="","ERROR: Previous pick is blank. ","")&if(match(F8,F:F,0)<ROW(F8),"ERROR: Team already selected in row " & ROW(F8)&". ","")&if(and(wc_check,countIFS(G$1:G7,"This is your wild card pick",D$1:D7,"="&D8)>0),"ERROR: Player picked from this conference more than once and already made their wild card pick. ","")&if(and(wc_check,not(P8)),"ERROR: This conference is not eligible for a wild card pick.",""),if(error_text="",if(wc_check,"This is your wild card pick","Regular Pick"),error_text)))) -> This is your wild card pick | H8: =countif(E9:E17,E8) -> 0 | I8: =countif(E9:E28,E8) -> 0 | L8: 10 | M8: =IFERROR(__xludf.DUMMYFUNCTION("counta(iferror(filter(L$2:L7,E$2:E7=E8,L$2:L7<L8)))"),0.0) -> 0 | N8: =IFERROR(__xludf.DUMMYFUNCTION("counta(iferror(filter(L9:L$121,E9:E$121=E8,L9:L$624>L8)))"),0.0) -> 0 | P8: =IFERROR(__xludf.DUMMYFUNCTION("if(F8="""","""",let(wc_picked, countifs(E$1:E7,E8,G$1:G7,""This is your wild card pick""), let(spots_filled,counta(unique(filter(D$2:E8,E$2:E8=E8)))/2,let(total,VLOOKUP(E8,'Conf WC Eligibility'!A:C,3,0),if(E8=""zIndependent"", TRUE,total-wc_picked>12)))))"),TRUE) -> TRUE | Q8: {=XLOOKUP(F8,'Current Week'!C:C,'Current Week'!D:O)} -> 10 | R8: 2 | S8: (9) Notre Dame 49 Stanford 20 | T8: FINAL | U8: Undrafted | X8: -31.5 | Z8: 49.5 | AA8: 504 | AB8: 211 | AC8: TRUE | AD8: =$Q8-max($Q8:$Q$400) -> -2 | AE8: =countif($Q7:$Q$2,"<"&$Q8) -> 3 | AF8: =IFERROR(__xludf.DUMMYFUNCTION("iferror(COUNT(filter($Q9:$Q$400,$Q9:$Q$400>$Q8)))"),8.0) -> 8 | AG8: =if(AD8=0,1,0) -> 0 | AH8: =$Q8-min($Q$2:$Q8) -> 6 | AI8: =IFERROR(__xludf.DUMMYFUNCTION("iferror(join("","",index(sort(filter($F9:$F$401,$Q9:$Q$401>$Q8),2,false),0,1)))"),"James Madison,Georgia,Texas Tech,Indiana,Ole Miss,North Texas,BYU,Texas A&M") -> James Madison,Georgia,Texas Tech,Indiana,Ole Miss,North Texas,BYU,Texas A&M | AJ8: =IFERROR(__xludf.DUMMYFUNCTION("iferror($Q8-max(filter($Q8:$Q$400,$E8:$E$400=$E$2)))"),-2.0) -> -2 | AK8: =countifs($Q7:$Q$2,"<"&$Q8,$E7:$E$2,$E$2) -> 1 | AL8: =IFERROR(__xludf.DUMMYFUNCTION("iferror(COUNT(filter($Q9:$Q$400,$Q9:$Q$400>$Q8,$E8:$E$400=$E$2)))"),0.0) -> 0 | AM8: =if(AJ8=0,1,0) -> 0 | AN8: =IFERROR(__xludf.DUMMYFUNCTION("iferror($Q8-min(filter($Q8:$Q$400,$E8:$E$400=$E$2)))"),8.0) -> 8 | AO8: =IFERROR(__xludf.DUMMYFUNCTION("iferror(join("","",index(sort(filter($F9:$F$400,$Q9:$Q$400>$Q8,$E9:$E$400=$E$2),2,false),0,1)))"),"Indiana") -> Indiana | AP8: =IFERROR(__xludf.DUMMYFUNCTION("REGEXREPLACE(join("","",unique({let(conf_picked,filter(E$1:E7,D$1:D7=D8), byrow(unique(TRANSPOSe(Teams!$1:$1)),lambda(rw,if(ISERROR(match(rw,conf_picked,0)),rw,))));if(AW8,,transpose(split(AX8,"","",1,1)))})), ""^,"", """")"),"AAC,ACC,Big 12,Big Ten,CUSA,MAC,MWC,Pac12,SEC,Sun Belt,zIndependent,") -> AAC,ACC,Big 12,Big Ten,CUSA,MAC,MWC,Pac12,SEC,Sun Belt,zIndependent, | AQ8: =IFERROR(__xludf.DUMMYFUNCTION("iferror($Q8-max(filter($Q8:$Q$400,arrayformula(isnumber(FIND($E8:$E$400,AP8))))))"),-2.0) -> -2 | AR8: {=countifs($Q$2:$Q7,"<"&$Q8,isnumber(FIND($E$2:$E7,AP8)),TRUE)} -> 3 | AS8: =IFERROR(__xludf.DUMMYFUNCTION("iferror(COUNT(filter($Q9:$Q$400,$Q9:$Q$400>$Q8,arrayformula(isnumber(FIND($E9:$E$400,AP8))))))"),8.0) -> 8 | AT8: =if(AQ8=0,1,0) -> 0 | AU8: =IFERROR(__xludf.DUMMYFUNCTION("iferror($Q8-min(filter($Q8:$Q$400,arrayformula(isnumber(FIND($E8:$E$400,AP8))))))"),10.0) -> 10 | AV8: =IFERROR(__xludf.DUMMYFUNCTION("iferror(join("","",index(sort(filter($F9:$F$400,$Q9:$Q$400>$Q8,arrayformula(isnumber(FIND($E9:$E$400,AP8)))),2,false),0,1)))"),"James Madison,Georgia,Texas Tech,Indiana,Ole Miss,North Texas,BYU,Texas A&M") -> James Madison,Georgia,Texas Tech,Indiana,Ole Miss,North Texas,BYU,Texas A&M | AW8: =IFERROR(__xludf.DUMMYFUNCTION("isnumber(find(""wild card"",join("","",filter($G$1:$G7,$D$1:$D7=D8))))"),FALSE) -> FALSE | AX8: =IFERROR(__xludf.DUMMYFUNCTION("join("","",let(confs,unique(TRANSPOSe(Teams!$1:$1)), confs_count, BYROW(confs,lambda(conf,xlookup(conf,'Conf WC Eligibility'!A:A,'Conf WC Eligibility'!C:C,,))),confs_picked,byrow(confs,lambda(conf,countif(E$1:E7,conf))),p_needs_conf_count,byrow(confs,lamb"&"da(conf,counta('Draft Order'!B$2:B622)-COUNTUNIQUE(filter(D$2:D7,E$2:E7=conf)))),query({confs,confs_count,confs_picked,p_needs_conf_count},""select Col1 where Col2 =2 or Col2-Col3 >Col4"")))"),"AAC,ACC,Big 12,Big Ten,MAC,Pac12,SEC,Sun Belt,zIndependent") -> AAC,ACC,Big 12,Big Ten,MAC,Pac12,SEC,Sun Belt,zIndependent
A9: 8 | B9: 1 | C9: 8 | D9: Mike | E9: =if(F9<>"",VLOOKUP(F9,offset('Teams-Conference'!A:B,0,(counta('Draft Order'!B$2:B622)-10)*2),2,0),"") -> AAC | F9: Memphis | G9: =if(F9="","",let(wc_check,or(COUNTIFS(E$1:E9,"="&E9,D$1:D9,"="&D9)>1,E9="zIndependent"),let(error_text, if(F8="","ERROR: Previous pick is blank. ","")&if(match(F9,F:F,0)<ROW(F9),"ERROR: Team already selected in row " & ROW(F9)&". ","")&if(and(wc_check,countIFS(G$1:G8,"This is your wild card pick",D$1:D8,"="&D9)>0),"ERROR: Player picked from this conference more than once and already made their wild card pick. ","")&if(and(wc_check,not(P9)),"ERROR: This conference is not eligible for a wild card pick.",""),if(error_text="",if(wc_check,"This is your wild card pick","Regular Pick"),error_text)))) -> Regular Pick | H9: =countif(E10:E18,E9) -> 1 | I9: =countif(E10:E29,E9) -> 2 | L9: 8 | M9: =IFERROR(__xludf.DUMMYFUNCTION("counta(iferror(filter(L$2:L8,E$2:E8=E9,L$2:L8<L9)))"),0.0) -> 0 | N9: =IFERROR(__xludf.DUMMYFUNCTION("counta(iferror(filter(L10:L$121,E10:E$121=E9,L10:L$624>L9)))"),0.0) -> 0 | P9: =IFERROR(__xludf.DUMMYFUNCTION("if(F9="""","""",let(wc_picked, countifs(E$1:E8,E9,G$1:G8,""This is your wild card pick""), let(spots_filled,counta(unique(filter(D$2:E9,E$2:E9=E9)))/2,let(total,VLOOKUP(E9,'Conf WC Eligibility'!A:C,3,0),if(E9=""zIndependent"", TRUE,total-wc_picked>12)))))"),TRUE) -> TRUE | Q9: {=XLOOKUP(F9,'Current Week'!C:C,'Current Week'!D:O)} -> 8 | R9: 4 | S9: Navy 28 Memphis 17 | T9: FINAL | U9: Justin | X9: -3.5 | Z9: 57.5 | AA9: 415 | AB9: 270 | AC9: TRUE | AD9: =$Q9-max($Q9:$Q$400) -> -4 | AE9: =countif($Q8:$Q$2,"<"&$Q9) -> 2 | AF9: =IFERROR(__xludf.DUMMYFUNCTION("iferror(COUNT(filter($Q10:$Q$400,$Q10:$Q$400>$Q9)))"),28.0) -> 28 | AG9: =if(AD9=0,1,0) -> 0 | AH9: =$Q9-min($Q$2:$Q9) -> 4 | AI9: =IFERROR(__xludf.DUMMYFUNCTION("iferror(join("","",index(sort(filter($F10:$F$401,$Q10:$Q$401>$Q9),2,false),0,1)))"),"James Madison,Tulane,Texas,Miami,Georgia,Navy,Michigan,Alabama,Utah,Texas Tech,USC,Indiana,Ole Miss,North Texas,South Florida,BYU,Texas A&M,Georgia Tech,Oklahoma,Old Dominion,UConn,Houston,San Diego State,Virginia,Vanderbilt,New Mexico,Kennesaw State,Ariz"&"ona") -> James Madison,Tulane,Texas,Miami,Georgia,Navy,Michigan,Alabama,Utah,Texas Tech,USC,Indiana,Ole Miss,North Texas,South Florida,BYU,Texas A&M,Georgia Tech,Oklahoma,Old Dominion,UConn,Houston,San Diego State,Virginia,Vanderbilt,New Mexico,Kennesaw State,Arizona | AJ9: =IFERROR(__xludf.DUMMYFUNCTION("iferror($Q9-max(filter($Q9:$Q$400,$E9:$E$400=$E$2)))"),-4.0) -> -4 | AK9: =countifs($Q8:$Q$2,"<"&$Q9,$E8:$E$2,$E$2) -> 1 | AL9: =IFERROR(__xludf.DUMMYFUNCTION("iferror(COUNT(filter($Q10:$Q$400,$Q10:$Q$400>$Q9,$E9:$E$400=$E$2)))"),0.0) -> 0 | AM9: =if(AJ9=0,1,0) -> 0 | AN9: =IFERROR(__xludf.DUMMYFUNCTION("iferror($Q9-min(filter($Q9:$Q$400,$E9:$E$400=$E$2)))"),6.0) -> 6 | AO9: =IFERROR(__xludf.DUMMYFUNCTION("iferror(join("","",index(sort(filter($F10:$F$400,$Q10:$Q$400>$Q9,$E10:$E$400=$E$2),2,false),0,1)))"),"Michigan,USC,Indiana") -> Michigan,USC,Indiana | AP9: =IFERROR(__xludf.DUMMYFUNCTION("REGEXREPLACE(join("","",unique({let(conf_picked,filter(E$1:E8,D$1:D8=D9), byrow(unique(TRANSPOSe(Teams!$1:$1)),lambda(rw,if(ISERROR(match(rw,conf_picked,0)),rw,))));if(AW9,,transpose(split(AX9,"","",1,1)))})), ""^,"", """")"),"AAC,ACC,Big 12,Big Ten,CUSA,MAC,MWC,Pac12,SEC,Sun Belt,zIndependent,") -> AAC,ACC,Big 12,Big Ten,CUSA,MAC,MWC,Pac12,SEC,Sun Belt,zIndependent, | AQ9: =IFERROR(__xludf.DUMMYFUNCTION("iferror($Q9-max(filter($Q9:$Q$400,arrayformula(isnumber(FIND($E9:$E$400,AP9))))))"),-4.0) -> -4 | AR9: {=countifs($Q$2:$Q8,"<"&$Q9,isnumber(FIND($E$2:$E8,AP9)),TRUE)} -> 2 | AS9: =IFERROR(__xludf.DUMMYFUNCTION("iferror(COUNT(filter($Q10:$Q$400,$Q10:$Q$400>$Q9,arrayformula(isnumber(FIND($E10:$E$400,AP9))))))"),28.0) -> 28 | AT9: =if(AQ9=0,1,0) -> 0 | AU9: =IFERROR(__xludf.DUMMYFUNCTION("iferror($Q9-min(filter($Q9:$Q$400,arrayformula(isnumber(FIND($E9:$E$400,AP9))))))"),8.0) -> 8 | AV9: =IFERROR(__xludf.DUMMYFUNCTION("iferror(join("","",index(sort(filter($F10:$F$400,$Q10:$Q$400>$Q9,arrayformula(isnumber(FIND($E10:$E$400,AP9)))),2,false),0,1)))"),"James Madison,Tulane,Texas,Miami,Georgia,Navy,Michigan,Alabama,Utah,Texas Tech,USC,Indiana,Ole Miss,North Texas,South Florida,BYU,Texas A&M,Georgia Tech,Oklahoma,Old Dominion,UConn,Houston,San Diego State,Virginia,Vanderbilt,New Mexico,Kennesaw State,Ariz"&"ona") -> James Madison,Tulane,Texas,Miami,Georgia,Navy,Michigan,Alabama,Utah,Texas Tech,USC,Indiana,Ole Miss,North Texas,South Florida,BYU,Texas A&M,Georgia Tech,Oklahoma,Old Dominion,UConn,Houston,San Diego State,Virginia,Vanderbilt,New Mexico,Kennesaw State,Arizona | AW9: =IFERROR(__xludf.DUMMYFUNCTION("isnumber(find(""wild card"",join("","",filter($G$1:$G8,$D$1:$D8=D9))))"),FALSE) -> FALSE | AX9: =IFERROR(__xludf.DUMMYFUNCTION("join("","",let(confs,unique(TRANSPOSe(Teams!$1:$1)), confs_count, BYROW(confs,lambda(conf,xlookup(conf,'Conf WC Eligibility'!A:A,'Conf WC Eligibility'!C:C,,))),confs_picked,byrow(confs,lambda(conf,countif(E$1:E8,conf))),p_needs_conf_count,byrow(confs,lamb"&"da(conf,counta('Draft Order'!B$2:B622)-COUNTUNIQUE(filter(D$2:D8,E$2:E8=conf)))),query({confs,confs_count,confs_picked,p_needs_conf_count},""select Col1 where Col2 =2 or Col2-Col3 >Col4"")))"),"AAC,ACC,Big 12,Big Ten,MAC,Pac12,SEC,Sun Belt,zIndependent") -> AAC,ACC,Big 12,Big Ten,MAC,Pac12,SEC,Sun Belt,zIndependent
A10: 9 | B10: 1 | C10: 9 | D10: Brad | E10: =if(F10<>"",VLOOKUP(F10,offset('Teams-Conference'!A:B,0,(counta('Draft Order'!B$2:B622)-10)*2),2,0),"") -> MAC | F10: Toledo | G10: =if(F10="","",let(wc_check,or(COUNTIFS(E$1:E10,"="&E10,D$1:D10,"="&D10)>1,E10="zIndependent"),let(error_text, if(F9="","ERROR: Previous pick is blank. ","")&if(match(F10,F:F,0)<ROW(F10),"ERROR: Team already selected in row " & ROW(F10)&". ","")&if(and(wc_check,countIFS(G$1:G9,"This is your wild card pick",D$1:D9,"="&D10)>0),"ERROR: Player picked from this conference more than once and already made their wild card pick. ","")&if(and(wc_check,not(P10)),"ERROR: This conference is not eligible for a wild card pick.",""),if(error_text="",if(wc_check,"This is your wild card pick","Regular Pick"),error_text)))) -> Regular Pick | H10: =countif(E11:E19,E10) -> 1 | I10: =countif(E11:E30,E10) -> 1 | L10: 8 | M10: =IFERROR(__xludf.DUMMYFUNCTION("counta(iferror(filter(L$2:L10,E$2:E10=E10,L$2:L10<L10)))"),0.0) -> 0 | N10: =IFERROR(__xludf.DUMMYFUNCTION("counta(iferror(filter(L11:L$121,E11:E$121=E10,L11:L$624>L10)))"),0.0) -> 0 | P10: =IFERROR(__xludf.DUMMYFUNCTION("if(F10="""","""",let(wc_picked, countifs(E$1:E9,E10,G$1:G9,""This is your wild card pick""), let(spots_filled,counta(unique(filter(D$2:E10,E$2:E10=E10)))/2,let(total,VLOOKUP(E10,'Conf WC Eligibility'!A:C,3,0),if(E10=""zIndependent"", TRUE,total-wc_picked>"&"12)))))"),TRUE) -> TRUE | Q10: {=XLOOKUP(F10,'Current Week'!C:C,'Current Week'!D:O)} -> 8 | R10: 4 | S10: Toledo 21 Central Michigan 3 | T10: FINAL | U10: Nico | X10: -11.5 | Z10: 44.5 | AA10: 379 | AB10: 146 | AC10: TRUE | AD10: =$Q10-max($Q10:$Q$400) -> -4 | AE10: =countif($Q9:$Q$2,"<"&$Q10) -> 2 | AF10: =IFERROR(__xludf.DUMMYFUNCTION("iferror(COUNT(filter($Q11:$Q$400,$Q11:$Q$400>$Q10)))"),28.0) -> 28 | AG10: =if(AD10=0,1,0) -> 0 | AH10: =$Q10-min($Q$2:$Q10) -> 4 | AI10: =IFERROR(__xludf.DUMMYFUNCTION("iferror(join("","",index(sort(filter($F11:$F$401,$Q11:$Q$401>$Q10),2,false),0,1)))"),"James Madison,Tulane,Texas,Miami,Georgia,Navy,Michigan,Alabama,Utah,Texas Tech,USC,Indiana,Ole Miss,North Texas,South Florida,BYU,Texas A&M,Georgia Tech,Oklahoma,Old Dominion,UConn,Houston,San Diego State,Virginia,Vanderbilt,New Mexico,Kennesaw State,Ariz"&"ona") -> James Madison,Tulane,Texas,Miami,Georgia,Navy,Michigan,Alabama,Utah,Texas Tech,USC,Indiana,Ole Miss,North Texas,South Florida,BYU,Texas A&M,Georgia Tech,Oklahoma,Old Dominion,UConn,Houston,San Diego State,Virginia,Vanderbilt,New Mexico,Kennesaw State,Arizona | AJ10: =IFERROR(__xludf.DUMMYFUNCTION("iferror($Q10-max(filter($Q10:$Q$400,$E10:$E$400=$E$2)))"),-4.0) -> -4 | AK10: =countifs($Q9:$Q$2,"<"&$Q10,$E9:$E$2,$E$2) -> 1 | AL10: =IFERROR(__xludf.DUMMYFUNCTION("iferror(COUNT(filter($Q11:$Q$400,$Q11:$Q$400>$Q10,$E10:$E$400=$E$2)))"),0.0) -> 0 | AM10: =if(AJ10=0,1,0) -> 0 | AN10: =IFERROR(__xludf.DUMMYFUNCTION("iferror($Q10-min(filter($Q10:$Q$400,$E10:$E$400=$E$2)))"),6.0) -> 6 | AO10: =IFERROR(__xludf.DUMMYFUNCTION("iferror(join("","",index(sort(filter($F11:$F$400,$Q11:$Q$400>$Q10,$E11:$E$400=$E$2),2,false),0,1)))"),"Michigan,USC,Indiana") -> Michigan,USC,Indiana | AP10: =IFERROR(__xludf.DUMMYFUNCTION("REGEXREPLACE(join("","",unique({let(conf_picked,filter(E$1:E9,D$1:D9=D10), byrow(unique(TRANSPOSe(Teams!$1:$1)),lambda(rw,if(ISERROR(match(rw,conf_picked,0)),rw,))));if(AW10,,transpose(split(AX10,"","",1,1)))})), ""^,"", """")"),"AAC,ACC,Big 12,Big Ten,CUSA,MAC,MWC,Pac12,SEC,Sun Belt,zIndependent,") -> AAC,ACC,Big 12,Big Ten,CUSA,MAC,MWC,Pac12,SEC,Sun Belt,zIndependent, | AQ10: =IFERROR(__xludf.DUMMYFUNCTION("iferror($Q10-max(filter($Q10:$Q$400,arrayformula(isnumber(FIND($E10:$E$400,AP10))))))"),-4.0) -> -4 | AR10: {=countifs($Q$2:$Q9,"<"&$Q10,isnumber(FIND($E$2:$E9,AP10)),TRUE)} -> 2 | AS10: =IFERROR(__xludf.DUMMYFUNCTION("iferror(COUNT(filter($Q11:$Q$400,$Q11:$Q$400>$Q10,arrayformula(isnumber(FIND($E11:$E$400,AP10))))))"),28.0) -> 28 | AT10: =if(AQ10=0,1,0) -> 0 | AU10: =IFERROR(__xludf.DUMMYFUNCTION("iferror($Q10-min(filter($Q10:$Q$400,arrayformula(isnumber(FIND($E10:$E$400,AP10))))))"),8.0) -> 8 | AV10: =IFERROR(__xludf.DUMMYFUNCTION("iferror(join("","",index(sort(filter($F11:$F$400,$Q11:$Q$400>$Q10,arrayformula(isnumber(FIND($E11:$E$400,AP10)))),2,false),0,1)))"),"James Madison,Tulane,Texas,Miami,Georgia,Navy,Michigan,Alabama,Utah,Texas Tech,USC,Indiana,Ole Miss,North Texas,South Florida,BYU,Texas A&M,Georgia Tech,Oklahoma,Old Dominion,UConn,Houston,San Diego State,Virginia,Vanderbilt,New Mexico,Kennesaw State,Ariz"&"ona") -> James Madison,Tulane,Texas,Miami,Georgia,Navy,Michigan,Alabama,Utah,Texas Tech,USC,Indiana,Ole Miss,North Texas,South Florida,BYU,Texas A&M,Georgia Tech,Oklahoma,Old Dominion,UConn,Houston,San Diego State,Virginia,Vanderbilt,New Mexico,Kennesaw State,Arizona | AW10: =IFERROR(__xludf.DUMMYFUNCTION("isnumber(find(""wild card"",join("","",filter($G$1:$G9,$D$1:$D9=D10))))"),FALSE) -> FALSE | AX10: =IFERROR(__xludf.DUMMYFUNCTION("join("","",let(confs,unique(TRANSPOSe(Teams!$1:$1)), confs_count, BYROW(confs,lambda(conf,xlookup(conf,'Conf WC Eligibility'!A:A,'Conf WC Eligibility'!C:C,,))),confs_picked,byrow(confs,lambda(conf,countif(E$1:E9,conf))),p_needs_conf_count,byrow(confs,lamb"&"da(conf,counta('Draft Order'!B$2:B622)-COUNTUNIQUE(filter(D$2:D9,E$2:E9=conf)))),query({confs,confs_count,confs_picked,p_needs_conf_count},""select Col1 where Col2 =2 or Col2-Col3 >Col4"")))"),"AAC,ACC,Big 12,Big Ten,MAC,Pac12,SEC,Sun Belt,zIndependent") -> AAC,ACC,Big 12,Big Ten,MAC,Pac12,SEC,Sun Belt,zIndependent
A11: 10 | B11: 1 | C11: 10 | D11: Masa | E11: =if(F11<>"",VLOOKUP(F11,offset('Teams-Conference'!A:B,0,(counta('Draft Order'!B$2:B622)-10)*2),2,0),"") -> ACC | F11: Clemson | G11: =if(F11="","",let(wc_check,or(COUNTIFS(E$1:E11,"="&E11,D$1:D11,"="&D11)>1,E11="zIndependent"),let(error_text, if(F10="","ERROR: Previous pick is blank. ","")&if(match(F11,F:F,0)<ROW(F11),"ERROR: Team already selected in row " & ROW(F11)&". ","")&if(and(wc_check,countIFS(G$1:G10,"This is your wild card pick",D$1:D10,"="&D11)>0),"ERROR: Player picked from this conference more than once and already made their wild card pick. ","")&if(and(wc_check,not(P11)),"ERROR: This conference is not eligible for a wild card pick.",""),if(error_text="",if(wc_check,"This is your wild card pick","Regular Pick"),error_text)))) -> Regular Pick | H11: =countif(E12:E20,E11) -> 1 | I11: =countif(E12:E31,E11) -> 2 | L11: 7 | M11: =IFERROR(__xludf.DUMMYFUNCTION("counta(iferror(filter(L$2:L10,E$2:E10=E11,L$2:L10<L11)))"),0.0) -> 0 | N11: =IFERROR(__xludf.DUMMYFUNCTION("counta(iferror(filter(L12:L$121,E12:E$121=E11,L12:L$624>L11)))"),0.0) -> 0 | P11: =IFERROR(__xludf.DUMMYFUNCTION("if(F11="""","""",let(wc_picked, countifs(E$1:E10,E11,G$1:G10,""This is your wild card pick""), let(spots_filled,counta(unique(filter(D$2:E11,E$2:E11=E11)))/2,let(total,VLOOKUP(E11,'Conf WC Eligibility'!A:C,3,0),if(E11=""zIndependent"", TRUE,total-wc_picke"&"d>12)))))"),TRUE) -> TRUE | Q11: {=XLOOKUP(F11,'Current Week'!C:C,'Current Week'!D:O)} -> 7 | R11: 5 | S11: Clemson 28 South Carolina 14 | T11: FINAL | U11: Nico | X11: 3 | Z11: 46.5 | AA11: 344 | AB11: 245 | AC11: TRUE | AD11: =$Q11-max($Q11:$Q$400) -> -5 | AE11: =countif($Q10:$Q$2,"<"&$Q11) -> 2 | AF11: =IFERROR(__xludf.DUMMYFUNCTION("iferror(COUNT(filter($Q12:$Q$400,$Q12:$Q$400>$Q11)))"),47.0) -> 47 | AG11: =if(AD11=0,1,0) -> 0 | AH11: =$Q11-min($Q$2:$Q11) -> 3 | AI11: =IFERROR(__xludf.DUMMYFUNCTION("iferror(join("","",index(sort(filter($F12:$F$401,$Q12:$Q$401>$Q11),2,false),0,1)))"),"James Madison,Tulane,Texas,Western Kentucky,Miami,Georgia,Navy,Michigan,SMU,Alabama,Utah,Arizona State,Texas Tech,USC,Illinois,Indiana,Louisville,Fresno State,Ole Miss,North Texas,South Florida,BYU,Tennessee,East Carolina,Washington,Texas A&M,Jacksonville"&" State,Georgia Tech,Western Michigan,Iowa,Missouri,Hawaii,Iowa State,Oklahoma,TCU,Old Dominion,Troy,UConn,Houston,San Diego State,Virginia,Pittsburgh,Vanderbilt,New Mexico,Kennesaw State,Wake Forest,Arizona") -> James Madison,Tulane,Texas,Western Kentucky,Miami,Georgia,Navy,Michigan,SMU,Alabama,Utah,Arizona State,Texas Tech,USC,Illinois,Indiana,Louisville,Fresno State,Ole Miss,North Texas,South Florida,BYU,Tennessee,East Carolina,Washington,Texas A&M,Jacksonville State,Georgia Tech,Western Michigan,Iowa,Missouri,Hawaii,Iowa State,Oklahoma,TCU,Old Dominion,Troy,UConn,Houston,San Diego State,Virginia,Pittsburgh,Vanderbilt,New Mexico,Kennesaw State,Wake Forest,Arizona | AJ11: =IFERROR(__xludf.DUMMYFUNCTION("iferror($Q11-max(filter($Q11:$Q$400,$E11:$E$400=$E$2)))"),-5.0) -> -5 | AK11: =countifs($Q10:$Q$2,"<"&$Q11,$E10:$E$2,$E$2) -> 1 | AL11: =IFERROR(__xludf.DUMMYFUNCTION("iferror(COUNT(filter($Q12:$Q$400,$Q12:$Q$400>$Q11,$E11:$E$400=$E$2)))"),0.0) -> 0 | AM11: =if(AJ11=0,1,0) -> 0 | AN11: =IFERROR(__xludf.DUMMYFUNCTION("iferror($Q11-min(filter($Q11:$Q$400,$E11:$E$400=$E$2)))"),5.0) -> 5 | AO11: =IFERROR(__xludf.DUMMYFUNCTION("iferror(join("","",index(sort(filter($F12:$F$400,$Q12:$Q$400>$Q11,$E12:$E$400=$E$2),2,false),0,1)))"),"Michigan,USC,Illinois,Indiana,Washington,Iowa") -> Michigan,USC,Illinois,Indiana,Washington,Iowa | AP11: =IFERROR(__xludf.DUMMYFUNCTION("REGEXREPLACE(join("","",unique({let(conf_picked,filter(E$1:E10,D$1:D10=D11), byrow(unique(TRANSPOSe(Teams!$1:$1)),lambda(rw,if(ISERROR(match(rw,conf_picked,0)),rw,))));if(AW11,,transpose(split(AX11,"","",1,1)))})), ""^,"", """")"),"AAC,ACC,Big 12,Big Ten,CUSA,MAC,MWC,Pac12,SEC,Sun Belt,zIndependent,") -> AAC,ACC,Big 12,Big Ten,CUSA,MAC,MWC,Pac12,SEC,Sun Belt,zIndependent, | AQ11: =IFERROR(__xludf.DUMMYFUNCTION("iferror($Q11-max(filter($Q11:$Q$400,arrayformula(isnumber(FIND($E11:$E$400,AP11))))))"),-5.0) -> -5 | AR11: {=countifs($Q$2:$Q10,"<"&$Q11,isnumber(FIND($E$2:$E10,AP11)),TRUE)} -> 2 | AS11: =IFERROR(__xludf.DUMMYFUNCTION("iferror(COUNT(filter($Q12:$Q$400,$Q12:$Q$400>$Q11,arrayformula(isnumber(FIND($E12:$E$400,AP11))))))"),47.0) -> 47 | AT11: =if(AQ11=0,1,0) -> 0 | AU11: =IFERROR(__xludf.DUMMYFUNCTION("iferror($Q11-min(filter($Q11:$Q$400,arrayformula(isnumber(FIND($E11:$E$400,AP11))))))"),7.0) -> 7 | AV11: =IFERROR(__xludf.DUMMYFUNCTION("iferror(join("","",index(sort(filter($F12:$F$400,$Q12:$Q$400>$Q11,arrayformula(isnumber(FIND($E12:$E$400,AP11)))),2,false),0,1)))"),"James Madison,Tulane,Texas,Western Kentucky,Miami,Georgia,Navy,Michigan,SMU,Alabama,Utah,Arizona State,Texas Tech,USC,Illinois,Indiana,Louisville,Fresno State,Ole Miss,North Texas,South Florida,BYU,Tennessee,East Carolina,Washington,Texas A&M,Jacksonville"&" State,Georgia Tech,Western Michigan,Iowa,Missouri,Hawaii,Iowa State,Oklahoma,TCU,Old Dominion,Troy,UConn,Houston,San Diego State,Virginia,Pittsburgh,Vanderbilt,New Mexico,Kennesaw State,Wake Forest,Arizona") -> James Madison,Tulane,Texas,Western Kentucky,Miami,Georgia,Navy,Michigan,SMU,Alabama,Utah,Arizona State,Texas Tech,USC,Illinois,Indiana,Louisville,Fresno State,Ole Miss,North Texas,South Florida,BYU,Tennessee,East Carolina,Washington,Texas A&M,Jacksonville State,Georgia Tech,Western Michigan,Iowa,Missouri,Hawaii,Iowa State,Oklahoma,TCU,Old Dominion,Troy,UConn,Houston,San Diego State,Virginia,Pittsburgh,Vanderbilt,New Mexico,Kennesaw State,Wake Forest,Arizona | AW11: =IFERROR(__xludf.DUMMYFUNCTION("isnumber(find(""wild card"",join("","",filter($G$1:$G10,$D$1:$D10=D11))))"),FALSE) -> FALSE | AX11: =IFERROR(__xludf.DUMMYFUNCTION("join("","",let(confs,unique(TRANSPOSe(Teams!$1:$1)), confs_count, BYROW(confs,lambda(conf,xlookup(conf,'Conf WC Eligibility'!A:A,'Conf WC Eligibility'!C:C,,))),confs_picked,byrow(confs,lambda(conf,countif(E$1:E10,conf))),p_needs_conf_count,byrow(confs,lam"&"bda(conf,counta('Draft Order'!B$2:B622)-COUNTUNIQUE(filter(D$2:D10,E$2:E10=conf)))),query({confs,confs_count,confs_picked,p_needs_conf_count},""select Col1 where Col2 =2 or Col2-Col3 >Col4"")))"),"AAC,ACC,Big 12,Big Ten,MAC,Pac12,SEC,Sun Belt,zIndependent") -> AAC,ACC,Big 12,Big Ten,MAC,Pac12,SEC,Sun Belt,zIndependent
A12: 11 | B12: 1 | C12: 11 | D12: Dan | E12: =if(F12<>"",VLOOKUP(F12,offset('Teams-Conference'!A:B,0,(counta('Draft Order'!B$2:B622)-10)*2),2,0),"") -> Sun Belt | F12: James Madison | G12: =if(F12="","",let(wc_check,or(COUNTIFS(E$1:E12,"="&E12,D$1:D12,"="&D12)>1,E12="zIndependent"),let(error_text, if(F11="","ERROR: Previous pick is blank. ","")&if(match(F12,F:F,0)<ROW(F12),"ERROR: Team already selected in row " & ROW(F12)&". ","")&if(and(wc_check,countIFS(G$1:G11,"This is your wild card pick",D$1:D11,"="&D12)>0),"ERROR: Player picked from this conference more than once and already made their wild card pick. ","")&if(and(wc_check,not(P12)),"ERROR: This conference is not eligible for a wild card pick.",""),if(error_text="",if(wc_check,"This is your wild card pick","Regular Pick"),error_text)))) -> Regular Pick | H12: =countif(E13:E21,E12) -> 0 | I12: =countif(E13:E32,E12) -> 2 | J12: =countif(E2:E11,E12) -> 0 | L12: 11 | M12: =IFERROR(__xludf.DUMMYFUNCTION("counta(iferror(filter(L$2:L11,E$2:E11=E12,L$2:L11<L12)))"),0.0) -> 0 | N12: =IFERROR(__xludf.DUMMYFUNCTION("counta(iferror(filter(L13:L$121,E13:E$121=E12,L13:L$624>L12)))"),0.0) -> 0 | P12: =IFERROR(__xludf.DUMMYFUNCTION("if(F12="""","""",let(wc_picked, countifs(E$1:E11,E12,G$1:G11,""This is your wild card pick""), let(spots_filled,counta(unique(filter(D$2:E12,E$2:E12=E12)))/2,let(total,VLOOKUP(E12,'Conf WC Eligibility'!A:C,3,0),if(E12=""zIndependent"", TRUE,total-wc_picke"&"d>12)))))"),TRUE) -> TRUE | Q12: {=XLOOKUP(F12,'Current Week'!C:C,'Current Week'!D:O)} -> 11 | R12: 1 | S12: (21) James Madison 59 Coastal Carolina 10 | T12: FINAL | U12: Brad | X12: -21.5 | Z12: 53.5 | AA12: 454 | AB12: 192 | AC12: TRUE | AD12: =$Q12-max($Q12:$Q$400) -> -1 | AE12: =countif($Q11:$Q$2,"<"&$Q12) -> 8 | AF12: =IFERROR(__xludf.DUMMYFUNCTION("iferror(COUNT(filter($Q13:$Q$400,$Q13:$Q$400>$Q12)))"),1.0) -> 1 | AG12: =if(AD12=0,1,0) -> 0 | AH12: =$Q12-min($Q$2:$Q12) -> 7 | AI12: =IFERROR(__xludf.DUMMYFUNCTION("iferror(join("","",index(sort(filter($F13:$F$401,$Q13:$Q$401>$Q12),2,false),0,1)))"),"Indiana") -> Indiana | AJ12: =IFERROR(__xludf.DUMMYFUNCTION("iferror($Q12-max(filter($Q12:$Q$400,$E12:$E$400=$E$2)))"),-1.0) -> -1 | AK12: =countifs($Q11:$Q$2,"<"&$Q12,$E11:$E$2,$E$2) -> 1 | AL12: =IFERROR(__xludf.DUMMYFUNCTION("iferror(COUNT(filter($Q13:$Q$400,$Q13:$Q$400>$Q12,$E12:$E$400=$E$2)))"),0.0) -> 0 | AM12: =if(AJ12=0,1,0) -> 0 | AN12: =IFERROR(__xludf.DUMMYFUNCTION("iferror($Q12-min(filter($Q12:$Q$400,$E12:$E$400=$E$2)))"),9.0) -> 9 | AO12: =IFERROR(__xludf.DUMMYFUNCTION("iferror(join("","",index(sort(filter($F13:$F$400,$Q13:$Q$400>$Q12,$E13:$E$400=$E$2),2,false),0,1)))"),"Indiana") -> Indiana | AP12: =IFERROR(__xludf.DUMMYFUNCTION("REGEXREPLACE(join("","",unique({let(conf_picked,filter(E$1:E11,D$1:D11=D12), byrow(unique(TRANSPOSe(Teams!$1:$1)),lambda(rw,if(ISERROR(match(rw,conf_picked,0)),rw,))));if(AW12,,transpose(split(AX12,"","",1,1)))})), ""^,"", """")"),"AAC,ACC,Big 12,Big Ten,CUSA,MAC,MWC,Pac12,SEC,Sun Belt,zIndependent,") -> AAC,ACC,Big 12,Big Ten,CUSA,MAC,MWC,Pac12,SEC,Sun Belt,zIndependent, | AQ12: =IFERROR(__xludf.DUMMYFUNCTION("iferror($Q12-max(filter($Q12:$Q$400,arrayformula(isnumber(FIND($E12:$E$400,AP12))))))"),-1.0) -> -1 | AR12: {=countifs($Q$2:$Q11,"<"&$Q12,isnumber(FIND($E$2:$E11,AP12)),TRUE)} -> 8 | AS12: =IFERROR(__xludf.DUMMYFUNCTION("iferror(COUNT(filter($Q13:$Q$400,$Q13:$Q$400>$Q12,arrayformula(isnumber(FIND($E13:$E$400,AP12))))))"),1.0) -> 1 | AT12: =if(AQ12=0,1,0) -> 0 | AU12: =IFERROR(__xludf.DUMMYFUNCTION("iferror($Q12-min(filter($Q12:$Q$400,arrayformula(isnumber(FIND($E12:$E$400,AP12))))))"),11.0) -> 11 | AV12: =IFERROR(__xludf.DUMMYFUNCTION("iferror(join("","",index(sort(filter($F13:$F$400,$Q13:$Q$400>$Q12,arrayformula(isnumber(FIND($E13:$E$400,AP12)))),2,false),0,1)))"),"Indiana") -> Indiana | AW12: =IFERROR(__xludf.DUMMYFUNCTION("isnumber(find(""wild card"",join("","",filter($G$1:$G11,$D$1:$D11=D12))))"),FALSE) -> FALSE | AX12: =IFERROR(__xludf.DUMMYFUNCTION("join("","",let(confs,unique(TRANSPOSe(Teams!$1:$1)), confs_count, BYROW(confs,lambda(conf,xlookup(conf,'Conf WC Eligibility'!A:A,'Conf WC Eligibility'!C:C,,))),confs_picked,byrow(confs,lambda(conf,countif(E$1:E11,conf))),p_needs_conf_count,byrow(confs,lam"&"bda(conf,counta('Draft Order'!B$2:B622)-COUNTUNIQUE(filter(D$2:D11,E$2:E11=conf)))),query({confs,confs_count,confs_picked,p_needs_conf_count},""select Col1 where Col2 =2 or Col2-Col3 >Col4"")))"),"AAC,ACC,Big 12,Big Ten,MAC,Pac12,SEC,Sun Belt,zIndependent") -> AAC,ACC,Big 12,Big Ten,MAC,Pac12,SEC,Sun Belt,zIndependent
A13: 12 | B13: 1 | C13: 12 | D13: Nico | E13: =if(F13<>"",VLOOKUP(F13,offset('Teams-Conference'!A:B,0,(counta('Draft Order'!B$2:B622)-10)*2),2,0),"") -> AAC | F13: Tulane | G13: =if(F13="","",let(wc_check,or(COUNTIFS(E$1:E13,"="&E13,D$1:D13,"="&D13)>1,E13="zIndependent"),let(error_text, if(F12="","ERROR: Previous pick is blank. ","")&if(match(F13,F:F,0)<ROW(F13),"ERROR: Team already selected in row " & ROW(F13)&". ","")&if(and(wc_check,countIFS(G$1:G12,"This is your wild card pick",D$1:D12,"="&D13)>0),"ERROR: Player picked from this conference more than once and already made their wild card pick. ","")&if(and(wc_check,not(P13)),"ERROR: This conference is not eligible for a wild card pick.",""),if(error_text="",if(wc_check,"This is your wild card pick","Regular Pick"),error_text)))) -> Regular Pick | H13: =countif(E14:E22,E13) -> 1 | I13: =countif(E14:E33,E13) -> 2 | J13: =countif(E3:E12,E13) -> 1 | L13: 10 | M13: =IFERROR(__xludf.DUMMYFUNCTION("counta(iferror(filter(L$2:L12,E$2:E12=E13,L$2:L12<L13)))"),1.0) -> 1 | N13: =IFERROR(__xludf.DUMMYFUNCTION("counta(iferror(filter(L14:L$121,E14:E$121=E13,L14:L$624>L13)))"),0.0) -> 0 | P13: =IFERROR(__xludf.DUMMYFUNCTION("if(F13="""","""",let(wc_picked, countifs(E$1:E12,E13,G$1:G12,""This is your wild card pick""), let(spots_filled,counta(unique(filter(D$2:E13,E$2:E13=E13)))/2,let(total,VLOOKUP(E13,'Conf WC Eligibility'!A:C,3,0),if(E13=""zIndependent"", TRUE,total-wc_picke"&"d>12)))))"),TRUE) -> TRUE | Q13: {=XLOOKUP(F13,'Current Week'!C:C,'Current Week'!D:O)} -> 10 | R13: 2 | S13: Charlotte 0 (23) Tulane 27 | T13: FINAL | U13: Masa | X13: -30.5 | Z13: 52.5 | AA13: 344 | AB13: 273 | AC13: TRUE | AD13: =$Q13-max($Q13:$Q$400) -> -2 | AE13: =countif($Q12:$Q$2,"<"&$Q13) -> 6 | AF13: =IFERROR(__xludf.DUMMYFUNCTION("iferror(COUNT(filter($Q14:$Q$400,$Q14:$Q$400>$Q13)))"),7.0) -> 7 | AG13: =if(AD13=0,1,0) -> 0 | AH13: =$Q13-min($Q$2:$Q13) -> 6 | AI13: =IFERROR(__xludf.DUMMYFUNCTION("iferror(join("","",index(sort(filter($F14:$F$401,$Q14:$Q$401>$Q13),2,false),0,1)))"),"Georgia,Texas Tech,Indiana,Ole Miss,North Texas,BYU,Texas A&M") -> Georgia,Texas Tech,Indiana,Ole Miss,North Texas,BYU,Texas A&M | AJ13: =IFERROR(__xludf.DUMMYFUNCTION("iferror($Q13-max(filter($Q13:$Q$400,$E13:$E$400=$E$2)))"),-2.0) -> -2 | AK13: =countifs($Q12:$Q$2,"<"&$Q13,$E12:$E$2,$E$2) -> 1 | AL13: =IFERROR(__xludf.DUMMYFUNCTION("iferror(COUNT(filter($Q14:$Q$400,$Q14:$Q$400>$Q13,$E13:$E$400=$E$2)))"),0.0) -> 0 | AM13: =if(AJ13=0,1,0) -> 0 | AN13: =IFERROR(__xludf.DUMMYFUNCTION("iferror($Q13-min(filter($Q13:$Q$400,$E13:$E$400=$E$2)))"),8.0) -> 8 | AO13: =IFERROR(__xludf.DUMMYFUNCTION("iferror(join("","",index(sort(filter($F14:$F$400,$Q14:$Q$400>$Q13,$E14:$E$400=$E$2),2,false),0,1)))"),"Indiana") -> Indiana | AP13: =IFERROR(__xludf.DUMMYFUNCTION("REGEXREPLACE(join("","",unique({let(conf_picked,filter(E$1:E12,D$1:D12=D13), byrow(unique(TRANSPOSe(Teams!$1:$1)),lambda(rw,if(ISERROR(match(rw,conf_picked,0)),rw,))));if(AW13,,transpose(split(AX13,"","",1,1)))})), ""^,"", """")"),"AAC,ACC,Big 12,Big Ten,CUSA,MAC,MWC,Pac12,SEC,Sun Belt,zIndependent,") -> AAC,ACC,Big 12,Big Ten,CUSA,MAC,MWC,Pac12,SEC,Sun Belt,zIndependent, | AQ13: =IFERROR(__xludf.DUMMYFUNCTION("iferror($Q13-max(filter($Q13:$Q$400,arrayformula(isnumber(FIND($E13:$E$400,AP13))))))"),-2.0) -> -2 | AR13: {=countifs($Q$2:$Q12,"<"&$Q13,isnumber(FIND($E$2:$E12,AP13)),TRUE)} -> 6 | AS13: =IFERROR(__xludf.DUMMYFUNCTION("iferror(COUNT(filter($Q14:$Q$400,$Q14:$Q$400>$Q13,arrayformula(isnumber(FIND($E14:$E$400,AP13))))))"),7.0) -> 7 | AT13: =if(AQ13=0,1,0) -> 0 | AU13: =IFERROR(__xludf.DUMMYFUNCTION("iferror($Q13-min(filter($Q13:$Q$400,arrayformula(isnumber(FIND($E13:$E$400,AP13))))))"),10.0) -> 10 | AV13: =IFERROR(__xludf.DUMMYFUNCTION("iferror(join("","",index(sort(filter($F14:$F$400,$Q14:$Q$400>$Q13,arrayformula(isnumber(FIND($E14:$E$400,AP13)))),2,false),0,1)))"),"Georgia,Texas Tech,Indiana,Ole Miss,North Texas,BYU,Texas A&M") -> Georgia,Texas Tech,Indiana,Ole Miss,North Texas,BYU,Texas A&M | AW13: =IFERROR(__xludf.DUMMYFUNCTION("isnumber(find(""wild card"",join("","",filter($G$1:$G12,$D$1:$D12=D13))))"),FALSE) -> FALSE | AX13: =IFERROR(__xludf.DUMMYFUNCTION("join("","",let(confs,unique(TRANSPOSe(Teams!$1:$1)), confs_count, BYROW(confs,lambda(conf,xlookup(conf,'Conf WC Eligibility'!A:A,'Conf WC Eligibility'!C:C,,))),confs_picked,byrow(confs,lambda(conf,countif(E$1:E12,conf))),p_needs_conf_count,byrow(confs,lam"&"bda(conf,counta('Draft Order'!B$2:B622)-COUNTUNIQUE(filter(D$2:D12,E$2:E12=conf)))),query({confs,confs_count,confs_picked,p_needs_conf_count},""select Col1 where Col2 =2 or Col2-Col3 >Col4"")))"),"AAC,ACC,Big 12,Big Ten,MAC,Pac12,SEC,Sun Belt,zIndependent") -> AAC,ACC,Big 12,Big Ten,MAC,Pac12,SEC,Sun Belt,zIndependent
A14: 13 | B14: 2 | C14: 1 | D14: {=index(sort('Draft Order'!$A$2:$B$13,1,0),0,2)} -> Nico | E14: =if(F14<>"",VLOOKUP(F14,offset('Teams-Conference'!A:B,0,(counta('Draft Order'!B$2:B622)-10)*2),2,0),"") -> SEC | F14: Texas | G14: =if(F14="","",let(wc_check,or(COUNTIFS(E$1:E14,"="&E14,D$1:D14,"="&D14)>1,E14="zIndependent"),let(error_text, if(F13="","ERROR: Previous pick is blank. ","")&if(match(F14,F:F,0)<ROW(F14),"ERROR: Team already selected in row " & ROW(F14)&". ","")&if(and(wc_check,countIFS(G$1:G13,"This is your wild card pick",D$1:D13,"="&D14)>0),"ERROR: Player picked from this conference more than once and already made their wild card pick. ","")&if(and(wc_check,not(P14)),"ERROR: This conference is not eligible for a wild card pick.",""),if(error_text="",if(wc_check,"This is your wild card pick","Regular Pick"),error_text)))) -> Regular Pick | H14: =countif(E15:E24,E14) -> 2 | I14: =countif(E15:E35,E14) -> 2 | J14: =countif(E5:E13,E14) -> 0 | L14: 9 | M14: =IFERROR(__xludf.DUMMYFUNCTION("counta(iferror(filter(L$2:L13,E$2:E13=E14,L$2:L13<L14)))"),0.0) -> 0 | N14: =IFERROR(__xludf.DUMMYFUNCTION("counta(iferror(filter(L15:L$121,E15:E$121=E14,L15:L$624>L14)))"),0.0) -> 0 | P14: =IFERROR(__xludf.DUMMYFUNCTION("if(F14="""","""",let(wc_picked, countifs(E$1:E13,E14,G$1:G13,""This is your wild card pick""), let(spots_filled,counta(unique(filter(D$2:E14,E$2:E14=E14)))/2,let(total,VLOOKUP(E14,'Conf WC Eligibility'!A:C,3,0),if(E14=""zIndependent"", TRUE,total-wc_picke"&"d>12)))))"),TRUE) -> TRUE | Q14: {=XLOOKUP(F14,'Current Week'!C:C,'Current Week'!D:O)} -> 9 | R14: 3 | S14: (3) Texas A&M 17 (16) Texas 27 | T14: FINAL | U14: Mike | X14: 2.5 | Z14: 52.5 | AA14: 355 | AB14: 237 | AC14: TRUE | AD14: =$Q14-max($Q14:$Q$400) -> -3 | AE14: =countif($Q13:$Q$2,"<"&$Q14) -> 6 | AF14: =IFERROR(__xludf.DUMMYFUNCTION("iferror(COUNT(filter($Q15:$Q$400,$Q15:$Q$400>$Q14)))"),13.0) -> 13 | AG14: =if(AD14=0,1,0) -> 0 | AH14: =$Q14-min($Q$2:$Q14) -> 5 | AI14: =IFERROR(__xludf.DUMMYFUNCTION("iferror(join("","",index(sort(filter($F15:$F$401,$Q15:$Q$401>$Q14),2,false),0,1)))"),"Miami,Georgia,Alabama,Utah,Texas Tech,Indiana,Ole Miss,North Texas,BYU,Texas A&M,Oklahoma,Virginia,Vanderbilt") -> Miami,Georgia,Alabama,Utah,Texas Tech,Indiana,Ole Miss,North Texas,BYU,Texas A&M,Oklahoma,Virginia,Vanderbilt | AJ14: =IFERROR(__xludf.DUMMYFUNCTION("iferror($Q14-max(filter($Q14:$Q$400,$E14:$E$400=$E$2)))"),-3.0) -> -3 | AK14: =countifs($Q13:$Q$2,"<"&$Q14,$E13:$E$2,$E$2) -> 1 | AL14: =IFERROR(__xludf.DUMMYFUNCTION("iferror(COUNT(filter($Q15:$Q$400,$Q15:$Q$400>$Q14,$E14:$E$400=$E$2)))"),0.0) -> 0 | AM14: =if(AJ14=0,1,0) -> 0 | AN14: =IFERROR(__xludf.DUMMYFUNCTION("iferror($Q14-min(filter($Q14:$Q$400,$E14:$E$400=$E$2)))"),7.0) -> 7 | AO14: =IFERROR(__xludf.DUMMYFUNCTION("iferror(join("","",index(sort(filter($F15:$F$400,$Q15:$Q$400>$Q14,$E15:$E$400=$E$2),2,false),0,1)))"),"Indiana") -> Indiana | AP14: =IFERROR(__xludf.DUMMYFUNCTION("REGEXREPLACE(join("","",unique({let(conf_picked,filter(E$1:E13,D$1:D13=D14), byrow(unique(TRANSPOSe(Teams!$1:$1)),lambda(rw,if(ISERROR(match(rw,conf_picked,0)),rw,))));if(AW14,,transpose(split(AX14,"","",1,1)))})), ""^,"", """")"),"ACC,Big 12,Big Ten,CUSA,MAC,MWC,Pac12,SEC,Sun Belt,zIndependent,AAC") -> ACC,Big 12,Big Ten,CUSA,MAC,MWC,Pac12,SEC,Sun Belt,zIndependent,AAC | AQ14: =IFERROR(__xludf.DUMMYFUNCTION("iferror($Q14-max(filter($Q14:$Q$400,arrayformula(isnumber(FIND($E14:$E$400,AP14))))))"),-3.0) -> -3 | AR14: {=countifs($Q$2:$Q13,"<"&$Q14,isnumber(FIND($E$2:$E13,AP14)),TRUE)} -> 6 | AS14: =IFERROR(__xludf.DUMMYFUNCTION("iferror(COUNT(filter($Q15:$Q$400,$Q15:$Q$400>$Q14,arrayformula(isnumber(FIND($E15:$E$400,AP14))))))"),13.0) -> 13 | AT14: =if(AQ14=0,1,0) -> 0 | AU14: =IFERROR(__xludf.DUMMYFUNCTION("iferror($Q14-min(filter($Q14:$Q$400,arrayformula(isnumber(FIND($E14:$E$400,AP14))))))"),9.0) -> 9 | AV14: =IFERROR(__xludf.DUMMYFUNCTION("iferror(join("","",index(sort(filter($F15:$F$400,$Q15:$Q$400>$Q14,arrayformula(isnumber(FIND($E15:$E$400,AP14)))),2,false),0,1)))"),"Miami,Georgia,Alabama,Utah,Texas Tech,Indiana,Ole Miss,North Texas,BYU,Texas A&M,Oklahoma,Virginia,Vanderbilt") -> Miami,Georgia,Alabama,Utah,Texas Tech,Indiana,Ole Miss,North Texas,BYU,Texas A&M,Oklahoma,Virginia,Vanderbilt | AW14: =IFERROR(__xludf.DUMMYFUNCTION("isnumber(find(""wild card"",join("","",filter($G$1:$G13,$D$1:$D13=D14))))"),FALSE) -> FALSE | AX14: =IFERROR(__xludf.DUMMYFUNCTION("join("","",let(confs,unique(TRANSPOSe(Teams!$1:$1)), confs_count, BYROW(confs,lambda(conf,xlookup(conf,'Conf WC Eligibility'!A:A,'Conf WC Eligibility'!C:C,,))),confs_picked,byrow(confs,lambda(conf,countif(E$1:E13,conf))),p_needs_conf_count,byrow(confs,lam"&"bda(conf,counta('Draft Order'!B$2:B622)-COUNTUNIQUE(filter(D$2:D13,E$2:E13=conf)))),query({confs,confs_count,confs_picked,p_needs_conf_count},""select Col1 where Col2 =2 or Col2-Col3 >Col4"")))"),"AAC,ACC,Big 12,Big Ten,MAC,Pac12,SEC,Sun Belt,zIndependent") -> AAC,ACC,Big 12,Big Ten,MAC,Pac12,SEC,Sun Belt,zIndependent
A15: 14 | B15: 2 | C15: 2 | D15: Dan | E15: =if(F15<>"",VLOOKUP(F15,offset('Teams-Conference'!A:B,0,(counta('Draft Order'!B$2:B622)-10)*2),2,0),"") -> CUSA | F15: Western Kentucky | G15: =if(F15="","",let(wc_check,or(COUNTIFS(E$1:E15,"="&E15,D$1:D15,"="&D15)>1,E15="zIndependent"),let(error_text, if(F14="","ERROR: Previous pick is blank. ","")&if(match(F15,F:F,0)<ROW(F15),"ERROR: Team already selected in row " & ROW(F15)&". ","")&if(and(wc_check,countIFS(G$1:G14,"This is your wild card pick",D$1:D14,"="&D15)>0),"ERROR: Player picked from this conference more than once and already made their wild card pick. ","")&if(and(wc_check,not(P15)),"ERROR: This conference is not eligible for a wild card pick.",""),if(error_text="",if(wc_check,"This is your wild card pick","Regular Pick"),error_text)))) -> Regular Pick | H15: =countif(E16:E25,E15) -> 0 | I15: =countif(E16:E36,E15) -> 1 | J15: =countif(E6:E14,E15) -> 0 | L15: 8 | M15: =IFERROR(__xludf.DUMMYFUNCTION("counta(iferror(filter(L$2:L14,E$2:E14=E15,L$2:L14<L15)))"),1.0) -> 1 | N15: =IFERROR(__xludf.DUMMYFUNCTION("counta(iferror(filter(L16:L$121,E16:E$121=E15,L16:L$624>L15)))"),0.0) -> 0 | P15: =IFERROR(__xludf.DUMMYFUNCTION("if(F15="""","""",let(wc_picked, countifs(E$1:E14,E15,G$1:G14,""This is your wild card pick""), let(spots_filled,counta(unique(filter(D$2:E15,E$2:E15=E15)))/2,let(total,VLOOKUP(E15,'Conf WC Eligibility'!A:C,3,0),if(E15=""zIndependent"", TRUE,total-wc_picke"&"d>12)))))"),FALSE) -> FALSE | Q15: {=XLOOKUP(F15,'Current Week'!C:C,'Current Week'!D:O)} -> 8 | R15: 4 | S15: Western Kentucky 34 Jacksonville State 37 | T15: FINAL | U15: Brad | X15: -2.5 | Z15: 55.5 | AA15: 357 | AB15: 281 | AC15: TRUE | AD15: =$Q15-max($Q15:$Q$400) -> -4 | AE15: =countif($Q14:$Q$2,"<"&$Q15) -> 3 | AF15: =IFERROR(__xludf.DUMMYFUNCTION("iferror(COUNT(filter($Q16:$Q$400,$Q16:$Q$400>$Q15)))"),25.0) -> 25 | AG15: =if(AD15=0,1,0) -> 0 | AH15: =$Q15-min($Q$2:$Q15) -> 4 | AI15: =IFERROR(__xludf.DUMMYFUNCTION("iferror(join("","",index(sort(filter($F16:$F$401,$Q16:$Q$401>$Q15),2,false),0,1)))"),"Miami,Georgia,Navy,Michigan,Alabama,Utah,Texas Tech,USC,Indiana,Ole Miss,North Texas,South Florida,BYU,Texas A&M,Georgia Tech,Oklahoma,Old Dominion,UConn,Houston,San Diego State,Virginia,Vanderbilt,New Mexico,Kennesaw State,Arizona") -> Miami,Georgia,Navy,Michigan,Alabama,Utah,Texas Tech,USC,Indiana,Ole Miss,North Texas,South Florida,BYU,Texas A&M,Georgia Tech,Oklahoma,Old Dominion,UConn,Houston,San Diego State,Virginia,Vanderbilt,New Mexico,Kennesaw State,Arizona | AJ15: =IFERROR(__xludf.DUMMYFUNCTION("iferror($Q15-max(filter($Q15:$Q$400,$E15:$E$400=$E$2)))"),-4.0) -> -4 | AK15: =countifs($Q14:$Q$2,"<"&$Q15,$E14:$E$2,$E$2) -> 1 | AL15: =IFERROR(__xludf.DUMMYFUNCTION("iferror(COUNT(filter($Q16:$Q$400,$Q16:$Q$400>$Q15,$E15:$E$400=$E$2)))"),0.0) -> 0 | AM15: =if(AJ15=0,1,0) -> 0 | AN15: =IFERROR(__xludf.DUMMYFUNCTION("iferror($Q15-min(filter($Q15:$Q$400,$E15:$E$400=$E$2)))"),6.0) -> 6 | AO15: =IFERROR(__xludf.DUMMYFUNCTION("iferror(join("","",index(sort(filter($F16:$F$400,$Q16:$Q$400>$Q15,$E16:$E$400=$E$2),2,false),0,1)))"),"Michigan,USC,Indiana") -> Michigan,USC,Indiana | AP15: =IFERROR(__xludf.DUMMYFUNCTION("REGEXREPLACE(join("","",unique({let(conf_picked,filter(E$1:E14,D$1:D14=D15), byrow(unique(TRANSPOSe(Teams!$1:$1)),lambda(rw,if(ISERROR(match(rw,conf_picked,0)),rw,))));if(AW15,,transpose(split(AX15,"","",1,1)))})), ""^,"", """")"),"AAC,ACC,Big 12,Big Ten,CUSA,MAC,MWC,Pac12,SEC,,zIndependent,Sun Belt") -> AAC,ACC,Big 12,Big Ten,CUSA,MAC,MWC,Pac12,SEC,,zIndependent,Sun Belt | AQ15: =IFERROR(__xludf.DUMMYFUNCTION("iferror($Q15-max(filter($Q15:$Q$400,arrayformula(isnumber(FIND($E15:$E$400,AP15))))))"),-4.0) -> -4 | AR15: {=countifs($Q$2:$Q14,"<"&$Q15,isnumber(FIND($E$2:$E14,AP15)),TRUE)} -> 3 | AS15: =IFERROR(__xludf.DUMMYFUNCTION("iferror(COUNT(filter($Q16:$Q$400,$Q16:$Q$400>$Q15,arrayformula(isnumber(FIND($E16:$E$400,AP15))))))"),25.0) -> 25 | AT15: =if(AQ15=0,1,0) -> 0 | AU15: =IFERROR(__xludf.DUMMYFUNCTION("iferror($Q15-min(filter($Q15:$Q$400,arrayformula(isnumber(FIND($E15:$E$400,AP15))))))"),8.0) -> 8 | AV15: =IFERROR(__xludf.DUMMYFUNCTION("iferror(join("","",index(sort(filter($F16:$F$400,$Q16:$Q$400>$Q15,arrayformula(isnumber(FIND($E16:$E$400,AP15)))),2,false),0,1)))"),"Miami,Georgia,Navy,Michigan,Alabama,Utah,Texas Tech,USC,Indiana,Ole Miss,North Texas,South Florida,BYU,Texas A&M,Georgia Tech,Oklahoma,Old Dominion,UConn,Houston,San Diego State,Virginia,Vanderbilt,New Mexico,Kennesaw State,Arizona") -> Miami,Georgia,Navy,Michigan,Alabama,Utah,Texas Tech,USC,Indiana,Ole Miss,North Texas,South Florida,BYU,Texas A&M,Georgia Tech,Oklahoma,Old Dominion,UConn,Houston,San Diego State,Virginia,Vanderbilt,New Mexico,Kennesaw State,Arizona | AW15: =IFERROR(__xludf.DUMMYFUNCTION("isnumber(find(""wild card"",join("","",filter($G$1:$G14,$D$1:$D14=D15))))"),FALSE) -> FALSE | AX15: =IFERROR(__xludf.DUMMYFUNCTION("join("","",let(confs,unique(TRANSPOSe(Teams!$1:$1)), confs_count, BYROW(confs,lambda(conf,xlookup(conf,'Conf WC Eligibility'!A:A,'Conf WC Eligibility'!C:C,,))),confs_picked,byrow(confs,lambda(conf,countif(E$1:E14,conf))),p_needs_conf_count,byrow(confs,lam"&"bda(conf,counta('Draft Order'!B$2:B622)-COUNTUNIQUE(filter(D$2:D14,E$2:E14=conf)))),query({confs,confs_count,confs_picked,p_needs_conf_count},""select Col1 where Col2 =2 or Col2-Col3 >Col4"")))"),"AAC,ACC,Big 12,Big Ten,MAC,Pac12,SEC,Sun Belt,zIndependent") -> AAC,ACC,Big 12,Big Ten,MAC,Pac12,SEC,Sun Belt,zIndependent
A16: 15 | B16: 2 | C16: 3 | D16: Masa | E16: =if(F16<>"",VLOOKUP(F16,offset('Teams-Conference'!A:B,0,(counta('Draft Order'!B$2:B622)-10)*2),2,0),"") -> MAC | F16: Buffalo | G16: =if(F16="","",let(wc_check,or(COUNTIFS(E$1:E16,"="&E16,D$1:D16,"="&D16)>1,E16="zIndependent"),let(error_text, if(F15="","ERROR: Previous pick is blank. ","")&if(match(F16,F:F,0)<ROW(F16),"ERROR: Team already selected in row " & ROW(F16)&". ","")&if(and(wc_check,countIFS(G$1:G15,"This is your wild card pick",D$1:D15,"="&D16)>0),"ERROR: Player picked from this conference more than once and already made their wild card pick. ","")&if(and(wc_check,not(P16)),"ERROR: This conference is not eligible for a wild card pick.",""),if(error_text="",if(wc_check,"This is your wild card pick","Regular Pick"),error_text)))) -> Regular Pick | H16: =countif(E17:E25,E16) -> 0 | I16: =countif(E17:E37,E16) -> 1 | J16: =countif(E7:E15,E16) -> 1 | L16: 5 | M16: =IFERROR(__xludf.DUMMYFUNCTION("counta(iferror(filter(L$2:L15,E$2:E15=E16,L$2:L15<L16)))"),0.0) -> 0 | N16: =IFERROR(__xludf.DUMMYFUNCTION("counta(iferror(filter(L17:L$121,E17:E$121=E16,L17:L$624>L16)))"),0.0) -> 0 | P16: =IFERROR(__xludf.DUMMYFUNCTION("if(F16="""","""",let(wc_picked, countifs(E$1:E15,E16,G$1:G15,""This is your wild card pick""), let(spots_filled,counta(unique(filter(D$2:E16,E$2:E16=E16)))/2,let(total,VLOOKUP(E16,'Conf WC Eligibility'!A:C,3,0),if(E16=""zIndependent"", TRUE,total-wc_picke"&"d>12)))))"),TRUE) -> TRUE | Q16: {=XLOOKUP(F16,'Current Week'!C:C,'Current Week'!D:O)} -> 5 | R16: 7 | S16: Ohio 31 Buffalo 26 | T16: FINAL | U16: Josh | X16: 7 | Z16: 45.5 | AA16: 288 | AB16: 282 | AC16: TRUE | AD16: =$Q16-max($Q16:$Q$400) -> -7 | AE16: =countif($Q15:$Q$2,"<"&$Q16) -> 1 | AF16: =IFERROR(__xludf.DUMMYFUNCTION("iferror(COUNT(filter($Q17:$Q$400,$Q17:$Q$400>$Q16)))"),69.0) -> 69 | AG16: =if(AD16=0,1,0) -> 0 | AH16: =$Q16-min($Q$2:$Q16) -> 1 | AI16: =IFERROR(__xludf.DUMMYFUNCTION("iferror(join("","",index(sort(filter($F17:$F$401,$Q17:$Q$401>$Q16),2,false),0,1)))"),"Miami,Georgia,Navy,Michigan,SMU,Alabama,Utah,Arizona State,Texas Tech,USC,Kansas State,UL Lafayette,UTSA,Georgia Southern,Ohio,Illinois,Louisiana Tech,Army,Indiana,Louisville,Fresno State,Ole Miss,North Texas,Miami-OH,South Florida,BYU,Tennessee,Texas Sta"&"te,East Carolina,Washington,LSU,Nebraska,Texas A&M,Jacksonville State,Georgia Tech,Central Michigan,Western Michigan,Iowa,Missouri,Minnesota,Hawaii,Iowa State,Oklahoma,TCU,Old Dominion,Troy,Cincinnati,Duke,UConn,Florida Intl,Houston,San Diego State,Coasta"&"l Carolina,Virginia,Utah State,NC State,California,Missouri State,Pittsburgh,Arkansas State,Vanderbilt,Delaware,New Mexico,Kennesaw State,Wake Forest,Arizona,Northwestern,Washington State,Southern Mississippi") -> Miami,Georgia,Navy,Michigan,SMU,Alabama,Utah,Arizona State,Texas Tech,USC,Kansas State,UL Lafayette,UTSA,Georgia Southern,Ohio,Illinois,Louisiana Tech,Army,Indiana,Louisville,Fresno State,Ole Miss,North Texas,Miami-OH,South Florida,BYU,Tennessee,Texas State,East Carolina,Washington,LSU,Nebraska,Texas A&M,Jacksonville State,Georgia Tech,Central Michigan,Western Michigan,Iowa,Missouri,Minnesota,Hawaii,Iowa State,Oklahoma,TCU,Old Dominion,Troy,Cincinnati,Duke,UConn,Florida Intl,Houston,San Diego State,Coastal Carolina,Virginia,Utah State,NC State,California,Missouri State,Pittsburgh,Arkansas State,Vanderbilt,Delaware,New Mexico,Kennesaw State,Wake Forest,Arizona,Northwestern,Washington State,Southern Mississippi | AJ16: =IFERROR(__xludf.DUMMYFUNCTION("iferror($Q16-max(filter($Q16:$Q$400,$E16:$E$400=$E$2)))"),-7.0) -> -7 | AK16: =countifs($Q15:$Q$2,"<"&$Q16,$E15:$E$2,$E$2) -> 0 | AL16: =IFERROR(__xludf.DUMMYFUNCTION("iferror(COUNT(filter($Q17:$Q$400,$Q17:$Q$400>$Q16,$E16:$E$400=$E$2)))"),0.0) -> 0 | AM16: =if(AJ16=0,1,0) -> 0 | AN16: =IFERROR(__xludf.DUMMYFUNCTION("iferror($Q16-min(filter($Q16:$Q$400,$E16:$E$400=$E$2)))"),3.0) -> 3 | AO16: =IFERROR(__xludf.DUMMYFUNCTION("iferror(join("","",index(sort(filter($F17:$F$400,$Q17:$Q$400>$Q16,$E17:$E$400=$E$2),2,false),0,1)))"),"Michigan,USC,Illinois,Indiana,Washington,Nebraska,Iowa,Minnesota,Northwestern") -> Michigan,USC,Illinois,Indiana,Washington,Nebraska,Iowa,Minnesota,Northwestern | AP16: =IFERROR(__xludf.DUMMYFUNCTION("REGEXREPLACE(join("","",unique({let(conf_picked,filter(E$1:E15,D$1:D15=D16), byrow(unique(TRANSPOSe(Teams!$1:$1)),lambda(rw,if(ISERROR(match(rw,conf_picked,0)),rw,))));if(AW16,,transpose(split(AX16,"","",1,1)))})), ""^,"", """")"),"AAC,,Big 12,Big Ten,CUSA,MAC,MWC,Pac12,SEC,Sun Belt,zIndependent,ACC") -> AAC,,Big 12,Big Ten,CUSA,MAC,MWC,Pac12,SEC,Sun Belt,zIndependent,ACC | AQ16: =IFERROR(__xludf.DUMMYFUNCTION("iferror($Q16-max(filter($Q16:$Q$400,arrayformula(isnumber(FIND($E16:$E$400,AP16))))))"),-7.0) -> -7 | AR16: {=countifs($Q$2:$Q15,"<"&$Q16,isnumber(FIND($E$2:$E15,AP16)),TRUE)} -> 1 | AS16: =IFERROR(__xludf.DUMMYFUNCTION("iferror(COUNT(filter($Q17:$Q$400,$Q17:$Q$400>$Q16,arrayformula(isnumber(FIND($E17:$E$400,AP16))))))"),69.0) -> 69 | AT16: =if(AQ16=0,1,0) -> 0 | AU16: =IFERROR(__xludf.DUMMYFUNCTION("iferror($Q16-min(filter($Q16:$Q$400,arrayformula(isnumber(FIND($E16:$E$400,AP16))))))"),5.0) -> 5 | AV16: =IFERROR(__xludf.DUMMYFUNCTION("iferror(join("","",index(sort(filter($F17:$F$400,$Q17:$Q$400>$Q16,arrayformula(isnumber(FIND($E17:$E$400,AP16)))),2,false),0,1)))"),"Miami,Georgia,Navy,Michigan,SMU,Alabama,Utah,Arizona State,Texas Tech,USC,Kansas State,UL Lafayette,UTSA,Georgia Southern,Ohio,Illinois,Louisiana Tech,Army,Indiana,Louisville,Fresno State,Ole Miss,North Texas,Miami-OH,South Florida,BYU,Tennessee,Texas Sta"&"te,East Carolina,Washington,LSU,Nebraska,Texas A&M,Jacksonville State,Georgia Tech,Central Michigan,Western Michigan,Iowa,Missouri,Minnesota,Hawaii,Iowa State,Oklahoma,TCU,Old Dominion,Troy,Cincinnati,Duke,UConn,Florida Intl,Houston,San Diego State,Coasta"&"l Carolina,Virginia,Utah State,NC State,California,Missouri State,Pittsburgh,Arkansas State,Vanderbilt,Delaware,New Mexico,Kennesaw State,Wake Forest,Arizona,Northwestern,Washington State,Southern Mississippi") -> Miami,Georgia,Navy,Michigan,SMU,Alabama,Utah,Arizona State,Texas Tech,USC,Kansas State,UL Lafayette,UTSA,Georgia Southern,Ohio,Illinois,Louisiana Tech,Army,Indiana,Louisville,Fresno State,Ole Miss,North Texas,Miami-OH,South Florida,BYU,Tennessee,Texas State,East Carolina,Washington,LSU,Nebraska,Texas A&M,Jacksonville State,Georgia Tech,Central Michigan,Western Michigan,Iowa,Missouri,Minnesota,Hawaii,Iowa State,Oklahoma,TCU,Old Dominion,Troy,Cincinnati,Duke,UConn,Florida Intl,Houston,San Diego State,Coastal Carolina,Virginia,Utah State,NC State,California,Missouri State,Pittsburgh,Arkansas State,Vanderbilt,Delaware,New Mexico,Kennesaw State,Wake Forest,Arizona,Northwestern,Washington State,Southern Mississippi | AW16: =IFERROR(__xludf.DUMMYFUNCTION("isnumber(find(""wild card"",join("","",filter($G$1:$G15,$D$1:$D15=D16))))"),FALSE) -> FALSE | AX16: =IFERROR(__xludf.DUMMYFUNCTION("join("","",let(confs,unique(TRANSPOSe(Teams!$1:$1)), confs_count, BYROW(confs,lambda(conf,xlookup(conf,'Conf WC Eligibility'!A:A,'Conf WC Eligibility'!C:C,,))),confs_picked,byrow(confs,lambda(conf,countif(E$1:E15,conf))),p_needs_conf_count,byrow(confs,lam"&"bda(conf,counta('Draft Order'!B$2:B622)-COUNTUNIQUE(filter(D$2:D15,E$2:E15=conf)))),query({confs,confs_count,confs_picked,p_needs_conf_count},""select Col1 where Col2 =2 or Col2-Col3 >Col4"")))"),"AAC,ACC,Big 12,Big Ten,MAC,Pac12,SEC,Sun Belt,zIndependent") -> AAC,ACC,Big 12,Big Ten,MAC,Pac12,SEC,Sun Belt,zIndependent
A17: 16 | B17: 2 | C17: 4 | D17: Brad | E17: =if(F17<>"",VLOOKUP(F17,offset('Teams-Conference'!A:B,0,(counta('Draft Order'!B$2:B622)-10)*2),2,0),"") -> ACC | F17: Miami | G17: =if(F17="","",let(wc_check,or(COUNTIFS(E$1:E17,"="&E17,D$1:D17,"="&D17)>1,E17="zIndependent"),let(error_text, if(F16="","ERROR: Previous pick is blank. ","")&if(match(F17,F:F,0)<ROW(F17),"ERROR: Team already selected in row " & ROW(F17)&". ","")&if(and(wc_check,countIFS(G$1:G16,"This is your wild card pick",D$1:D16,"="&D17)>0),"ERROR: Player picked from this conference more than once and already made their wild card pick. ","")&if(and(wc_check,not(P17)),"ERROR: This conference is not eligible for a wild card pick.",""),if(error_text="",if(wc_check,"This is your wild card pick","Regular Pick"),error_text)))) -> Regular Pick | H17: =countif(E18:E26,E17) -> 1 | I17: =countif(E18:E37,E17) -> 1 | J17: =countif(E8:E16,E17) -> 1 | L17: 10 | M17: =IFERROR(__xludf.DUMMYFUNCTION("counta(iferror(filter(L$2:L16,E$2:E16=E17,L$2:L16<L17)))"),1.0) -> 1 | N17: =IFERROR(__xludf.DUMMYFUNCTION("counta(iferror(filter(L18:L$121,E18:E$121=E17,L18:L$624>L17)))"),0.0) -> 0 | P17: =IFERROR(__xludf.DUMMYFUNCTION("if(F17="""","""",let(wc_picked, countifs(E$1:E16,E17,G$1:G16,""This is your wild card pick""), let(spots_filled,counta(unique(filter(D$2:E17,E$2:E17=E17)))/2,let(total,VLOOKUP(E17,'Conf WC Eligibility'!A:C,3,0),if(E17=""zIndependent"", TRUE,total-wc_picke"&"d>12)))))"),TRUE) -> TRUE | Q17: {=XLOOKUP(F17,'Current Week'!C:C,'Current Week'!D:O)} -> 10 | R17: 2 | S17: (13) Miami 38 (24) Pittsburgh 7 | T17: FINAL | U17: Mike | X17: -7 | Z17: 49.5 | AA17: 409 | AB17: 166 | AC17: TRUE | AD17: =$Q17-max($Q17:$Q$400) -> -2 | AE17: =countif($Q16:$Q$2,"<"&$Q17) -> 9 | AF17: =IFERROR(__xludf.DUMMYFUNCTION("iferror(COUNT(filter($Q18:$Q$400,$Q18:$Q$400>$Q17)))"),7.0) -> 7 | AG17: =if(AD17=0,1,0) -> 0 | AH17: =$Q17-min($Q$2:$Q17) -> 6 | AI17: =IFERROR(__xludf.DUMMYFUNCTION("iferror(join("","",index(sort(filter($F18:$F$401,$Q18:$Q$401>$Q17),2,false),0,1)))"),"Georgia,Texas Tech,Indiana,Ole Miss,North Texas,BYU,Texas A&M") -> Georgia,Texas Tech,Indiana,Ole Miss,North Texas,BYU,Texas A&M | AJ17: =IFERROR(__xludf.DUMMYFUNCTION("iferror($Q17-max(filter($Q17:$Q$400,$E17:$E$400=$E$2)))"),-2.0) -> -2 | AK17: =countifs($Q16:$Q$2,"<"&$Q17,$E16:$E$2,$E$2) -> 1 | AL17: =IFERROR(__xludf.DUMMYFUNCTION("iferror(COUNT(filter($Q18:$Q$400,$Q18:$Q$400>$Q17,$E17:$E$400=$E$2)))"),0.0) -> 0 | AM17: =if(AJ17=0,1,0) -> 0 | AN17: =IFERROR(__xludf.DUMMYFUNCTION("iferror($Q17-min(filter($Q17:$Q$400,$E17:$E$400=$E$2)))"),8.0) -> 8 | AO17: =IFERROR(__xludf.DUMMYFUNCTION("iferror(join("","",index(sort(filter($F18:$F$400,$Q18:$Q$400>$Q17,$E18:$E$400=$E$2),2,false),0,1)))"),"Indiana") -> Indiana | AP17: =IFERROR(__xludf.DUMMYFUNCTION("REGEXREPLACE(join("","",unique({let(conf_picked,filter(E$1:E16,D$1:D16=D17), byrow(unique(TRANSPOSe(Teams!$1:$1)),lambda(rw,if(ISERROR(match(rw,conf_picked,0)),rw,))));if(AW17,,transpose(split(AX17,"","",1,1)))})), ""^,"", """")"),"AAC,ACC,Big 12,Big Ten,CUSA,,MWC,Pac12,SEC,Sun Belt,zIndependent,MAC") -> AAC,ACC,Big 12,Big Ten,CUSA,,MWC,Pac12,SEC,Sun Belt,zIndependent,MAC | AQ17: =IFERROR(__xludf.DUMMYFUNCTION("iferror($Q17-max(filter($Q17:$Q$400,arrayformula(isnumber(FIND($E17:$E$400,AP17))))))"),-2.0) -> -2 | AR17: {=countifs($Q$2:$Q16,"<"&$Q17,isnumber(FIND($E$2:$E16,AP17)),TRUE)} -> 9 | AS17: =IFERROR(__xludf.DUMMYFUNCTION("iferror(COUNT(filter($Q18:$Q$400,$Q18:$Q$400>$Q17,arrayformula(isnumber(FIND($E18:$E$400,AP17))))))"),7.0) -> 7 | AT17: =if(AQ17=0,1,0) -> 0 | AU17: =IFERROR(__xludf.DUMMYFUNCTION("iferror($Q17-min(filter($Q17:$Q$400,arrayformula(isnumber(FIND($E17:$E$400,AP17))))))"),10.0) -> 10 | AV17: =IFERROR(__xludf.DUMMYFUNCTION("iferror(join("","",index(sort(filter($F18:$F$400,$Q18:$Q$400>$Q17,arrayformula(isnumber(FIND($E18:$E$400,AP17)))),2,false),0,1)))"),"Georgia,Texas Tech,Indiana,Ole Miss,North Texas,BYU,Texas A&M") -> Georgia,Texas Tech,Indiana,Ole Miss,North Texas,BYU,Texas A&M | AW17: =IFERROR(__xludf.DUMMYFUNCTION("isnumber(find(""wild card"",join("","",filter($G$1:$G16,$D$1:$D16=D17))))"),FALSE) -> FALSE | AX17: =IFERROR(__xludf.DUMMYFUNCTION("join("","",let(confs,unique(TRANSPOSe(Teams!$1:$1)), confs_count, BYROW(confs,lambda(conf,xlookup(conf,'Conf WC Eligibility'!A:A,'Conf WC Eligibility'!C:C,,))),confs_picked,byrow(confs,lambda(conf,countif(E$1:E16,conf))),p_needs_conf_count,byrow(confs,lam"&"bda(conf,counta('Draft Order'!B$2:B622)-COUNTUNIQUE(filter(D$2:D16,E$2:E16=conf)))),query({confs,confs_count,confs_picked,p_needs_conf_count},""select Col1 where Col2 =2 or Col2-Col3 >Col4"")))"),"AAC,ACC,Big 12,Big Ten,MAC,Pac12,SEC,Sun Belt,zIndependent") -> AAC,ACC,Big 12,Big Ten,MAC,Pac12,SEC,Sun Belt,zIndependent
