Workbook

Sheet Standings
A1: =HYPERLINK("https://docs.google.com/document/d/1-e84tTr9zFoIfOR2Z7Z-1lI4YO7v6GoaThMqj1UrcXE/edit","Rules") -> Rules | B1: Season | F1: Current Week (Projections based on most recent Consensus) | M1: Actaul + Chalk Projections
A2: Players | B2: Wins | C2: Losses | D2: P5 Ws | E2: G5 Ws | F2: Games | G2: Games Played | H2: Wins | I2: Games Left | J2: Expected Wins | K2: Upsets Won | L2: Upsets Lost
A3: {=sort(A17:M29,2,false,3,true,7,false,8,true,1,true)} -> Gary | B3: 74 | C3: 46 | D3: 42 | E3: 32 | F3: 2 | G3: 0 | H3: 0 | I3: 2 | J3: 2 | K3: 0 | L3: 0 | M3: 2
A4: Nick A. | B4: 72 | C4: 48 | D4: 37 | E4: 35 | F4: 1 | G4: 0 | H4: 0 | I4: 1 | J4: 1 | K4: 0 | L4: 0 | M4: 1
A5: Vu | B5: 72 | C5: 48 | D5: 35 | E5: 37 | F5: 3 | G5: 0 | H5: 0 | I5: 3 | J5: 2 | K5: 0 | L5: 0 | M5: 2
A6: Josh | B6: 69 | C6: 52 | D6: 30 | E6: 39 | F6: 2 | G6: 0 | H6: 0 | I6: 2 | J6: 0 | K6: 0 | L6: 0 | M6: 0
A7: Janice/Mike | B7: 67 | C7: 53 | D7: 29 | E7: 38 | F7: 1 | G7: 0 | H7: 0 | I7: 1 | J7: 2 | K7: 0 | L7: 0 | M7: 2
A8: Nico | B8: 66 | C8: 54 | D8: 39 | E8: 27 | F8: 2 | G8: 0 | H8: 0 | I8: 2 | J8: 2 | K8: 0 | L8: 0 | M8: 2
A9: DavEmily | B9: 66 | C9: 55 | D9: 38 | E9: 28 | F9: 3 | G9: 0 | H9: 0 | I9: 3 | J9: 0 | K9: 0 | L9: 0 | M9: 0
A10: Justin | B10: 64 | C10: 56 | D10: 40 | E10: 24 | F10: 2 | G10: 0 | H10: 0 | I10: 2 | J10: 1 | K10: 0 | L10: 0 | M10: 1
A11: Brad | B11: 62 | C11: 58 | D11: 29 | E11: 33 | F11: 1 | G11: 0 | H11: 0 | I11: 1 | J11: 0 | K11: 0 | L11: 0 | M11: 0
A12: Nick G. | B12: 62 | C12: 58 | D12: 43 | E12: 19 | F12: 3 | G12: 0 | H12: 0 | I12: 3 | J12: 2 | K12: 0 | L12: 0 | M12: 2
A13: Masa | B13: 60 | C13: 60 | D13: 36 | E13: 24 | F13: 0 | G13: 0 | H13: 0 | I13: 0 | J13: 0 | K13: 0 | L13: 0 | M13: 0
A14: Jeannine | B14: 57 | C14: 63 | D14: 31 | E14: 26 | F14: 0 | G14: 0 | H14: 0 | I14: 0 | J14: 0 | K14: 0 | L14: 0 | M14: 0
A15: Dan | B15: 50 | C15: 70 | D15: 29 | E15: 21 | F15: 0 | G15: 0 | H15: 0 | I15: 0 | J15: 0 | K15: 0 | L15: 0 | M15: 0
A17: {='Draft Order'!B2:B29} -> Nick G. | B17: =sumif('Current Week'!$B:$B,$A17,'Current Week'!D:D) -> 62 | C17: =sumif('Current Week'!$B:$B,$A17,'Current Week'!E:E) -> 58 | D17: =sumifs('Current Week'!D:D,'Current Week'!$B:$B,$A17,'Current Week'!T:T,"Power 5") -> 43 | E17: =sumifs('Current Week'!D:D,'Current Week'!$B:$B,$A17,'Current Week'!T:T,"Group of 5") -> 19 | F17: =10-countifs('Current Week'!B:B,A17,'Current Week'!G:G,"") -> 3 | G17: =IFERROR(__xludf.DUMMYFUNCTION("COUNTA(iferror(filter('Current Week'!B:B,'Current Week'!B:B=A17,left('Current Week'!G:G,5)=""FINAL"")))"),0.0) -> 0 | H17: =countifs('Current Week'!B:B,A17,'Current Week'!U:U,"=TRUE") -> 0 | I17: =F17-G17 -> 3 | J17: =IFERROR(__xludf.DUMMYFUNCTION("countifs('Current Week'!B:B,A17,'Current Week'!K:K,""<0"")+counta(iferror(filter('Current Week'!B:B,'Current Week'!B:B=A17,'Current Week'!F:F<>"""",'Current Week'!K:K="""",'Current Week'!H:H="""")))"),2.0) -> 2 | K17: =IFERROR(__xludf.DUMMYFUNCTION("counta(iferror(filter('Current Week'!B:B,'Current Week'!B:B=A17,'Current Week'!K:K>0,not(iserror(find(""FINAL"",'Current Week'!G:G))),'Current Week'!U:U=TRUE)))+counta(iferror(filter('Current Week'!B:B,'Current Week'!B:B=A17,'Current Week'!K:K="""",not(is"&"error(find(""FINAL"",'Current Week'!G:G))),'Current Week'!U:U=TRUE,'Current Week'!H:H="""")))"),0.0) -> 0 | L17: =IFERROR(__xludf.DUMMYFUNCTION("counta(iferror(filter('Current Week'!B:B,'Current Week'!B:B=A17,'Current Week'!K:K<0,not(iserror(find(""FINAL"",'Current Week'!G:G))),'Current Week'!U:U<>TRUE)))"),0.0) -> 0 | M17: =IFERROR(__xludf.DUMMYFUNCTION("H17+counta(iferror(filter('Current Week'!B:B,'Current Week'!B:B=A17,'Current Week'!K:K<0,iserror(find(""FINAL"",'Current Week'!G:G)))))+counta(iferror(filter('Current Week'!B:B,'Current Week'!B:B=A17,'Current Week'!F:F<>"""",'Current Week'!J:J="""",'Curre"&"nt Week'!H:H="""",iserror(find(""FINAL"",'Current Week'!G:G)))))"),2.0) -> 2
A18: Janice/Mike | B18: =sumif('Current Week'!$B:$B,$A18,'Current Week'!D:D) -> 67 | C18: =sumif('Current Week'!$B:$B,$A18,'Current Week'!E:E) -> 53 | D18: =sumifs('Current Week'!D:D,'Current Week'!$B:$B,$A18,'Current Week'!T:T,"Power 5") -> 29 | E18: =sumifs('Current Week'!D:D,'Current Week'!$B:$B,$A18,'Current Week'!T:T,"Group of 5") -> 38 | F18: =10-countifs('Current Week'!B:B,A18,'Current Week'!G:G,"") -> 1 | G18: =IFERROR(__xludf.DUMMYFUNCTION("COUNTA(iferror(filter('Current Week'!B:B,'Current Week'!B:B=A18,left('Current Week'!G:G,5)=""FINAL"")))"),0.0) -> 0 | H18: =countifs('Current Week'!B:B,A18,'Current Week'!U:U,"=TRUE") -> 0 | I18: =F18-G18 -> 1 | J18: =IFERROR(__xludf.DUMMYFUNCTION("countifs('Current Week'!B:B,A18,'Current Week'!K:K,""<0"")+counta(iferror(filter('Current Week'!B:B,'Current Week'!B:B=A18,'Current Week'!F:F<>"""",'Current Week'!K:K="""",'Current Week'!H:H="""")))"),2.0) -> 2 | K18: =IFERROR(__xludf.DUMMYFUNCTION("counta(iferror(filter('Current Week'!B:B,'Current Week'!B:B=A18,'Current Week'!K:K>0,not(iserror(find(""FINAL"",'Current Week'!G:G))),'Current Week'!U:U=TRUE)))+counta(iferror(filter('Current Week'!B:B,'Current Week'!B:B=A18,'Current Week'!K:K="""",not(is"&"error(find(""FINAL"",'Current Week'!G:G))),'Current Week'!U:U=TRUE,'Current Week'!H:H="""")))"),0.0) -> 0 | L18: =IFERROR(__xludf.DUMMYFUNCTION("counta(iferror(filter('Current Week'!B:B,'Current Week'!B:B=A18,'Current Week'!K:K<0,not(iserror(find(""FINAL"",'Current Week'!G:G))),'Current Week'!U:U<>TRUE)))"),0.0) -> 0 | M18: =IFERROR(__xludf.DUMMYFUNCTION("H18+counta(iferror(filter('Current Week'!B:B,'Current Week'!B:B=A18,'Current Week'!K:K<0,iserror(find(""FINAL"",'Current Week'!G:G)))))+counta(iferror(filter('Current Week'!B:B,'Current Week'!B:B=A18,'Current Week'!F:F<>"""",'Current Week'!J:J="""",'Curre"&"nt Week'!H:H="""",iserror(find(""FINAL"",'Current Week'!G:G)))))"),2.0) -> 2
A19: Nick A. | B19: =sumif('Current Week'!$B:$B,$A19,'Current Week'!D:D) -> 72 | C19: =sumif('Current Week'!$B:$B,$A19,'Current Week'!E:E) -> 48 | D19: =sumifs('Current Week'!D:D,'Current Week'!$B:$B,$A19,'Current Week'!T:T,"Power 5") -> 37 | E19: =sumifs('Current Week'!D:D,'Current Week'!$B:$B,$A19,'Current Week'!T:T,"Group of 5") -> 35 | F19: =10-countifs('Current Week'!B:B,A19,'Current Week'!G:G,"") -> 1 | G19: =IFERROR(__xludf.DUMMYFUNCTION("COUNTA(iferror(filter('Current Week'!B:B,'Current Week'!B:B=A19,left('Current Week'!G:G,5)=""FINAL"")))"),0.0) -> 0 | H19: =countifs('Current Week'!B:B,A19,'Current Week'!U:U,"=TRUE") -> 0 | I19: =F19-G19 -> 1 | J19: =IFERROR(__xludf.DUMMYFUNCTION("countifs('Current Week'!B:B,A19,'Current Week'!K:K,""<0"")+counta(iferror(filter('Current Week'!B:B,'Current Week'!B:B=A19,'Current Week'!F:F<>"""",'Current Week'!K:K="""",'Current Week'!H:H="""")))"),1.0) -> 1 | K19: =IFERROR(__xludf.DUMMYFUNCTION("counta(iferror(filter('Current Week'!B:B,'Current Week'!B:B=A19,'Current Week'!K:K>0,not(iserror(find(""FINAL"",'Current Week'!G:G))),'Current Week'!U:U=TRUE)))+counta(iferror(filter('Current Week'!B:B,'Current Week'!B:B=A19,'Current Week'!K:K="""",not(is"&"error(find(""FINAL"",'Current Week'!G:G))),'Current Week'!U:U=TRUE,'Current Week'!H:H="""")))"),0.0) -> 0 | L19: =IFERROR(__xludf.DUMMYFUNCTION("counta(iferror(filter('Current Week'!B:B,'Current Week'!B:B=A19,'Current Week'!K:K<0,not(iserror(find(""FINAL"",'Current Week'!G:G))),'Current Week'!U:U<>TRUE)))"),0.0) -> 0 | M19: =IFERROR(__xludf.DUMMYFUNCTION("H19+counta(iferror(filter('Current Week'!B:B,'Current Week'!B:B=A19,'Current Week'!K:K<0,iserror(find(""FINAL"",'Current Week'!G:G)))))+counta(iferror(filter('Current Week'!B:B,'Current Week'!B:B=A19,'Current Week'!F:F<>"""",'Current Week'!J:J="""",'Curre"&"nt Week'!H:H="""",iserror(find(""FINAL"",'Current Week'!G:G)))))"),1.0) -> 1
A20: DavEmily | B20: =sumif('Current Week'!$B:$B,$A20,'Current Week'!D:D) -> 66 | C20: =sumif('Current Week'!$B:$B,$A20,'Current Week'!E:E) -> 55 | D20: =sumifs('Current Week'!D:D,'Current Week'!$B:$B,$A20,'Current Week'!T:T,"Power 5") -> 38 | E20: =sumifs('Current Week'!D:D,'Current Week'!$B:$B,$A20,'Current Week'!T:T,"Group of 5") -> 28 | F20: =10-countifs('Current Week'!B:B,A20,'Current Week'!G:G,"") -> 3 | G20: =IFERROR(__xludf.DUMMYFUNCTION("COUNTA(iferror(filter('Current Week'!B:B,'Current Week'!B:B=A20,left('Current Week'!G:G,5)=""FINAL"")))"),0.0) -> 0 | H20: =countifs('Current Week'!B:B,A20,'Current Week'!U:U,"=TRUE") -> 0 | I20: =F20-G20 -> 3 | J20: =IFERROR(__xludf.DUMMYFUNCTION("countifs('Current Week'!B:B,A20,'Current Week'!K:K,""<0"")+counta(iferror(filter('Current Week'!B:B,'Current Week'!B:B=A20,'Current Week'!F:F<>"""",'Current Week'!K:K="""",'Current Week'!H:H="""")))"),0.0) -> 0 | K20: =IFERROR(__xludf.DUMMYFUNCTION("counta(iferror(filter('Current Week'!B:B,'Current Week'!B:B=A20,'Current Week'!K:K>0,not(iserror(find(""FINAL"",'Current Week'!G:G))),'Current Week'!U:U=TRUE)))+counta(iferror(filter('Current Week'!B:B,'Current Week'!B:B=A20,'Current Week'!K:K="""",not(is"&"error(find(""FINAL"",'Current Week'!G:G))),'Current Week'!U:U=TRUE,'Current Week'!H:H="""")))"),0.0) -> 0 | L20: =IFERROR(__xludf.DUMMYFUNCTION("counta(iferror(filter('Current Week'!B:B,'Current Week'!B:B=A20,'Current Week'!K:K<0,not(iserror(find(""FINAL"",'Current Week'!G:G))),'Current Week'!U:U<>TRUE)))"),0.0) -> 0 | M20: =IFERROR(__xludf.DUMMYFUNCTION("H20+counta(iferror(filter('Current Week'!B:B,'Current Week'!B:B=A20,'Current Week'!K:K<0,iserror(find(""FINAL"",'Current Week'!G:G)))))+counta(iferror(filter('Current Week'!B:B,'Current Week'!B:B=A20,'Current Week'!F:F<>"""",'Current Week'!J:J="""",'Curre"&"nt Week'!H:H="""",iserror(find(""FINAL"",'Current Week'!G:G)))))"),0.0) -> 0
A21: Vu | B21: =sumif('Current Week'!$B:$B,$A21,'Current Week'!D:D) -> 72 | C21: =sumif('Current Week'!$B:$B,$A21,'Current Week'!E:E) -> 48 | D21: =sumifs('Current Week'!D:D,'Current Week'!$B:$B,$A21,'Current Week'!T:T,"Power 5") -> 35 | E21: =sumifs('Current Week'!D:D,'Current Week'!$B:$B,$A21,'Current Week'!T:T,"Group of 5") -> 37 | F21: =10-countifs('Current Week'!B:B,A21,'Current Week'!G:G,"") -> 3 | G21: =IFERROR(__xludf.DUMMYFUNCTION("COUNTA(iferror(filter('Current Week'!B:B,'Current Week'!B:B=A21,left('Current Week'!G:G,5)=""FINAL"")))"),0.0) -> 0 | H21: =countifs('Current Week'!B:B,A21,'Current Week'!U:U,"=TRUE") -> 0 | I21: =F21-G21 -> 3 | J21: =IFERROR(__xludf.DUMMYFUNCTION("countifs('Current Week'!B:B,A21,'Current Week'!K:K,""<0"")+counta(iferror(filter('Current Week'!B:B,'Current Week'!B:B=A21,'Current Week'!F:F<>"""",'Current Week'!K:K="""",'Current Week'!H:H="""")))"),2.0) -> 2 | K21: =IFERROR(__xludf.DUMMYFUNCTION("counta(iferror(filter('Current Week'!B:B,'Current Week'!B:B=A21,'Current Week'!K:K>0,not(iserror(find(""FINAL"",'Current Week'!G:G))),'Current Week'!U:U=TRUE)))+counta(iferror(filter('Current Week'!B:B,'Current Week'!B:B=A21,'Current Week'!K:K="""",not(is"&"error(find(""FINAL"",'Current Week'!G:G))),'Current Week'!U:U=TRUE,'Current Week'!H:H="""")))"),0.0) -> 0 | L21: =IFERROR(__xludf.DUMMYFUNCTION("counta(iferror(filter('Current Week'!B:B,'Current Week'!B:B=A21,'Current Week'!K:K<0,not(iserror(find(""FINAL"",'Current Week'!G:G))),'Current Week'!U:U<>TRUE)))"),0.0) -> 0 | M21: =IFERROR(__xludf.DUMMYFUNCTION("H21+counta(iferror(filter('Current Week'!B:B,'Current Week'!B:B=A21,'Current Week'!K:K<0,iserror(find(""FINAL"",'Current Week'!G:G)))))+counta(iferror(filter('Current Week'!B:B,'Current Week'!B:B=A21,'Current Week'!F:F<>"""",'Current Week'!J:J="""",'Curre"&"nt Week'!H:H="""",iserror(find(""FINAL"",'Current Week'!G:G)))))"),2.0) -> 2
A22: Dan | B22: =sumif('Current Week'!$B:$B,$A22,'Current Week'!D:D) -> 50 | C22: =sumif('Current Week'!$B:$B,$A22,'Current Week'!E:E) -> 70 | D22: =sumifs('Current Week'!D:D,'Current Week'!$B:$B,$A22,'Current Week'!T:T,"Power 5") -> 29 | E22: =sumifs('Current Week'!D:D,'Current Week'!$B:$B,$A22,'Current Week'!T:T,"Group of 5") -> 21 | F22: =10-countifs('Current Week'!B:B,A22,'Current Week'!G:G,"") -> 0 | G22: =IFERROR(__xludf.DUMMYFUNCTION("COUNTA(iferror(filter('Current Week'!B:B,'Current Week'!B:B=A22,left('Current Week'!G:G,5)=""FINAL"")))"),0.0) -> 0 | H22: =countifs('Current Week'!B:B,A22,'Current Week'!U:U,"=TRUE") -> 0 | I22: =F22-G22 -> 0 | J22: =IFERROR(__xludf.DUMMYFUNCTION("countifs('Current Week'!B:B,A22,'Current Week'!K:K,""<0"")+counta(iferror(filter('Current Week'!B:B,'Current Week'!B:B=A22,'Current Week'!F:F<>"""",'Current Week'!K:K="""",'Current Week'!H:H="""")))"),0.0) -> 0 | K22: =IFERROR(__xludf.DUMMYFUNCTION("counta(iferror(filter('Current Week'!B:B,'Current Week'!B:B=A22,'Current Week'!K:K>0,not(iserror(find(""FINAL"",'Current Week'!G:G))),'Current Week'!U:U=TRUE)))+counta(iferror(filter('Current Week'!B:B,'Current Week'!B:B=A22,'Current Week'!K:K="""",not(is"&"error(find(""FINAL"",'Current Week'!G:G))),'Current Week'!U:U=TRUE,'Current Week'!H:H="""")))"),0.0) -> 0 | L22: =IFERROR(__xludf.DUMMYFUNCTION("counta(iferror(filter('Current Week'!B:B,'Current Week'!B:B=A22,'Current Week'!K:K<0,not(iserror(find(""FINAL"",'Current Week'!G:G))),'Current Week'!U:U<>TRUE)))"),0.0) -> 0 | M22: =IFERROR(__xludf.DUMMYFUNCTION("H22+counta(iferror(filter('Current Week'!B:B,'Current Week'!B:B=A22,'Current Week'!K:K<0,iserror(find(""FINAL"",'Current Week'!G:G)))))+counta(iferror(filter('Current Week'!B:B,'Current Week'!B:B=A22,'Current Week'!F:F<>"""",'Current Week'!J:J="""",'Curre"&"nt Week'!H:H="""",iserror(find(""FINAL"",'Current Week'!G:G)))))"),0.0) -> 0
A23: Josh | B23: =sumif('Current Week'!$B:$B,$A23,'Current Week'!D:D) -> 69 | C23: =sumif('Current Week'!$B:$B,$A23,'Current Week'!E:E) -> 52 | D23: =sumifs('Current Week'!D:D,'Current Week'!$B:$B,$A23,'Current Week'!T:T,"Power 5") -> 30 | E23: =sumifs('Current Week'!D:D,'Current Week'!$B:$B,$A23,'Current Week'!T:T,"Group of 5") -> 39 | F23: =10-countifs('Current Week'!B:B,A23,'Current Week'!G:G,"") -> 2 | G23: =IFERROR(__xludf.DUMMYFUNCTION("COUNTA(iferror(filter('Current Week'!B:B,'Current Week'!B:B=A23,left('Current Week'!G:G,5)=""FINAL"")))"),0.0) -> 0 | H23: =countifs('Current Week'!B:B,A23,'Current Week'!U:U,"=TRUE") -> 0 | I23: =F23-G23 -> 2 | J23: =IFERROR(__xludf.DUMMYFUNCTION("countifs('Current Week'!B:B,A23,'Current Week'!K:K,""<0"")+counta(iferror(filter('Current Week'!B:B,'Current Week'!B:B=A23,'Current Week'!F:F<>"""",'Current Week'!K:K="""",'Current Week'!H:H="""")))"),0.0) -> 0 | K23: =IFERROR(__xludf.DUMMYFUNCTION("counta(iferror(filter('Current Week'!B:B,'Current Week'!B:B=A23,'Current Week'!K:K>0,not(iserror(find(""FINAL"",'Current Week'!G:G))),'Current Week'!U:U=TRUE)))+counta(iferror(filter('Current Week'!B:B,'Current Week'!B:B=A23,'Current Week'!K:K="""",not(is"&"error(find(""FINAL"",'Current Week'!G:G))),'Current Week'!U:U=TRUE,'Current Week'!H:H="""")))"),0.0) -> 0 | L23: =IFERROR(__xludf.DUMMYFUNCTION("counta(iferror(filter('Current Week'!B:B,'Current Week'!B:B=A23,'Current Week'!K:K<0,not(iserror(find(""FINAL"",'Current Week'!G:G))),'Current Week'!U:U<>TRUE)))"),0.0) -> 0 | M23: =IFERROR(__xludf.DUMMYFUNCTION("H23+counta(iferror(filter('Current Week'!B:B,'Current Week'!B:B=A23,'Current Week'!K:K<0,iserror(find(""FINAL"",'Current Week'!G:G)))))+counta(iferror(filter('Current Week'!B:B,'Current Week'!B:B=A23,'Current Week'!F:F<>"""",'Current Week'!J:J="""",'Curre"&"nt Week'!H:H="""",iserror(find(""FINAL"",'Current Week'!G:G)))))"),0.0) -> 0
A24: Masa | B24: =sumif('Current Week'!$B:$B,$A24,'Current Week'!D:D) -> 60 | C24: =sumif('Current Week'!$B:$B,$A24,'Current Week'!E:E) -> 60 | D24: =sumifs('Current Week'!D:D,'Current Week'!$B:$B,$A24,'Current Week'!T:T,"Power 5") -> 36 | E24: =sumifs('Current Week'!D:D,'Current Week'!$B:$B,$A24,'Current Week'!T:T,"Group of 5") -> 24 | F24: =10-countifs('Current Week'!B:B,A24,'Current Week'!G:G,"") -> 0 | G24: =IFERROR(__xludf.DUMMYFUNCTION("COUNTA(iferror(filter('Current Week'!B:B,'Current Week'!B:B=A24,left('Current Week'!G:G,5)=""FINAL"")))"),0.0) -> 0 | H24: =countifs('Current Week'!B:B,A24,'Current Week'!U:U,"=TRUE") -> 0 | I24: =F24-G24 -> 0 | J24: =IFERROR(__xludf.DUMMYFUNCTION("countifs('Current Week'!B:B,A24,'Current Week'!K:K,""<0"")+counta(iferror(filter('Current Week'!B:B,'Current Week'!B:B=A24,'Current Week'!F:F<>"""",'Current Week'!K:K="""",'Current Week'!H:H="""")))"),0.0) -> 0 | K24: =IFERROR(__xludf.DUMMYFUNCTION("counta(iferror(filter('Current Week'!B:B,'Current Week'!B:B=A24,'Current Week'!K:K>0,not(iserror(find(""FINAL"",'Current Week'!G:G))),'Current Week'!U:U=TRUE)))+counta(iferror(filter('Current Week'!B:B,'Current Week'!B:B=A24,'Current Week'!K:K="""",not(is"&"error(find(""FINAL"",'Current Week'!G:G))),'Current Week'!U:U=TRUE,'Current Week'!H:H="""")))"),0.0) -> 0 | L24: =IFERROR(__xludf.DUMMYFUNCTION("counta(iferror(filter('Current Week'!B:B,'Current Week'!B:B=A24,'Current Week'!K:K<0,not(iserror(find(""FINAL"",'Current Week'!G:G))),'Current Week'!U:U<>TRUE)))"),0.0) -> 0 | M24: =IFERROR(__xludf.DUMMYFUNCTION("H24+counta(iferror(filter('Current Week'!B:B,'Current Week'!B:B=A24,'Current Week'!K:K<0,iserror(find(""FINAL"",'Current Week'!G:G)))))+counta(iferror(filter('Current Week'!B:B,'Current Week'!B:B=A24,'Current Week'!F:F<>"""",'Current Week'!J:J="""",'Curre"&"nt Week'!H:H="""",iserror(find(""FINAL"",'Current Week'!G:G)))))"),0.0) -> 0
A25: Nico | B25: =sumif('Current Week'!$B:$B,$A25,'Current Week'!D:D) -> 66 | C25: =sumif('Current Week'!$B:$B,$A25,'Current Week'!E:E) -> 54 | D25: =sumifs('Current Week'!D:D,'Current Week'!$B:$B,$A25,'Current Week'!T:T,"Power 5") -> 39 | E25: =sumifs('Current Week'!D:D,'Current Week'!$B:$B,$A25,'Current Week'!T:T,"Group of 5") -> 27 | F25: =10-countifs('Current Week'!B:B,A25,'Current Week'!G:G,"") -> 2 | G25: =IFERROR(__xludf.DUMMYFUNCTION("COUNTA(iferror(filter('Current Week'!B:B,'Current Week'!B:B=A25,left('Current Week'!G:G,5)=""FINAL"")))"),0.0) -> 0 | H25: =countifs('Current Week'!B:B,A25,'Current Week'!U:U,"=TRUE") -> 0 | I25: =F25-G25 -> 2 | J25: =IFERROR(__xludf.DUMMYFUNCTION("countifs('Current Week'!B:B,A25,'Current Week'!K:K,""<0"")+counta(iferror(filter('Current Week'!B:B,'Current Week'!B:B=A25,'Current Week'!F:F<>"""",'Current Week'!K:K="""",'Current Week'!H:H="""")))"),2.0) -> 2 | K25: =IFERROR(__xludf.DUMMYFUNCTION("counta(iferror(filter('Current Week'!B:B,'Current Week'!B:B=A25,'Current Week'!K:K>0,not(iserror(find(""FINAL"",'Current Week'!G:G))),'Current Week'!U:U=TRUE)))+counta(iferror(filter('Current Week'!B:B,'Current Week'!B:B=A25,'Current Week'!K:K="""",not(is"&"error(find(""FINAL"",'Current Week'!G:G))),'Current Week'!U:U=TRUE,'Current Week'!H:H="""")))"),0.0) -> 0 | L25: =IFERROR(__xludf.DUMMYFUNCTION("counta(iferror(filter('Current Week'!B:B,'Current Week'!B:B=A25,'Current Week'!K:K<0,not(iserror(find(""FINAL"",'Current Week'!G:G))),'Current Week'!U:U<>TRUE)))"),0.0) -> 0 | M25: =IFERROR(__xludf.DUMMYFUNCTION("H25+counta(iferror(filter('Current Week'!B:B,'Current Week'!B:B=A25,'Current Week'!K:K<0,iserror(find(""FINAL"",'Current Week'!G:G)))))+counta(iferror(filter('Current Week'!B:B,'Current Week'!B:B=A25,'Current Week'!F:F<>"""",'Current Week'!J:J="""",'Curre"&"nt Week'!H:H="""",iserror(find(""FINAL"",'Current Week'!G:G)))))"),2.0) -> 2
A26: Brad | B26: =sumif('Current Week'!$B:$B,$A26,'Current Week'!D:D) -> 62 | C26: =sumif('Current Week'!$B:$B,$A26,'Current Week'!E:E) -> 58 | D26: =sumifs('Current Week'!D:D,'Current Week'!$B:$B,$A26,'Current Week'!T:T,"Power 5") -> 29 | E26: =sumifs('Current Week'!D:D,'Current Week'!$B:$B,$A26,'Current Week'!T:T,"Group of 5") -> 33 | F26: =10-countifs('Current Week'!B:B,A26,'Current Week'!G:G,"") -> 1 | G26: =IFERROR(__xludf.DUMMYFUNCTION("COUNTA(iferror(filter('Current Week'!B:B,'Current Week'!B:B=A26,left('Current Week'!G:G,5)=""FINAL"")))"),0.0) -> 0 | H26: =countifs('Current Week'!B:B,A26,'Current Week'!U:U,"=TRUE") -> 0 | I26: =F26-G26 -> 1 | J26: =IFERROR(__xludf.DUMMYFUNCTION("countifs('Current Week'!B:B,A26,'Current Week'!K:K,""<0"")+counta(iferror(filter('Current Week'!B:B,'Current Week'!B:B=A26,'Current Week'!F:F<>"""",'Current Week'!K:K="""",'Current Week'!H:H="""")))"),0.0) -> 0 | K26: =IFERROR(__xludf.DUMMYFUNCTION("counta(iferror(filter('Current Week'!B:B,'Current Week'!B:B=A26,'Current Week'!K:K>0,not(iserror(find(""FINAL"",'Current Week'!G:G))),'Current Week'!U:U=TRUE)))+counta(iferror(filter('Current Week'!B:B,'Current Week'!B:B=A26,'Current Week'!K:K="""",not(is"&"error(find(""FINAL"",'Current Week'!G:G))),'Current Week'!U:U=TRUE,'Current Week'!H:H="""")))"),0.0) -> 0 | L26: =IFERROR(__xludf.DUMMYFUNCTION("counta(iferror(filter('Current Week'!B:B,'Current Week'!B:B=A26,'Current Week'!K:K<0,not(iserror(find(""FINAL"",'Current Week'!G:G))),'Current Week'!U:U<>TRUE)))"),0.0) -> 0 | M26: =IFERROR(__xludf.DUMMYFUNCTION("H26+counta(iferror(filter('Current Week'!B:B,'Current Week'!B:B=A26,'Current Week'!K:K<0,iserror(find(""FINAL"",'Current Week'!G:G)))))+counta(iferror(filter('Current Week'!B:B,'Current Week'!B:B=A26,'Current Week'!F:F<>"""",'Current Week'!J:J="""",'Curre"&"nt Week'!H:H="""",iserror(find(""FINAL"",'Current Week'!G:G)))))"),0.0) -> 0
A27: Jeannine | B27: =sumif('Current Week'!$B:$B,$A27,'Current Week'!D:D) -> 57 | C27: =sumif('Current Week'!$B:$B,$A27,'Current Week'!E:E) -> 63 | D27: =sumifs('Current Week'!D:D,'Current Week'!$B:$B,$A27,'Current Week'!T:T,"Power 5") -> 31 | E27: =sumifs('Current Week'!D:D,'Current Week'!$B:$B,$A27,'Current Week'!T:T,"Group of 5") -> 26 | F27: =10-countifs('Current Week'!B:B,A27,'Current Week'!G:G,"") -> 0 | G27: =IFERROR(__xludf.DUMMYFUNCTION("COUNTA(iferror(filter('Current Week'!B:B,'Current Week'!B:B=A27,left('Current Week'!G:G,5)=""FINAL"")))"),0.0) -> 0 | H27: =countifs('Current Week'!B:B,A27,'Current Week'!U:U,"=TRUE") -> 0 | I27: =F27-G27 -> 0 | J27: =IFERROR(__xludf.DUMMYFUNCTION("countifs('Current Week'!B:B,A27,'Current Week'!K:K,""<0"")+counta(iferror(filter('Current Week'!B:B,'Current Week'!B:B=A27,'Current Week'!F:F<>"""",'Current Week'!K:K="""",'Current Week'!H:H="""")))"),0.0) -> 0 | K27: =IFERROR(__xludf.DUMMYFUNCTION("counta(iferror(filter('Current Week'!B:B,'Current Week'!B:B=A27,'Current Week'!K:K>0,not(iserror(find(""FINAL"",'Current Week'!G:G))),'Current Week'!U:U=TRUE)))+counta(iferror(filter('Current Week'!B:B,'Current Week'!B:B=A27,'Current Week'!K:K="""",not(is"&"error(find(""FINAL"",'Current Week'!G:G))),'Current Week'!U:U=TRUE,'Current Week'!H:H="""")))"),0.0) -> 0 | L27: =IFERROR(__xludf.DUMMYFUNCTION("counta(iferror(filter('Current Week'!B:B,'Current Week'!B:B=A27,'Current Week'!K:K<0,not(iserror(find(""FINAL"",'Current Week'!G:G))),'Current Week'!U:U<>TRUE)))"),0.0) -> 0 | M27: =IFERROR(__xludf.DUMMYFUNCTION("H27+counta(iferror(filter('Current Week'!B:B,'Current Week'!B:B=A27,'Current Week'!K:K<0,iserror(find(""FINAL"",'Current Week'!G:G)))))+counta(iferror(filter('Current Week'!B:B,'Current Week'!B:B=A27,'Current Week'!F:F<>"""",'Current Week'!J:J="""",'Curre"&"nt Week'!H:H="""",iserror(find(""FINAL"",'Current Week'!G:G)))))"),0.0) -> 0
A28: Gary | B28: =sumif('Current Week'!$B:$B,$A28,'Current Week'!D:D) -> 74 | C28: =sumif('Current Week'!$B:$B,$A28,'Current Week'!E:E) -> 46 | D28: =sumifs('Current Week'!D:D,'Current Week'!$B:$B,$A28,'Current Week'!T:T,"Power 5") -> 42 | E28: =sumifs('Current Week'!D:D,'Current Week'!$B:$B,$A28,'Current Week'!T:T,"Group of 5") -> 32 | F28: =10-countifs('Current Week'!B:B,A28,'Current Week'!G:G,"") -> 2 | G28: =IFERROR(__xludf.DUMMYFUNCTION("COUNTA(iferror(filter('Current Week'!B:B,'Current Week'!B:B=A28,left('Current Week'!G:G,5)=""FINAL"")))"),0.0) -> 0 | H28: =countifs('Current Week'!B:B,A28,'Current Week'!U:U,"=TRUE") -> 0 | I28: =F28-G28 -> 2 | J28: =IFERROR(__xludf.DUMMYFUNCTION("countifs('Current Week'!B:B,A28,'Current Week'!K:K,""<0"")+counta(iferror(filter('Current Week'!B:B,'Current Week'!B:B=A28,'Current Week'!F:F<>"""",'Current Week'!K:K="""",'Current Week'!H:H="""")))"),2.0) -> 2 | K28: =IFERROR(__xludf.DUMMYFUNCTION("counta(iferror(filter('Current Week'!B:B,'Current Week'!B:B=A28,'Current Week'!K:K>0,not(iserror(find(""FINAL"",'Current Week'!G:G))),'Current Week'!U:U=TRUE)))+counta(iferror(filter('Current Week'!B:B,'Current Week'!B:B=A28,'Current Week'!K:K="""",not(is"&"error(find(""FINAL"",'Current Week'!G:G))),'Current Week'!U:U=TRUE,'Current Week'!H:H="""")))"),0.0) -> 0 | L28: =IFERROR(__xludf.DUMMYFUNCTION("counta(iferror(filter('Current Week'!B:B,'Current Week'!B:B=A28,'Current Week'!K:K<0,not(iserror(find(""FINAL"",'Current Week'!G:G))),'Current Week'!U:U<>TRUE)))"),0.0) -> 0 | M28: =IFERROR(__xludf.DUMMYFUNCTION("H28+counta(iferror(filter('Current Week'!B:B,'Current Week'!B:B=A28,'Current Week'!K:K<0,iserror(find(""FINAL"",'Current Week'!G:G)))))+counta(iferror(filter('Current Week'!B:B,'Current Week'!B:B=A28,'Current Week'!F:F<>"""",'Current Week'!J:J="""",'Curre"&"nt Week'!H:H="""",iserror(find(""FINAL"",'Current Week'!G:G)))))"),2.0) -> 2
A29: Justin | B29: =sumif('Current Week'!$B:$B,$A29,'Current Week'!D:D) -> 64 | C29: =sumif('Current Week'!$B:$B,$A29,'Current Week'!E:E) -> 56 | D29: =sumifs('Current Week'!D:D,'Current Week'!$B:$B,$A29,'Current Week'!T:T,"Power 5") -> 40 | E29: =sumifs('Current Week'!D:D,'Current Week'!$B:$B,$A29,'Current Week'!T:T,"Group of 5") -> 24 | F29: =10-countifs('Current Week'!B:B,A29,'Current Week'!G:G,"") -> 2 | G29: =IFERROR(__xludf.DUMMYFUNCTION("COUNTA(iferror(filter('Current Week'!B:B,'Current Week'!B:B=A29,left('Current Week'!G:G,5)=""FINAL"")))"),0.0) -> 0 | H29: =countifs('Current Week'!B:B,A29,'Current Week'!U:U,"=TRUE") -> 0 | I29: =F29-G29 -> 2 | J29: =IFERROR(__xludf.DUMMYFUNCTION("countifs('Current Week'!B:B,A29,'Current Week'!K:K,""<0"")+counta(iferror(filter('Current Week'!B:B,'Current Week'!B:B=A29,'Current Week'!F:F<>"""",'Current Week'!K:K="""",'Current Week'!H:H="""")))"),1.0) -> 1 | K29: =IFERROR(__xludf.DUMMYFUNCTION("counta(iferror(filter('Current Week'!B:B,'Current Week'!B:B=A29,'Current Week'!K:K>0,not(iserror(find(""FINAL"",'Current Week'!G:G))),'Current Week'!U:U=TRUE)))+counta(iferror(filter('Current Week'!B:B,'Current Week'!B:B=A29,'Current Week'!K:K="""",not(is"&"error(find(""FINAL"",'Current Week'!G:G))),'Current Week'!U:U=TRUE,'Current Week'!H:H="""")))"),0.0) -> 0 | L29: =IFERROR(__xludf.DUMMYFUNCTION("counta(iferror(filter('Current Week'!B:B,'Current Week'!B:B=A29,'Current Week'!K:K<0,not(iserror(find(""FINAL"",'Current Week'!G:G))),'Current Week'!U:U<>TRUE)))"),0.0) -> 0 | M29: =IFERROR(__xludf.DUMMYFUNCTION("H29+counta(iferror(filter('Current Week'!B:B,'Current Week'!B:B=A29,'Current Week'!K:K<0,iserror(find(""FINAL"",'Current Week'!G:G)))))+counta(iferror(filter('Current Week'!B:B,'Current Week'!B:B=A29,'Current Week'!F:F<>"""",'Current Week'!J:J="""",'Curre"&"nt Week'!H:H="""",iserror(find(""FINAL"",'Current Week'!G:G)))))"),1.0) -> 1

Sheet Current Week
A1: 100 | B1: Player | C1: Team | D1: W | E1: L | F1: matchup | G1: Status (Time ET) | H1: opponent | I1: network | J1: Opening Spread | K1: Current Spread | L1: Current Total | M1: Money Lines | N1: PF | O1: PA | P1: sort2 | Q1: dupe | R1: activeSort | S1: Conf | T1: Conf type | U1: Win
A2: 101 | B2: Nick G. | C2: Oregon | D2: 11 | E2: 1 | F2: (5) Oregon at (3) Washington | G2: 45261.833 | H2: Vu | J2: -7.5 | K2: -9.5 | L2: -345 | M2: o65.5 | N2: 543 | O2: 191 | P2: 1 | Q2: FALSE | R2: 100 | S2: {=vlookup(C2,{DraftTracker!F:F,DraftTracker!E:E},2,0)} -> Pac12 | T2: =VLOOKUP(S2,P5G5!A:B,2,0) -> Power 5 | U2: =IFERROR(__xludf.DUMMYFUNCTION("iferror(if(not(iserror(find(""FINAL"",G2))),max(arrayformula(value(REGEXEXTRACT(F2,""^""&C2&"" ([\d]+)|[^a-zA-Z] ""&C2&"" ([\d]+)""))))=max(value(REGEXEXTRACT(F2,"" ([\d]+)"")),value(REGEXEXTRACT(F2,""([\d]+)$""))),""""))"),"")
A3: 101 | B3: Nick G. | C3: Georgia | D3: 12 | E3: 0 | F3: (1) Georgia at (8) Alabama | G3: 45262.667 | H3: DavEmily | J3: -4.5 | K3: -6.5 | L3: -220 | M3: o54.5 | N3: 475 | O3: 189 | P3: 1 | Q3: TRUE | R3: 100 | S3: {=vlookup(C3,{DraftTracker!F:F,DraftTracker!E:E},2,0)} -> SEC | T3: =VLOOKUP(S3,P5G5!A:B,2,0) -> Power 5 | U3: =IFERROR(__xludf.DUMMYFUNCTION("iferror(if(not(iserror(find(""FINAL"",G3))),max(arrayformula(value(REGEXEXTRACT(F3,""^""&C3&"" ([\d]+)|[^a-zA-Z] ""&C3&"" ([\d]+)""))))=max(value(REGEXEXTRACT(F3,"" ([\d]+)"")),value(REGEXEXTRACT(F3,""([\d]+)$""))),""""))"),"")
A4: 101 | B4: Nick G. | C4: Appalachian State | D4: 8 | E4: 4 | F4: Appalachian State at Troy | G4: 45262.667 | H4: Vu | J4: 6 | K4: 5.5 | L4: 198 | M4: o52.5 | N4: 429 | O4: 320 | P4: 1 | Q4: FALSE | R4: 100 | S4: {=vlookup(C4,{DraftTracker!F:F,DraftTracker!E:E},2,0)} -> Sun Belt | T4: =VLOOKUP(S4,P5G5!A:B,2,0) -> Group of 5 | U4: =IFERROR(__xludf.DUMMYFUNCTION("iferror(if(not(iserror(find(""FINAL"",G4))),max(arrayformula(value(REGEXEXTRACT(F4,""^""&C4&"" ([\d]+)|[^a-zA-Z] ""&C4&"" ([\d]+)""))))=max(value(REGEXEXTRACT(F4,"" ([\d]+)"")),value(REGEXEXTRACT(F4,""([\d]+)$""))),""""))"),"")
A5: 101 | B5: Nick G. | C5: Kansas State | D5: 8 | E5: 4 | N5: 454 | O5: 254 | P5: 3 | Q5: TRUE | R5: 100 | S5: {=vlookup(C5,{DraftTracker!F:F,DraftTracker!E:E},2,0)} -> Big 12 | T5: =VLOOKUP(S5,P5G5!A:B,2,0) -> Power 5 | U5: =IFERROR(__xludf.DUMMYFUNCTION("iferror(if(not(iserror(find(""FINAL"",G5))),max(arrayformula(value(REGEXEXTRACT(F5,""^""&C5&"" ([\d]+)|[^a-zA-Z] ""&C5&"" ([\d]+)""))))=max(value(REGEXEXTRACT(F5,"" ([\d]+)"")),value(REGEXEXTRACT(F5,""([\d]+)$""))),""""))"),"")
A6: 101 | B6: Nick G. | C6: Kent State | D6: 1 | E6: 11 | N6: 176 | O6: 415 | P6: 3 | Q6: TRUE | R6: 100 | S6: {=vlookup(C6,{DraftTracker!F:F,DraftTracker!E:E},2,0)} -> MAC | T6: =VLOOKUP(S6,P5G5!A:B,2,0) -> Group of 5 | U6: =IFERROR(__xludf.DUMMYFUNCTION("iferror(if(not(iserror(find(""FINAL"",G6))),max(arrayformula(value(REGEXEXTRACT(F6,""^""&C6&"" ([\d]+)|[^a-zA-Z] ""&C6&"" ([\d]+)""))))=max(value(REGEXEXTRACT(F6,"" ([\d]+)"")),value(REGEXEXTRACT(F6,""([\d]+)$""))),""""))"),"")
A7: 101 | B7: Nick G. | C7: Sam Houston | D7: 3 | E7: 9 | N7: 240 | O7: 314 | P7: 3 | Q7: TRUE | R7: 100 | S7: {=vlookup(C7,{DraftTracker!F:F,DraftTracker!E:E},2,0)} -> CUSA | T7: =VLOOKUP(S7,P5G5!A:B,2,0) -> Group of 5 | U7: =IFERROR(__xludf.DUMMYFUNCTION("iferror(if(not(iserror(find(""FINAL"",G7))),max(arrayformula(value(REGEXEXTRACT(F7,""^""&C7&"" ([\d]+)|[^a-zA-Z] ""&C7&"" ([\d]+)""))))=max(value(REGEXEXTRACT(F7,"" ([\d]+)"")),value(REGEXEXTRACT(F7,""([\d]+)$""))),""""))"),"")
A8: 101 | B8: Nick G. | C8: Miami | D8: 7 | E8: 5 | N8: 385 | O8: 265 | P8: 3 | Q8: TRUE | R8: 100 | S8: {=vlookup(C8,{DraftTracker!F:F,DraftTracker!E:E},2,0)} -> ACC | T8: =VLOOKUP(S8,P5G5!A:B,2,0) -> Power 5 | U8: =IFERROR(__xludf.DUMMYFUNCTION("iferror(if(not(iserror(find(""FINAL"",G8))),max(arrayformula(value(REGEXEXTRACT(F8,""^""&C8&"" ([\d]+)|[^a-zA-Z] ""&C8&"" ([\d]+)""))))=max(value(REGEXEXTRACT(F8,"" ([\d]+)"")),value(REGEXEXTRACT(F8,""([\d]+)$""))),""""))"),"")
A9: 101 | B9: Nick G. | C9: Nebraska | D9: 5 | E9: 7 | N9: 216 | O9: 219 | P9: 3 | Q9: TRUE | R9: 100 | S9: {=vlookup(C9,{DraftTracker!F:F,DraftTracker!E:E},2,0)} -> Big Ten | T9: =VLOOKUP(S9,P5G5!A:B,2,0) -> Power 5 | U9: =IFERROR(__xludf.DUMMYFUNCTION("iferror(if(not(iserror(find(""FINAL"",G9))),max(arrayformula(value(REGEXEXTRACT(F9,""^""&C9&"" ([\d]+)|[^a-zA-Z] ""&C9&"" ([\d]+)""))))=max(value(REGEXEXTRACT(F9,"" ([\d]+)"")),value(REGEXEXTRACT(F9,""([\d]+)$""))),""""))"),"")
A10: 101 | B10: Nick G. | C10: Temple | D10: 3 | E10: 9 | N10: 253 | O10: 428 | P10: 3 | Q10: TRUE | R10: 100 | S10: {=vlookup(C10,{DraftTracker!F:F,DraftTracker!E:E},2,0)} -> AAC | T10: =VLOOKUP(S10,P5G5!A:B,2,0) -> Group of 5 | U10: =IFERROR(__xludf.DUMMYFUNCTION("iferror(if(not(iserror(find(""FINAL"",G10))),max(arrayformula(value(REGEXEXTRACT(F10,""^""&C10&"" ([\d]+)|[^a-zA-Z] ""&C10&"" ([\d]+)""))))=max(value(REGEXEXTRACT(F10,"" ([\d]+)"")),value(REGEXEXTRACT(F10,""([\d]+)$""))),""""))"),"")
A11: 101 | B11: Nick G. | C11: New Mexico | D11: 4 | E11: 8 | N11: 327 | O11: 421 | P11: 3 | Q11: TRUE | R11: 100 | S11: {=vlookup(C11,{DraftTracker!F:F,DraftTracker!E:E},2,0)} -> MWC | T11: =VLOOKUP(S11,P5G5!A:B,2,0) -> Group of 5 | U11: =IFERROR(__xludf.DUMMYFUNCTION("iferror(if(not(iserror(find(""FINAL"",G11))),max(arrayformula(value(REGEXEXTRACT(F11,""^""&C11&"" ([\d]+)|[^a-zA-Z] ""&C11&"" ([\d]+)""))))=max(value(REGEXEXTRACT(F11,"" ([\d]+)"")),value(REGEXEXTRACT(F11,""([\d]+)$""))),""""))"),"")
A12: 102 | S12: {=vlookup(C12,{DraftTracker!F:F,DraftTracker!E:E},2,0)} -> #N/A | T12: =VLOOKUP(S12,P5G5!A:B,2,0) -> #N/A | U12: =IFERROR(__xludf.DUMMYFUNCTION("iferror(if(not(iserror(find(""FINAL"",G12))),max(arrayformula(value(REGEXEXTRACT(F12,""^""&C12&"" ([\d]+)|[^a-zA-Z] ""&C12&"" ([\d]+)""))))=max(value(REGEXEXTRACT(F12,"" ([\d]+)"")),value(REGEXEXTRACT(F12,""([\d]+)$""))),""""))"),"")
A13: 103 | B13: Janice/Mike | C13: Liberty | D13: 12 | E13: 0 | F13: New Mexico State at (22) Liberty | G13: 45261.792 | H13: Josh | I13: CBSSN | J13: -13.5 | K13: -10.5 | L13: 340 | M13: o56.5 | N13: 481 | O13: 260 | P13: 1 | Q13: TRUE | R13: 100 | S13: {=vlookup(C13,{DraftTracker!F:F,DraftTracker!E:E},2,0)} -> CUSA | T13: =VLOOKUP(S13,P5G5!A:B,2,0) -> Group of 5 | U13: =IFERROR(__xludf.DUMMYFUNCTION("iferror(if(not(iserror(find(""FINAL"",G13))),max(arrayformula(value(REGEXEXTRACT(F13,""^""&C13&"" ([\d]+)|[^a-zA-Z] ""&C13&"" ([\d]+)""))))=max(value(REGEXEXTRACT(F13,"" ([\d]+)"")),value(REGEXEXTRACT(F13,""([\d]+)$""))),""""))"),"")
A14: 103 | B14: Janice/Mike | C14: Colorado State | D14: 5 | E14: 7 | N14: 313 | O14: 355 | P14: 3 | Q14: TRUE | R14: 100 | S14: {=vlookup(C14,{DraftTracker!F:F,DraftTracker!E:E},2,0)} -> MWC | T14: =VLOOKUP(S14,P5G5!A:B,2,0) -> Group of 5 | U14: =IFERROR(__xludf.DUMMYFUNCTION("iferror(if(not(iserror(find(""FINAL"",G14))),max(arrayformula(value(REGEXEXTRACT(F14,""^""&C14&"" ([\d]+)|[^a-zA-Z] ""&C14&"" ([\d]+)""))))=max(value(REGEXEXTRACT(F14,"" ([\d]+)"")),value(REGEXEXTRACT(F14,""([\d]+)$""))),""""))"),"")
A15: 103 | B15: Janice/Mike | C15: UCLA | D15: 7 | E15: 5 | N15: 309 | O15: 217 | P15: 3 | Q15: TRUE | R15: 100 | S15: {=vlookup(C15,{DraftTracker!F:F,DraftTracker!E:E},2,0)} -> Pac12 | T15: =VLOOKUP(S15,P5G5!A:B,2,0) -> Power 5 | U15: =IFERROR(__xludf.DUMMYFUNCTION("iferror(if(not(iserror(find(""FINAL"",G15))),max(arrayformula(value(REGEXEXTRACT(F15,""^""&C15&"" ([\d]+)|[^a-zA-Z] ""&C15&"" ([\d]+)""))))=max(value(REGEXEXTRACT(F15,"" ([\d]+)"")),value(REGEXEXTRACT(F15,""([\d]+)$""))),""""))"),"")
A16: 103 | B16: Janice/Mike | C16: Marshall | D16: 6 | E16: 6 | N16: 279 | O16: 338 | P16: 3 | Q16: TRUE | R16: 100 | S16: {=vlookup(C16,{DraftTracker!F:F,DraftTracker!E:E},2,0)} -> Sun Belt | T16: =VLOOKUP(S16,P5G5!A:B,2,0) -> Group of 5 | U16: =IFERROR(__xludf.DUMMYFUNCTION("iferror(if(not(iserror(find(""FINAL"",G16))),max(arrayformula(value(REGEXEXTRACT(F16,""^""&C16&"" ([\d]+)|[^a-zA-Z] ""&C16&"" ([\d]+)""))))=max(value(REGEXEXTRACT(F16,"" ([\d]+)"")),value(REGEXEXTRACT(F16,""([\d]+)$""))),""""))"),"")
A17: 103 | B17: Janice/Mike | C17: Auburn | D17: 6 | E17: 6 | N17: 327 | O17: 263 | P17: 3 | Q17: TRUE | R17: 100 | S17: {=vlookup(C17,{DraftTracker!F:F,DraftTracker!E:E},2,0)} -> SEC | T17: =VLOOKUP(S17,P5G5!A:B,2,0) -> Power 5 | U17: =IFERROR(__xludf.DUMMYFUNCTION("iferror(if(not(iserror(find(""FINAL"",G17))),max(arrayformula(value(REGEXEXTRACT(F17,""^""&C17&"" ([\d]+)|[^a-zA-Z] ""&C17&"" ([\d]+)""))))=max(value(REGEXEXTRACT(F17,"" ([\d]+)"")),value(REGEXEXTRACT(F17,""([\d]+)$""))),""""))"),"")
A18: 103 | B18: Janice/Mike | C18: Virginia Tech | D18: 6 | E18: 6 | J18: -1.5 | K18: -1.5 | L18: -118 | M18: o53.5 | N18: 343 | O18: 291 | P18: 3 | Q18: TRUE | R18: 100 | S18: {=vlookup(C18,{DraftTracker!F:F,DraftTracker!E:E},2,0)} -> ACC | T18: =VLOOKUP(S18,P5G5!A:B,2,0) -> Power 5 | U18: =IFERROR(__xludf.DUMMYFUNCTION("iferror(if(not(iserror(find(""FINAL"",G18))),max(arrayformula(value(REGEXEXTRACT(F18,""^""&C18&"" ([\d]+)|[^a-zA-Z] ""&C18&"" ([\d]+)""))))=max(value(REGEXEXTRACT(F18,"" ([\d]+)"")),value(REGEXEXTRACT(F18,""([\d]+)$""))),""""))"),"")
A19: 103 | B19: Janice/Mike | C19: Minnesota | D19: 5 | E19: 7 | N19: 242 | O19: 323 | P19: 3 | Q19: TRUE | R19: 100 | S19: {=vlookup(C19,{DraftTracker!F:F,DraftTracker!E:E},2,0)} -> Big Ten | T19: =VLOOKUP(S19,P5G5!A:B,2,0) -> Power 5 | U19: =IFERROR(__xludf.DUMMYFUNCTION("iferror(if(not(iserror(find(""FINAL"",G19))),max(arrayformula(value(REGEXEXTRACT(F19,""^""&C19&"" ([\d]+)|[^a-zA-Z] ""&C19&"" ([\d]+)""))))=max(value(REGEXEXTRACT(F19,"" ([\d]+)"")),value(REGEXEXTRACT(F19,""([\d]+)$""))),""""))"),"")
A20: 103 | B20: Janice/Mike | C20: Northern Illinois | D20: 6 | E20: 6 | N20: 303 | O20: 254 | P20: 3 | Q20: TRUE | R20: 100 | S20: {=vlookup(C20,{DraftTracker!F:F,DraftTracker!E:E},2,0)} -> MAC | T20: =VLOOKUP(S20,P5G5!A:B,2,0) -> Group of 5 | U20: =IFERROR(__xludf.DUMMYFUNCTION("iferror(if(not(iserror(find(""FINAL"",G20))),max(arrayformula(value(REGEXEXTRACT(F20,""^""&C20&"" ([\d]+)|[^a-zA-Z] ""&C20&"" ([\d]+)""))))=max(value(REGEXEXTRACT(F20,"" ([\d]+)"")),value(REGEXEXTRACT(F20,""([\d]+)$""))),""""))"),"")
A21: 103 | B21: Janice/Mike | C21: Memphis | D21: 9 | E21: 3 | N21: 476 | O21: 348 | P21: 3 | Q21: TRUE | R21: 100 | S21: {=vlookup(C21,{DraftTracker!F:F,DraftTracker!E:E},2,0)} -> AAC | T21: =VLOOKUP(S21,P5G5!A:B,2,0) -> Group of 5 | U21: =IFERROR(__xludf.DUMMYFUNCTION("iferror(if(not(iserror(find(""FINAL"",G21))),max(arrayformula(value(REGEXEXTRACT(F21,""^""&C21&"" ([\d]+)|[^a-zA-Z] ""&C21&"" ([\d]+)""))))=max(value(REGEXEXTRACT(F21,"" ([\d]+)"")),value(REGEXEXTRACT(F21,""([\d]+)$""))),""""))"),"")
A22: 103 | B22: Janice/Mike | C22: BYU | D22: 5 | E22: 7 | N22: 277 | O22: 358 | P22: 3 | Q22: TRUE | R22: 100 | S22: {=vlookup(C22,{DraftTracker!F:F,DraftTracker!E:E},2,0)} -> Big 12 | T22: =VLOOKUP(S22,P5G5!A:B,2,0) -> Power 5 | U22: =IFERROR(__xludf.DUMMYFUNCTION("iferror(if(not(iserror(find(""FINAL"",G22))),max(arrayformula(value(REGEXEXTRACT(F22,""^""&C22&"" ([\d]+)|[^a-zA-Z] ""&C22&"" ([\d]+)""))))=max(value(REGEXEXTRACT(F22,"" ([\d]+)"")),value(REGEXEXTRACT(F22,""([\d]+)$""))),""""))"),"")
A23: 104 | S23: {=vlookup(C23,{DraftTracker!F:F,DraftTracker!E:E},2,0)} -> #N/A | T23: =VLOOKUP(S23,P5G5!A:B,2,0) -> #N/A | U23: =IFERROR(__xludf.DUMMYFUNCTION("iferror(if(not(iserror(find(""FINAL"",G23))),max(arrayformula(value(REGEXEXTRACT(F23,""^""&C23&"" ([\d]+)|[^a-zA-Z] ""&C23&"" ([\d]+)""))))=max(value(REGEXEXTRACT(F23,"" ([\d]+)"")),value(REGEXEXTRACT(F23,""([\d]+)$""))),""""))"),"")
A24: 105 | B24: Nick A. | C24: Toledo | D24: 11 | E24: 1 | F24: Miami-OH at Toledo | G24: 45262.5 | H24: Brad | I24: ESPN | J24: -9 | K24: -7.5 | L24: 255 | M24: o43.5 | N24: 423 | O24: 245 | P24: 1 | Q24: TRUE | R24: 100 | S24: {=vlookup(C24,{DraftTracker!F:F,DraftTracker!E:E},2,0)} -> MAC | T24: =VLOOKUP(S24,P5G5!A:B,2,0) -> Group of 5 | U24: =IFERROR(__xludf.DUMMYFUNCTION("iferror(if(not(iserror(find(""FINAL"",G24))),max(arrayformula(value(REGEXEXTRACT(F24,""^""&C24&"" ([\d]+)|[^a-zA-Z] ""&C24&"" ([\d]+)""))))=max(value(REGEXEXTRACT(F24,"" ([\d]+)"")),value(REGEXEXTRACT(F24,""([\d]+)$""))),""""))"),"")
A25: 105 | B25: Nick A. | C25: Army | D25: 6 | E25: 6 | N25: 229 | O25: 242 | P25: 3 | Q25: FALSE | R25: 100 | S25: {=vlookup(C25,{DraftTracker!F:F,DraftTracker!E:E},2,0)} -> CUSA | T25: =VLOOKUP(S25,P5G5!A:B,2,0) -> Group of 5 | U25: =IFERROR(__xludf.DUMMYFUNCTION("iferror(if(not(iserror(find(""FINAL"",G25))),max(arrayformula(value(REGEXEXTRACT(F25,""^""&C25&"" ([\d]+)|[^a-zA-Z] ""&C25&"" ([\d]+)""))))=max(value(REGEXEXTRACT(F25,"" ([\d]+)"")),value(REGEXEXTRACT(F25,""([\d]+)$""))),""""))"),"")
A26: 105 | B26: Nick A. | C26: Iowa State | D26: 7 | E26: 5 | N26: 315 | O26: 260 | P26: 3 | Q26: TRUE | R26: 100 | S26: {=vlookup(C26,{DraftTracker!F:F,DraftTracker!E:E},2,0)} -> Big 12 | T26: =VLOOKUP(S26,P5G5!A:B,2,0) -> Power 5 | U26: =IFERROR(__xludf.DUMMYFUNCTION("iferror(if(not(iserror(find(""FINAL"",G26))),max(arrayformula(value(REGEXEXTRACT(F26,""^""&C26&"" ([\d]+)|[^a-zA-Z] ""&C26&"" ([\d]+)""))))=max(value(REGEXEXTRACT(F26,"" ([\d]+)"")),value(REGEXEXTRACT(F26,""([\d]+)$""))),""""))"),"")
A27: 105 | B27: Nick A. | C27: Texas State | D27: 7 | E27: 5 | N27: 432 | O27: 406 | P27: 3 | Q27: TRUE | R27: 100 | S27: {=vlookup(C27,{DraftTracker!F:F,DraftTracker!E:E},2,0)} -> Sun Belt | T27: =VLOOKUP(S27,P5G5!A:B,2,0) -> Group of 5 | U27: =IFERROR(__xludf.DUMMYFUNCTION("iferror(if(not(iserror(find(""FINAL"",G27))),max(arrayformula(value(REGEXEXTRACT(F27,""^""&C27&"" ([\d]+)|[^a-zA-Z] ""&C27&"" ([\d]+)""))))=max(value(REGEXEXTRACT(F27,"" ([\d]+)"")),value(REGEXEXTRACT(F27,""([\d]+)$""))),""""))"),"")
A28: 105 | B28: Nick A. | C28: Florida | D28: 5 | E28: 7 | N28: 341 | O28: 331 | P28: 3 | Q28: TRUE | R28: 100 | S28: {=vlookup(C28,{DraftTracker!F:F,DraftTracker!E:E},2,0)} -> SEC | T28: =VLOOKUP(S28,P5G5!A:B,2,0) -> Power 5 | U28: =IFERROR(__xludf.DUMMYFUNCTION("iferror(if(not(iserror(find(""FINAL"",G28))),max(arrayformula(value(REGEXEXTRACT(F28,""^""&C28&"" ([\d]+)|[^a-zA-Z] ""&C28&"" ([\d]+)""))))=max(value(REGEXEXTRACT(F28,"" ([\d]+)"")),value(REGEXEXTRACT(F28,""([\d]+)$""))),""""))"),"")
A29: 105 | B29: Nick A. | C29: Notre Dame | D29: 9 | E29: 3 | N29: 469 | O29: 199 | P29: 3 | Q29: TRUE | R29: 100 | S29: {=vlookup(C29,{DraftTracker!F:F,DraftTracker!E:E},2,0)} -> Pac12 | T29: =VLOOKUP(S29,P5G5!A:B,2,0) -> Power 5 | U29: =IFERROR(__xludf.DUMMYFUNCTION("iferror(if(not(iserror(find(""FINAL"",G29))),max(arrayformula(value(REGEXEXTRACT(F29,""^""&C29&"" ([\d]+)|[^a-zA-Z] ""&C29&"" ([\d]+)""))))=max(value(REGEXEXTRACT(F29,"" ([\d]+)"")),value(REGEXEXTRACT(F29,""([\d]+)$""))),""""))"),"")
A30: 105 | B30: Nick A. | C30: San José State | D30: 7 | E30: 5 | N30: 400 | O30: 309 | P30: 3 | Q30: TRUE | R30: 100 | S30: {=vlookup(C30,{DraftTracker!F:F,DraftTracker!E:E},2,0)} -> MWC | T30: =VLOOKUP(S30,P5G5!A:B,2,0) -> Group of 5 | U30: =IFERROR(__xludf.DUMMYFUNCTION("iferror(if(not(iserror(find(""FINAL"",G30))),max(arrayformula(value(REGEXEXTRACT(F30,""^""&C30&"" ([\d]+)|[^a-zA-Z] ""&C30&"" ([\d]+)""))))=max(value(REGEXEXTRACT(F30,"" ([\d]+)"")),value(REGEXEXTRACT(F30,""([\d]+)$""))),""""))"),"")
A31: 105 | B31: Nick A. | C31: Syracuse | D31: 6 | E31: 6 | N31: 306 | O31: 285 | P31: 3 | Q31: TRUE | R31: 100 | S31: {=vlookup(C31,{DraftTracker!F:F,DraftTracker!E:E},2,0)} -> ACC | T31: =VLOOKUP(S31,P5G5!A:B,2,0) -> Power 5 | U31: =IFERROR(__xludf.DUMMYFUNCTION("iferror(if(not(iserror(find(""FINAL"",G31))),max(arrayformula(value(REGEXEXTRACT(F31,""^""&C31&"" ([\d]+)|[^a-zA-Z] ""&C31&"" ([\d]+)""))))=max(value(REGEXEXTRACT(F31,"" ([\d]+)"")),value(REGEXEXTRACT(F31,""([\d]+)$""))),""""))"),"")
A32: 105 | B32: Nick A. | C32: Florida Atlantic | D32: 4 | E32: 8 | N32: 285 | O32: 306 | P32: 3 | Q32: TRUE | R32: 100 | S32: {=vlookup(C32,{DraftTracker!F:F,DraftTracker!E:E},2,0)} -> AAC | T32: =VLOOKUP(S32,P5G5!A:B,2,0) -> Group of 5 | U32: =IFERROR(__xludf.DUMMYFUNCTION("iferror(if(not(iserror(find(""FINAL"",G32))),max(arrayformula(value(REGEXEXTRACT(F32,""^""&C32&"" ([\d]+)|[^a-zA-Z] ""&C32&"" ([\d]+)""))))=max(value(REGEXEXTRACT(F32,"" ([\d]+)"")),value(REGEXEXTRACT(F32,""([\d]+)$""))),""""))"),"")
A33: 105 | B33: Nick A. | C33: Penn State | D33: 10 | E33: 2 | N33: 446 | O33: 137 | P33: 3 | Q33: TRUE | R33: 100 | S33: {=vlookup(C33,{DraftTracker!F:F,DraftTracker!E:E},2,0)} -> Big Ten | T33: =VLOOKUP(S33,P5G5!A:B,2,0) -> Power 5 | U33: =IFERROR(__xludf.DUMMYFUNCTION("iferror(if(not(iserror(find(""FINAL"",G33))),max(arrayformula(value(REGEXEXTRACT(F33,""^""&C33&"" ([\d]+)|[^a-zA-Z] ""&C33&"" ([\d]+)""))))=max(value(REGEXEXTRACT(F33,"" ([\d]+)"")),value(REGEXEXTRACT(F33,""([\d]+)$""))),""""))"),"")
A34: 106 | S34: {=vlookup(C34,{DraftTracker!F:F,DraftTracker!E:E},2,0)} -> #N/A | T34: =VLOOKUP(S34,P5G5!A:B,2,0) -> #N/A | U34: =IFERROR(__xludf.DUMMYFUNCTION("iferror(if(not(iserror(find(""FINAL"",G34))),max(arrayformula(value(REGEXEXTRACT(F34,""^""&C34&"" ([\d]+)|[^a-zA-Z] ""&C34&"" ([\d]+)""))))=max(value(REGEXEXTRACT(F34,"" ([\d]+)"")),value(REGEXEXTRACT(F34,""([\d]+)$""))),""""))"),"")
A35: 107 | B35: DavEmily | C35: Alabama | D35: 11 | E35: 1 | F35: (1) Georgia at (8) Alabama | G35: 45262.667 | H35: Nick G. | J35: 4.5 | K35: 6.5 | L35: -220 | M35: o54.5 | N35: 429 | O35: 215 | P35: 1 | Q35: FALSE | R35: 100 | S35: {=vlookup(C35,{DraftTracker!F:F,DraftTracker!E:E},2,0)} -> SEC | T35: =VLOOKUP(S35,P5G5!A:B,2,0) -> Power 5 | U35: =IFERROR(__xludf.DUMMYFUNCTION("iferror(if(not(iserror(find(""FINAL"",G35))),max(arrayformula(value(REGEXEXTRACT(F35,""^""&C35&"" ([\d]+)|[^a-zA-Z] ""&C35&"" ([\d]+)""))))=max(value(REGEXEXTRACT(F35,"" ([\d]+)"")),value(REGEXEXTRACT(F35,""([\d]+)$""))),""""))"),"")
A36: 107 | B36: DavEmily | C36: SMU | D36: 10 | E36: 2 | F36: (24) SMU at (18) Tulane | G36: 45262.667 | H36: Vu | J36: 6 | K36: 3.5 | L36: 132 | M36: o47.5 | N36: 502 | O36: 212 | P36: 1 | Q36: FALSE | R36: 100 | S36: {=vlookup(C36,{DraftTracker!F:F,DraftTracker!E:E},2,0)} -> AAC | T36: =VLOOKUP(S36,P5G5!A:B,2,0) -> Group of 5 | U36: =IFERROR(__xludf.DUMMYFUNCTION("iferror(if(not(iserror(find(""FINAL"",G36))),max(arrayformula(value(REGEXEXTRACT(F36,""^""&C36&"" ([\d]+)|[^a-zA-Z] ""&C36&"" ([\d]+)""))))=max(value(REGEXEXTRACT(F36,"" ([\d]+)"")),value(REGEXEXTRACT(F36,""([\d]+)$""))),""""))"),"")
A37: 107 | B37: DavEmily | C37: Louisville | D37: 10 | E37: 2 | F37: (14) Louisville at (4) Florida State | G37: 45262.833 | H37: Gary | I37: ABC | J37: 6.5 | K37: 2.5 | L37: 118 | M37: o47.5 | N37: 396 | O37: 240 | P37: 1 | Q37: TRUE | R37: 100 | S37: {=vlookup(C37,{DraftTracker!F:F,DraftTracker!E:E},2,0)} -> ACC | T37: =VLOOKUP(S37,P5G5!A:B,2,0) -> Power 5 | U37: =IFERROR(__xludf.DUMMYFUNCTION("iferror(if(not(iserror(find(""FINAL"",G37))),max(arrayformula(value(REGEXEXTRACT(F37,""^""&C37&"" ([\d]+)|[^a-zA-Z] ""&C37&"" ([\d]+)""))))=max(value(REGEXEXTRACT(F37,"" ([\d]+)"")),value(REGEXEXTRACT(F37,""([\d]+)$""))),""""))"),"")
A38: 107 | B38: DavEmily | C38: Hawaii | D38: 5 | E38: 8 | N38: 278 | O38: 419 | P38: 3 | Q38: TRUE | R38: 100 | S38: {=vlookup(C38,{DraftTracker!F:F,DraftTracker!E:E},2,0)} -> MWC | T38: =VLOOKUP(S38,P5G5!A:B,2,0) -> Group of 5 | U38: =IFERROR(__xludf.DUMMYFUNCTION("iferror(if(not(iserror(find(""FINAL"",G38))),max(arrayformula(value(REGEXEXTRACT(F38,""^""&C38&"" ([\d]+)|[^a-zA-Z] ""&C38&"" ([\d]+)""))))=max(value(REGEXEXTRACT(F38,"" ([\d]+)"")),value(REGEXEXTRACT(F38,""([\d]+)$""))),""""))"),"")
A39: 107 | B39: DavEmily | C39: Arizona State | D39: 3 | E39: 9 | N39: 213 | O39: 382 | P39: 3 | Q39: TRUE | R39: 100 | S39: {=vlookup(C39,{DraftTracker!F:F,DraftTracker!E:E},2,0)} -> Pac12 | T39: =VLOOKUP(S39,P5G5!A:B,2,0) -> Power 5 | U39: =IFERROR(__xludf.DUMMYFUNCTION("iferror(if(not(iserror(find(""FINAL"",G39))),max(arrayformula(value(REGEXEXTRACT(F39,""^""&C39&"" ([\d]+)|[^a-zA-Z] ""&C39&"" ([\d]+)""))))=max(value(REGEXEXTRACT(F39,"" ([\d]+)"")),value(REGEXEXTRACT(F39,""([\d]+)$""))),""""))"),"")
A40: 107 | B40: DavEmily | C40: UL Lafayette | D40: 6 | E40: 6 | N40: 387 | O40: 338 | P40: 3 | Q40: TRUE | R40: 100 | S40: {=vlookup(C40,{DraftTracker!F:F,DraftTracker!E:E},2,0)} -> Sun Belt | T40: =VLOOKUP(S40,P5G5!A:B,2,0) -> Group of 5 | U40: =IFERROR(__xludf.DUMMYFUNCTION("iferror(if(not(iserror(find(""FINAL"",G40))),max(arrayformula(value(REGEXEXTRACT(F40,""^""&C40&"" ([\d]+)|[^a-zA-Z] ""&C40&"" ([\d]+)""))))=max(value(REGEXEXTRACT(F40,"" ([\d]+)"")),value(REGEXEXTRACT(F40,""([\d]+)$""))),""""))"),"")
A41: 107 | B41: DavEmily | C41: UMASS | D41: 3 | E41: 9 | N41: 278 | O41: 454 | P41: 3 | Q41: TRUE | R41: 100 | S41: {=vlookup(C41,{DraftTracker!F:F,DraftTracker!E:E},2,0)} -> CUSA | T41: =VLOOKUP(S41,P5G5!A:B,2,0) -> Group of 5 | U41: =IFERROR(__xludf.DUMMYFUNCTION("iferror(if(not(iserror(find(""FINAL"",G41))),max(arrayformula(value(REGEXEXTRACT(F41,""^""&C41&"" ([\d]+)|[^a-zA-Z] ""&C41&"" ([\d]+)""))))=max(value(REGEXEXTRACT(F41,"" ([\d]+)"")),value(REGEXEXTRACT(F41,""([\d]+)$""))),""""))"),"")
A42: 107 | B42: DavEmily | C42: Ball State | D42: 4 | E42: 8 | N42: 219 | O42: 293 | P42: 3 | Q42: TRUE | R42: 100 | S42: {=vlookup(C42,{DraftTracker!F:F,DraftTracker!E:E},2,0)} -> MAC | T42: =VLOOKUP(S42,P5G5!A:B,2,0) -> Group of 5 | U42: =IFERROR(__xludf.DUMMYFUNCTION("iferror(if(not(iserror(find(""FINAL"",G42))),max(arrayformula(value(REGEXEXTRACT(F42,""^""&C42&"" ([\d]+)|[^a-zA-Z] ""&C42&"" ([\d]+)""))))=max(value(REGEXEXTRACT(F42,"" ([\d]+)"")),value(REGEXEXTRACT(F42,""([\d]+)$""))),""""))"),"")
A43: 107 | B43: DavEmily | C43: Michigan State | D43: 4 | E43: 8 | N43: 191 | O43: 340 | P43: 3 | Q43: TRUE | R43: 100 | S43: {=vlookup(C43,{DraftTracker!F:F,DraftTracker!E:E},2,0)} -> Big Ten | T43: =VLOOKUP(S43,P5G5!A:B,2,0) -> Power 5 | U43: =IFERROR(__xludf.DUMMYFUNCTION("iferror(if(not(iserror(find(""FINAL"",G43))),max(arrayformula(value(REGEXEXTRACT(F43,""^""&C43&"" ([\d]+)|[^a-zA-Z] ""&C43&"" ([\d]+)""))))=max(value(REGEXEXTRACT(F43,"" ([\d]+)"")),value(REGEXEXTRACT(F43,""([\d]+)$""))),""""))"),"")
A44: 107 | B44: DavEmily | C44: Oklahoma | D44: 10 | E44: 2 | N44: 518 | O44: 267 | P44: 3 | Q44: TRUE | R44: 100 | S44: {=vlookup(C44,{DraftTracker!F:F,DraftTracker!E:E},2,0)} -> Big 12 | T44: =VLOOKUP(S44,P5G5!A:B,2,0) -> Power 5 | U44: =IFERROR(__xludf.DUMMYFUNCTION("iferror(if(not(iserror(find(""FINAL"",G44))),max(arrayformula(value(REGEXEXTRACT(F44,""^""&C44&"" ([\d]+)|[^a-zA-Z] ""&C44&"" ([\d]+)""))))=max(value(REGEXEXTRACT(F44,"" ([\d]+)"")),value(REGEXEXTRACT(F44,""([\d]+)$""))),""""))"),"")
A45: 108 | S45: {=vlookup(C45,{DraftTracker!F:F,DraftTracker!E:E},2,0)} -> #N/A | T45: =VLOOKUP(S45,P5G5!A:B,2,0) -> #N/A | U45: =IFERROR(__xludf.DUMMYFUNCTION("iferror(if(not(iserror(find(""FINAL"",G45))),max(arrayformula(value(REGEXEXTRACT(F45,""^""&C45&"" ([\d]+)|[^a-zA-Z] ""&C45&"" ([\d]+)""))))=max(value(REGEXEXTRACT(F45,"" ([\d]+)"")),value(REGEXEXTRACT(F45,""([\d]+)$""))),""""))"),"")
A46: 109 | B46: Vu | C46: Washington | D46: 12 | E46: 0 | F46: (5) Oregon at (3) Washington | G46: 45261.833 | H46: Nick G. | I46: ABC | J46: 7.5 | K46: 9.5 | L46: -345 | M46: o65.5 | N46: 456 | O46: 276 | P46: 1 | Q46: TRUE | R46: 100 | S46: {=vlookup(C46,{DraftTracker!F:F,DraftTracker!E:E},2,0)} -> Pac12 | T46: =VLOOKUP(S46,P5G5!A:B,2,0) -> Power 5 | U46: =IFERROR(__xludf.DUMMYFUNCTION("iferror(if(not(iserror(find(""FINAL"",G46))),max(arrayformula(value(REGEXEXTRACT(F46,""^""&C46&"" ([\d]+)|[^a-zA-Z] ""&C46&"" ([\d]+)""))))=max(value(REGEXEXTRACT(F46,"" ([\d]+)"")),value(REGEXEXTRACT(F46,""([\d]+)$""))),""""))"),"")
A47: 109 | B47: Vu | C47: Troy | D47: 10 | E47: 2 | F47: Appalachian State at Troy | G47: 45262.667 | H47: Nick G. | I47: ESPN | J47: -6 | K47: -5.5 | L47: 198 | M47: o52.5 | N47: 356 | O47: 200 | P47: 1 | Q47: TRUE | R47: 100 | S47: {=vlookup(C47,{DraftTracker!F:F,DraftTracker!E:E},2,0)} -> Sun Belt | T47: =VLOOKUP(S47,P5G5!A:B,2,0) -> Group of 5 | U47: =IFERROR(__xludf.DUMMYFUNCTION("iferror(if(not(iserror(find(""FINAL"",G47))),max(arrayformula(value(REGEXEXTRACT(F47,""^""&C47&"" ([\d]+)|[^a-zA-Z] ""&C47&"" ([\d]+)""))))=max(value(REGEXEXTRACT(F47,"" ([\d]+)"")),value(REGEXEXTRACT(F47,""([\d]+)$""))),""""))"),"")
A48: 109 | B48: Vu | C48: Tulane | D48: 11 | E48: 1 | F48: (24) SMU at (18) Tulane | G48: 45262.667 | H48: DavEmily | I48: ABC | J48: -6 | K48: -3.5 | L48: 132 | M48: o47.5 | N48: 335 | O48: 220 | P48: 1 | Q48: TRUE | R48: 100 | S48: {=vlookup(C48,{DraftTracker!F:F,DraftTracker!E:E},2,0)} -> AAC | T48: =VLOOKUP(S48,P5G5!A:B,2,0) -> Group of 5 | U48: =IFERROR(__xludf.DUMMYFUNCTION("iferror(if(not(iserror(find(""FINAL"",G48))),max(arrayformula(value(REGEXEXTRACT(F48,""^""&C48&"" ([\d]+)|[^a-zA-Z] ""&C48&"" ([\d]+)""))))=max(value(REGEXEXTRACT(F48,"" ([\d]+)"")),value(REGEXEXTRACT(F48,""([\d]+)$""))),""""))"),"")
A49: 109 | B49: Vu | C49: Wyoming | D49: 8 | E49: 4 | N49: 313 | O49: 275 | P49: 3 | Q49: TRUE | R49: 100 | S49: {=vlookup(C49,{DraftTracker!F:F,DraftTracker!E:E},2,0)} -> MWC | T49: =VLOOKUP(S49,P5G5!A:B,2,0) -> Group of 5 | U49: =IFERROR(__xludf.DUMMYFUNCTION("iferror(if(not(iserror(find(""FINAL"",G49))),max(arrayformula(value(REGEXEXTRACT(F49,""^""&C49&"" ([\d]+)|[^a-zA-Z] ""&C49&"" ([\d]+)""))))=max(value(REGEXEXTRACT(F49,"" ([\d]+)"")),value(REGEXEXTRACT(F49,""([\d]+)$""))),""""))"),"")
A50: 109 | B50: Vu | C50: South Carolina | D50: 5 | E50: 7 | N50: 312 | O50: 316 | P50: 3 | Q50: TRUE | R50: 100 | S50: {=vlookup(C50,{DraftTracker!F:F,DraftTracker!E:E},2,0)} -> SEC | T50: =VLOOKUP(S50,P5G5!A:B,2,0) -> Power 5 | U50: =IFERROR(__xludf.DUMMYFUNCTION("iferror(if(not(iserror(find(""FINAL"",G50))),max(arrayformula(value(REGEXEXTRACT(F50,""^""&C50&"" ([\d]+)|[^a-zA-Z] ""&C50&"" ([\d]+)""))))=max(value(REGEXEXTRACT(F50,"" ([\d]+)"")),value(REGEXEXTRACT(F50,""([\d]+)$""))),""""))"),"")
A51: 109 | B51: Vu | C51: Rutgers | D51: 6 | E51: 6 | N51: 271 | O51: 252 | P51: 3 | Q51: TRUE | R51: 100 | S51: {=vlookup(C51,{DraftTracker!F:F,DraftTracker!E:E},2,0)} -> CUSA | T51: =VLOOKUP(S51,P5G5!A:B,2,0) -> Group of 5 | U51: =IFERROR(__xludf.DUMMYFUNCTION("iferror(if(not(iserror(find(""FINAL"",G51))),max(arrayformula(value(REGEXEXTRACT(F51,""^""&C51&"" ([\d]+)|[^a-zA-Z] ""&C51&"" ([\d]+)""))))=max(value(REGEXEXTRACT(F51,"" ([\d]+)"")),value(REGEXEXTRACT(F51,""([\d]+)$""))),""""))"),"")
A52: 109 | B52: Vu | C52: Illinois | D52: 5 | E52: 7 | N52: 294 | O52: 353 | P52: 3 | Q52: TRUE | R52: 100 | S52: {=vlookup(C52,{DraftTracker!F:F,DraftTracker!E:E},2,0)} -> Big Ten | T52: =VLOOKUP(S52,P5G5!A:B,2,0) -> Power 5 | U52: =IFERROR(__xludf.DUMMYFUNCTION("iferror(if(not(iserror(find(""FINAL"",G52))),max(arrayformula(value(REGEXEXTRACT(F52,""^""&C52&"" ([\d]+)|[^a-zA-Z] ""&C52&"" ([\d]+)""))))=max(value(REGEXEXTRACT(F52,"" ([\d]+)"")),value(REGEXEXTRACT(F52,""([\d]+)$""))),""""))"),"")
A53: 109 | B53: Vu | C53: Duke | D53: 7 | E53: 5 | N53: 333 | O53: 237 | P53: 3 | Q53: TRUE | R53: 100 | S53: {=vlookup(C53,{DraftTracker!F:F,DraftTracker!E:E},2,0)} -> ACC | T53: =VLOOKUP(S53,P5G5!A:B,2,0) -> Power 5 | U53: =IFERROR(__xludf.DUMMYFUNCTION("iferror(if(not(iserror(find(""FINAL"",G53))),max(arrayformula(value(REGEXEXTRACT(F53,""^""&C53&"" ([\d]+)|[^a-zA-Z] ""&C53&"" ([\d]+)""))))=max(value(REGEXEXTRACT(F53,"" ([\d]+)"")),value(REGEXEXTRACT(F53,""([\d]+)$""))),""""))"),"")
A54: 109 | B54: Vu | C54: Texas Tech | D54: 6 | E54: 6 | N54: 322 | O54: 324 | P54: 3 | Q54: TRUE | R54: 100 | S54: {=vlookup(C54,{DraftTracker!F:F,DraftTracker!E:E},2,0)} -> Big 12 | T54: =VLOOKUP(S54,P5G5!A:B,2,0) -> Power 5 | U54: =IFERROR(__xludf.DUMMYFUNCTION("iferror(if(not(iserror(find(""FINAL"",G54))),max(arrayformula(value(REGEXEXTRACT(F54,""^""&C54&"" ([\d]+)|[^a-zA-Z] ""&C54&"" ([\d]+)""))))=max(value(REGEXEXTRACT(F54,"" ([\d]+)"")),value(REGEXEXTRACT(F54,""([\d]+)$""))),""""))"),"")
A55: 109 | B55: Vu | C55: Akron | D55: 2 | E55: 10 | N55: 195 | O55: 336 | P55: 3 | Q55: TRUE | R55: 100 | S55: {=vlookup(C55,{DraftTracker!F:F,DraftTracker!E:E},2,0)} -> MAC | T55: =VLOOKUP(S55,P5G5!A:B,2,0) -> Group of 5 | U55: =IFERROR(__xludf.DUMMYFUNCTION("iferror(if(not(iserror(find(""FINAL"",G55))),max(arrayformula(value(REGEXEXTRACT(F55,""^""&C55&"" ([\d]+)|[^a-zA-Z] ""&C55&"" ([\d]+)""))))=max(value(REGEXEXTRACT(F55,"" ([\d]+)"")),value(REGEXEXTRACT(F55,""([\d]+)$""))),""""))"),"")
A56: 110 | S56: {=vlookup(C56,{DraftTracker!F:F,DraftTracker!E:E},2,0)} -> #N/A | T56: =VLOOKUP(S56,P5G5!A:B,2,0) -> #N/A | U56: =IFERROR(__xludf.DUMMYFUNCTION("iferror(if(not(iserror(find(""FINAL"",G56))),max(arrayformula(value(REGEXEXTRACT(F56,""^""&C56&"" ([\d]+)|[^a-zA-Z] ""&C56&"" ([\d]+)""))))=max(value(REGEXEXTRACT(F56,"" ([\d]+)"")),value(REGEXEXTRACT(F56,""([\d]+)$""))),""""))"),"")
A57: 111 | B57: Dan | C57: San Diego State | D57: 4 | E57: 8 | N57: 246 | O57: 321 | P57: 3 | Q57: TRUE | R57: 100 | S57: {=vlookup(C57,{DraftTracker!F:F,DraftTracker!E:E},2,0)} -> MWC | T57: =VLOOKUP(S57,P5G5!A:B,2,0) -> Group of 5 | U57: =IFERROR(__xludf.DUMMYFUNCTION("iferror(if(not(iserror(find(""FINAL"",G57))),max(arrayformula(value(REGEXEXTRACT(F57,""^""&C57&"" ([\d]+)|[^a-zA-Z] ""&C57&"" ([\d]+)""))))=max(value(REGEXEXTRACT(F57,"" ([\d]+)"")),value(REGEXEXTRACT(F57,""([\d]+)$""))),""""))"),"")
A58: 111 | B58: Dan | C58: Clemson | D58: 8 | E58: 4 | N58: 350 | O58: 239 | P58: 3 | Q58: TRUE | R58: 100 | S58: {=vlookup(C58,{DraftTracker!F:F,DraftTracker!E:E},2,0)} -> ACC | T58: =VLOOKUP(S58,P5G5!A:B,2,0) -> Power 5 | U58: =IFERROR(__xludf.DUMMYFUNCTION("iferror(if(not(iserror(find(""FINAL"",G58))),max(arrayformula(value(REGEXEXTRACT(F58,""^""&C58&"" ([\d]+)|[^a-zA-Z] ""&C58&"" ([\d]+)""))))=max(value(REGEXEXTRACT(F58,"" ([\d]+)"")),value(REGEXEXTRACT(F58,""([\d]+)$""))),""""))"),"")
A59: 111 | B59: Dan | C59: Kansas | D59: 8 | E59: 4 | N59: 403 | O59: 309 | P59: 3 | Q59: TRUE | R59: 100 | S59: {=vlookup(C59,{DraftTracker!F:F,DraftTracker!E:E},2,0)} -> Big 12 | T59: =VLOOKUP(S59,P5G5!A:B,2,0) -> Power 5 | U59: =IFERROR(__xludf.DUMMYFUNCTION("iferror(if(not(iserror(find(""FINAL"",G59))),max(arrayformula(value(REGEXEXTRACT(F59,""^""&C59&"" ([\d]+)|[^a-zA-Z] ""&C59&"" ([\d]+)""))))=max(value(REGEXEXTRACT(F59,"" ([\d]+)"")),value(REGEXEXTRACT(F59,""([\d]+)$""))),""""))"),"")
A60: 111 | B60: Dan | C60: Stanford | D60: 3 | E60: 9 | N60: 247 | O60: 452 | P60: 3 | Q60: TRUE | R60: 100 | S60: {=vlookup(C60,{DraftTracker!F:F,DraftTracker!E:E},2,0)} -> Pac12 | T60: =VLOOKUP(S60,P5G5!A:B,2,0) -> Power 5 | U60: =IFERROR(__xludf.DUMMYFUNCTION("iferror(if(not(iserror(find(""FINAL"",G60))),max(arrayformula(value(REGEXEXTRACT(F60,""^""&C60&"" ([\d]+)|[^a-zA-Z] ""&C60&"" ([\d]+)""))))=max(value(REGEXEXTRACT(F60,"" ([\d]+)"")),value(REGEXEXTRACT(F60,""([\d]+)$""))),""""))"),"")
A61: 111 | B61: Dan | C61: UTEP | D61: 3 | E61: 9 | N61: 239 | O61: 342 | P61: 3 | Q61: TRUE | R61: 100 | S61: {=vlookup(C61,{DraftTracker!F:F,DraftTracker!E:E},2,0)} -> CUSA | T61: =VLOOKUP(S61,P5G5!A:B,2,0) -> Group of 5 | U61: =IFERROR(__xludf.DUMMYFUNCTION("iferror(if(not(iserror(find(""FINAL"",G61))),max(arrayformula(value(REGEXEXTRACT(F61,""^""&C61&"" ([\d]+)|[^a-zA-Z] ""&C61&"" ([\d]+)""))))=max(value(REGEXEXTRACT(F61,"" ([\d]+)"")),value(REGEXEXTRACT(F61,""([\d]+)$""))),""""))"),"")
A62: 111 | B62: Dan | C62: Indiana | D62: 3 | E62: 9 | N62: 266 | O62: 359 | P62: 3 | Q62: TRUE | R62: 100 | S62: {=vlookup(C62,{DraftTracker!F:F,DraftTracker!E:E},2,0)} -> Big Ten | T62: =VLOOKUP(S62,P5G5!A:B,2,0) -> Power 5 | U62: =IFERROR(__xludf.DUMMYFUNCTION("iferror(if(not(iserror(find(""FINAL"",G62))),max(arrayformula(value(REGEXEXTRACT(F62,""^""&C62&"" ([\d]+)|[^a-zA-Z] ""&C62&"" ([\d]+)""))))=max(value(REGEXEXTRACT(F62,"" ([\d]+)"")),value(REGEXEXTRACT(F62,""([\d]+)$""))),""""))"),"")
A63: 111 | B63: Dan | C63: Kentucky | D63: 7 | E63: 5 | N63: 343 | O63: 298 | P63: 3 | Q63: TRUE | R63: 100 | S63: {=vlookup(C63,{DraftTracker!F:F,DraftTracker!E:E},2,0)} -> SEC | T63: =VLOOKUP(S63,P5G5!A:B,2,0) -> Power 5 | U63: =IFERROR(__xludf.DUMMYFUNCTION("iferror(if(not(iserror(find(""FINAL"",G63))),max(arrayformula(value(REGEXEXTRACT(F63,""^""&C63&"" ([\d]+)|[^a-zA-Z] ""&C63&"" ([\d]+)""))))=max(value(REGEXEXTRACT(F63,"" ([\d]+)"")),value(REGEXEXTRACT(F63,""([\d]+)$""))),""""))"),"")
A64: 111 | B64: Dan | C64: Southern Mississippi | D64: 3 | E64: 9 | N64: 278 | O64: 429 | P64: 3 | Q64: TRUE | R64: 100 | S64: {=vlookup(C64,{DraftTracker!F:F,DraftTracker!E:E},2,0)} -> Sun Belt | T64: =VLOOKUP(S64,P5G5!A:B,2,0) -> Group of 5 | U64: =IFERROR(__xludf.DUMMYFUNCTION("iferror(if(not(iserror(find(""FINAL"",G64))),max(arrayformula(value(REGEXEXTRACT(F64,""^""&C64&"" ([\d]+)|[^a-zA-Z] ""&C64&"" ([\d]+)""))))=max(value(REGEXEXTRACT(F64,"" ([\d]+)"")),value(REGEXEXTRACT(F64,""([\d]+)$""))),""""))"),"")
A65: 111 | B65: Dan | C65: UTSA | D65: 8 | E65: 4 | N65: 380 | O65: 296 | P65: 3 | Q65: TRUE | R65: 100 | S65: {=vlookup(C65,{DraftTracker!F:F,DraftTracker!E:E},2,0)} -> AAC | T65: =VLOOKUP(S65,P5G5!A:B,2,0) -> Group of 5 | U65: =IFERROR(__xludf.DUMMYFUNCTION("iferror(if(not(iserror(find(""FINAL"",G65))),max(arrayformula(value(REGEXEXTRACT(F65,""^""&C65&"" ([\d]+)|[^a-zA-Z] ""&C65&"" ([\d]+)""))))=max(value(REGEXEXTRACT(F65,"" ([\d]+)"")),value(REGEXEXTRACT(F65,""([\d]+)$""))),""""))"),"")
A66: 111 | B66: Dan | C66: Buffalo | D66: 3 | E66: 9 | N66: 251 | O66: 329 | P66: 3 | Q66: TRUE | R66: 100 | S66: {=vlookup(C66,{DraftTracker!F:F,DraftTracker!E:E},2,0)} -> MAC | T66: =VLOOKUP(S66,P5G5!A:B,2,0) -> Group of 5 | U66: =IFERROR(__xludf.DUMMYFUNCTION("iferror(if(not(iserror(find(""FINAL"",G66))),max(arrayformula(value(REGEXEXTRACT(F66,""^""&C66&"" ([\d]+)|[^a-zA-Z] ""&C66&"" ([\d]+)""))))=max(value(REGEXEXTRACT(F66,"" ([\d]+)"")),value(REGEXEXTRACT(F66,""([\d]+)$""))),""""))"),"")
A67: 112 | S67: {=vlookup(C67,{DraftTracker!F:F,DraftTracker!E:E},2,0)} -> #N/A | T67: =VLOOKUP(S67,P5G5!A:B,2,0) -> #N/A | U67: =IFERROR(__xludf.DUMMYFUNCTION("iferror(if(not(iserror(find(""FINAL"",G67))),max(arrayformula(value(REGEXEXTRACT(F67,""^""&C67&"" ([\d]+)|[^a-zA-Z] ""&C67&"" ([\d]+)""))))=max(value(REGEXEXTRACT(F67,"" ([\d]+)"")),value(REGEXEXTRACT(F67,""([\d]+)$""))),""""))"),"")
A68: 113 | B68: Josh | C68: New Mexico State | D68: 10 | E68: 3 | F68: New Mexico State at (22) Liberty | G68: 45261.792 | H68: Janice/Mike | J68: 13.5 | K68: 10.5 | L68: 340 | M68: o56.5 | N68: 367 | O68: 256 | P68: 1 | Q68: FALSE | R68: 100 | S68: {=vlookup(C68,{DraftTracker!F:F,DraftTracker!E:E},2,0)} -> CUSA | T68: =VLOOKUP(S68,P5G5!A:B,2,0) -> Group of 5 | U68: =IFERROR(__xludf.DUMMYFUNCTION("iferror(if(not(iserror(find(""FINAL"",G68))),max(arrayformula(value(REGEXEXTRACT(F68,""^""&C68&"" ([\d]+)|[^a-zA-Z] ""&C68&"" ([\d]+)""))))=max(value(REGEXEXTRACT(F68,"" ([\d]+)"")),value(REGEXEXTRACT(F68,""([\d]+)$""))),""""))"),"")
A69: 113 | B69: Josh | C69: UNLV | D69: 9 | E69: 3 | F69: Boise State at UNLV | G69: 45262.625 | H69: Nico | I69: FOX | J69: 3.5 | K69: 2.5 | L69: -137 | M69: o58.5 | N69: 426 | O69: 307 | P69: 1 | Q69: TRUE | R69: 100 | S69: {=vlookup(C69,{DraftTracker!F:F,DraftTracker!E:E},2,0)} -> MWC | T69: =VLOOKUP(S69,P5G5!A:B,2,0) -> Group of 5 | U69: =IFERROR(__xludf.DUMMYFUNCTION("iferror(if(not(iserror(find(""FINAL"",G69))),max(arrayformula(value(REGEXEXTRACT(F69,""^""&C69&"" ([\d]+)|[^a-zA-Z] ""&C69&"" ([\d]+)""))))=max(value(REGEXEXTRACT(F69,"" ([\d]+)"")),value(REGEXEXTRACT(F69,""([\d]+)$""))),""""))"),"")
A70: 113 | B70: Josh | C70: USC | D70: 7 | E70: 5 | N70: 502 | O70: 419 | P70: 3 | Q70: TRUE | R70: 100 | S70: {=vlookup(C70,{DraftTracker!F:F,DraftTracker!E:E},2,0)} -> Pac12 | T70: =VLOOKUP(S70,P5G5!A:B,2,0) -> Power 5 | U70: =IFERROR(__xludf.DUMMYFUNCTION("iferror(if(not(iserror(find(""FINAL"",G70))),max(arrayformula(value(REGEXEXTRACT(F70,""^""&C70&"" ([\d]+)|[^a-zA-Z] ""&C70&"" ([\d]+)""))))=max(value(REGEXEXTRACT(F70,"" ([\d]+)"")),value(REGEXEXTRACT(F70,""([\d]+)$""))),""""))"),"")
A71: 113 | B71: Josh | C71: Coastal Carolina | D71: 7 | E71: 5 | N71: 336 | O71: 296 | P71: 3 | Q71: TRUE | R71: 100 | S71: {=vlookup(C71,{DraftTracker!F:F,DraftTracker!E:E},2,0)} -> Sun Belt | T71: =VLOOKUP(S71,P5G5!A:B,2,0) -> Group of 5 | U71: =IFERROR(__xludf.DUMMYFUNCTION("iferror(if(not(iserror(find(""FINAL"",G71))),max(arrayformula(value(REGEXEXTRACT(F71,""^""&C71&"" ([\d]+)|[^a-zA-Z] ""&C71&"" ([\d]+)""))))=max(value(REGEXEXTRACT(F71,"" ([\d]+)"")),value(REGEXEXTRACT(F71,""([\d]+)$""))),""""))"),"")
A72: 113 | B72: Josh | C72: Tulsa | D72: 4 | E72: 8 | N72: 281 | O72: 406 | P72: 3 | Q72: TRUE | R72: 100 | S72: {=vlookup(C72,{DraftTracker!F:F,DraftTracker!E:E},2,0)} -> AAC | T72: =VLOOKUP(S72,P5G5!A:B,2,0) -> Group of 5 | U72: =IFERROR(__xludf.DUMMYFUNCTION("iferror(if(not(iserror(find(""FINAL"",G72))),max(arrayformula(value(REGEXEXTRACT(F72,""^""&C72&"" ([\d]+)|[^a-zA-Z] ""&C72&"" ([\d]+)""))))=max(value(REGEXEXTRACT(F72,"" ([\d]+)"")),value(REGEXEXTRACT(F72,""([\d]+)$""))),""""))"),"")
A73: 113 | B73: Josh | C73: Wake Forest | D73: 4 | E73: 8 | N73: 243 | O73: 326 | P73: 3 | Q73: TRUE | R73: 100 | S73: {=vlookup(C73,{DraftTracker!F:F,DraftTracker!E:E},2,0)} -> ACC | T73: =VLOOKUP(S73,P5G5!A:B,2,0) -> Power 5 | U73: =IFERROR(__xludf.DUMMYFUNCTION("iferror(if(not(iserror(find(""FINAL"",G73))),max(arrayformula(value(REGEXEXTRACT(F73,""^""&C73&"" ([\d]+)|[^a-zA-Z] ""&C73&"" ([\d]+)""))))=max(value(REGEXEXTRACT(F73,"" ([\d]+)"")),value(REGEXEXTRACT(F73,""([\d]+)$""))),""""))"),"")
A74: 113 | B74: Josh | C74: Ohio State | D74: 11 | E74: 1 | N74: 394 | O74: 132 | P74: 3 | Q74: TRUE | R74: 100 | S74: {=vlookup(C74,{DraftTracker!F:F,DraftTracker!E:E},2,0)} -> Big Ten | T74: =VLOOKUP(S74,P5G5!A:B,2,0) -> Power 5 | U74: =IFERROR(__xludf.DUMMYFUNCTION("iferror(if(not(iserror(find(""FINAL"",G74))),max(arrayformula(value(REGEXEXTRACT(F74,""^""&C74&"" ([\d]+)|[^a-zA-Z] ""&C74&"" ([\d]+)""))))=max(value(REGEXEXTRACT(F74,"" ([\d]+)"")),value(REGEXEXTRACT(F74,""([\d]+)$""))),""""))"),"")
A75: 113 | B75: Josh | C75: Houston | D75: 4 | E75: 8 | N75: 284 | O75: 378 | P75: 3 | Q75: TRUE | R75: 100 | S75: {=vlookup(C75,{DraftTracker!F:F,DraftTracker!E:E},2,0)} -> Big 12 | T75: =VLOOKUP(S75,P5G5!A:B,2,0) -> Power 5 | U75: =IFERROR(__xludf.DUMMYFUNCTION("iferror(if(not(iserror(find(""FINAL"",G75))),max(arrayformula(value(REGEXEXTRACT(F75,""^""&C75&"" ([\d]+)|[^a-zA-Z] ""&C75&"" ([\d]+)""))))=max(value(REGEXEXTRACT(F75,"" ([\d]+)"")),value(REGEXEXTRACT(F75,""([\d]+)$""))),""""))"),"")
A76: 113 | B76: Josh | C76: Arkansas | D76: 4 | E76: 8 | N76: 319 | O76: 335 | P76: 3 | Q76: TRUE | R76: 100 | S76: {=vlookup(C76,{DraftTracker!F:F,DraftTracker!E:E},2,0)} -> SEC | T76: =VLOOKUP(S76,P5G5!A:B,2,0) -> Power 5 | U76: =IFERROR(__xludf.DUMMYFUNCTION("iferror(if(not(iserror(find(""FINAL"",G76))),max(arrayformula(value(REGEXEXTRACT(F76,""^""&C76&"" ([\d]+)|[^a-zA-Z] ""&C76&"" ([\d]+)""))))=max(value(REGEXEXTRACT(F76,"" ([\d]+)"")),value(REGEXEXTRACT(F76,""([\d]+)$""))),""""))"),"")
A77: 113 | B77: Josh | C77: Ohio | D77: 9 | E77: 3 | N77: 275 | O77: 185 | P77: 3 | Q77: TRUE | R77: 100 | S77: {=vlookup(C77,{DraftTracker!F:F,DraftTracker!E:E},2,0)} -> MAC | T77: =VLOOKUP(S77,P5G5!A:B,2,0) -> Group of 5 | U77: =IFERROR(__xludf.DUMMYFUNCTION("iferror(if(not(iserror(find(""FINAL"",G77))),max(arrayformula(value(REGEXEXTRACT(F77,""^""&C77&"" ([\d]+)|[^a-zA-Z] ""&C77&"" ([\d]+)""))))=max(value(REGEXEXTRACT(F77,"" ([\d]+)"")),value(REGEXEXTRACT(F77,""([\d]+)$""))),""""))"),"")
A78: 114 | S78: {=vlookup(C78,{DraftTracker!F:F,DraftTracker!E:E},2,0)} -> #N/A | T78: =VLOOKUP(S78,P5G5!A:B,2,0) -> #N/A | U78: =IFERROR(__xludf.DUMMYFUNCTION("iferror(if(not(iserror(find(""FINAL"",G78))),max(arrayformula(value(REGEXEXTRACT(F78,""^""&C78&"" ([\d]+)|[^a-zA-Z] ""&C78&"" ([\d]+)""))))=max(value(REGEXEXTRACT(F78,"" ([\d]+)"")),value(REGEXEXTRACT(F78,""([\d]+)$""))),""""))"),"")
A79: 115 | B79: Masa | C79: North Carolina | D79: 8 | E79: 4 | N79: 439 | O79: 325 | P79: 3 | Q79: TRUE | R79: 100 | S79: {=vlookup(C79,{DraftTracker!F:F,DraftTracker!E:E},2,0)} -> ACC | T79: =VLOOKUP(S79,P5G5!A:B,2,0) -> Power 5 | U79: =IFERROR(__xludf.DUMMYFUNCTION("iferror(if(not(iserror(find(""FINAL"",G79))),max(arrayformula(value(REGEXEXTRACT(F79,""^""&C79&"" ([\d]+)|[^a-zA-Z] ""&C79&"" ([\d]+)""))))=max(value(REGEXEXTRACT(F79,"" ([\d]+)"")),value(REGEXEXTRACT(F79,""([\d]+)$""))),""""))"),"")
A80: 115 | B80: Masa | C80: South Alabama | D80: 6 | E80: 6 | N80: 371 | O80: 263 | P80: 3 | Q80: TRUE | R80: 100 | S80: {=vlookup(C80,{DraftTracker!F:F,DraftTracker!E:E},2,0)} -> Sun Belt | T80: =VLOOKUP(S80,P5G5!A:B,2,0) -> Group of 5 | U80: =IFERROR(__xludf.DUMMYFUNCTION("iferror(if(not(iserror(find(""FINAL"",G80))),max(arrayformula(value(REGEXEXTRACT(F80,""^""&C80&"" ([\d]+)|[^a-zA-Z] ""&C80&"" ([\d]+)""))))=max(value(REGEXEXTRACT(F80,"" ([\d]+)"")),value(REGEXEXTRACT(F80,""([\d]+)$""))),""""))"),"")
A81: 115 | B81: Masa | C81: Arizona | D81: 9 | E81: 3 | N81: 412 | O81: 250 | P81: 3 | Q81: TRUE | R81: 100 | S81: {=vlookup(C81,{DraftTracker!F:F,DraftTracker!E:E},2,0)} -> Pac12 | T81: =VLOOKUP(S81,P5G5!A:B,2,0) -> Power 5 | U81: =IFERROR(__xludf.DUMMYFUNCTION("iferror(if(not(iserror(find(""FINAL"",G81))),max(arrayformula(value(REGEXEXTRACT(F81,""^""&C81&"" ([\d]+)|[^a-zA-Z] ""&C81&"" ([\d]+)""))))=max(value(REGEXEXTRACT(F81,"" ([\d]+)"")),value(REGEXEXTRACT(F81,""([\d]+)$""))),""""))"),"")
A82: 115 | B82: Masa | C82: UL Monroe | D82: 2 | E82: 10 | N82: 208 | O82: 419 | P82: 3 | Q82: TRUE | R82: 100 | S82: {=vlookup(C82,{DraftTracker!F:F,DraftTracker!E:E},2,0)} -> MWC | T82: =VLOOKUP(S82,P5G5!A:B,2,0) -> Group of 5 | U82: =IFERROR(__xludf.DUMMYFUNCTION("iferror(if(not(iserror(find(""FINAL"",G82))),max(arrayformula(value(REGEXEXTRACT(F82,""^""&C82&"" ([\d]+)|[^a-zA-Z] ""&C82&"" ([\d]+)""))))=max(value(REGEXEXTRACT(F82,"" ([\d]+)"")),value(REGEXEXTRACT(F82,""([\d]+)$""))),""""))"),"")
A83: 115 | B83: Masa | C83: Florida Intl | D83: 4 | E83: 8 | N83: 241 | O83: 382 | P83: 3 | Q83: TRUE | R83: 100 | S83: {=vlookup(C83,{DraftTracker!F:F,DraftTracker!E:E},2,0)} -> CUSA | T83: =VLOOKUP(S83,P5G5!A:B,2,0) -> Group of 5 | U83: =IFERROR(__xludf.DUMMYFUNCTION("iferror(if(not(iserror(find(""FINAL"",G83))),max(arrayformula(value(REGEXEXTRACT(F83,""^""&C83&"" ([\d]+)|[^a-zA-Z] ""&C83&"" ([\d]+)""))))=max(value(REGEXEXTRACT(F83,"" ([\d]+)"")),value(REGEXEXTRACT(F83,""([\d]+)$""))),""""))"),"")
A84: 115 | B84: Masa | C84: North Texas | D84: 5 | E84: 7 | N84: 414 | O84: 445 | P84: 3 | Q84: TRUE | R84: 100 | S84: {=vlookup(C84,{DraftTracker!F:F,DraftTracker!E:E},2,0)} -> AAC | T84: =VLOOKUP(S84,P5G5!A:B,2,0) -> Group of 5 | U84: =IFERROR(__xludf.DUMMYFUNCTION("iferror(if(not(iserror(find(""FINAL"",G84))),max(arrayformula(value(REGEXEXTRACT(F84,""^""&C84&"" ([\d]+)|[^a-zA-Z] ""&C84&"" ([\d]+)""))))=max(value(REGEXEXTRACT(F84,"" ([\d]+)"")),value(REGEXEXTRACT(F84,""([\d]+)$""))),""""))"),"")
A85: 115 | B85: Masa | C85: Purdue | D85: 4 | E85: 8 | N85: 287 | O85: 365 | P85: 3 | Q85: TRUE | R85: 100 | S85: {=vlookup(C85,{DraftTracker!F:F,DraftTracker!E:E},2,0)} -> Big Ten | T85: =VLOOKUP(S85,P5G5!A:B,2,0) -> Power 5 | U85: =IFERROR(__xludf.DUMMYFUNCTION("iferror(if(not(iserror(find(""FINAL"",G85))),max(arrayformula(value(REGEXEXTRACT(F85,""^""&C85&"" ([\d]+)|[^a-zA-Z] ""&C85&"" ([\d]+)""))))=max(value(REGEXEXTRACT(F85,"" ([\d]+)"")),value(REGEXEXTRACT(F85,""([\d]+)$""))),""""))"),"")
A86: 115 | B86: Masa | C86: TCU | D86: 5 | E86: 7 | N86: 376 | O86: 334 | P86: 3 | Q86: TRUE | R86: 100 | S86: {=vlookup(C86,{DraftTracker!F:F,DraftTracker!E:E},2,0)} -> Big 12 | T86: =VLOOKUP(S86,P5G5!A:B,2,0) -> Power 5 | U86: =IFERROR(__xludf.DUMMYFUNCTION("iferror(if(not(iserror(find(""FINAL"",G86))),max(arrayformula(value(REGEXEXTRACT(F86,""^""&C86&"" ([\d]+)|[^a-zA-Z] ""&C86&"" ([\d]+)""))))=max(value(REGEXEXTRACT(F86,"" ([\d]+)"")),value(REGEXEXTRACT(F86,""([\d]+)$""))),""""))"),"")
A87: 115 | B87: Masa | C87: Ole Miss | D87: 10 | E87: 2 | N87: 418 | O87: 268 | P87: 3 | Q87: TRUE | R87: 100 | S87: {=vlookup(C87,{DraftTracker!F:F,DraftTracker!E:E},2,0)} -> SEC | T87: =VLOOKUP(S87,P5G5!A:B,2,0) -> Power 5 | U87: =IFERROR(__xludf.DUMMYFUNCTION("iferror(if(not(iserror(find(""FINAL"",G87))),max(arrayformula(value(REGEXEXTRACT(F87,""^""&C87&"" ([\d]+)|[^a-zA-Z] ""&C87&"" ([\d]+)""))))=max(value(REGEXEXTRACT(F87,"" ([\d]+)"")),value(REGEXEXTRACT(F87,""([\d]+)$""))),""""))"),"")
A88: 115 | B88: Masa | C88: Bowling Green | D88: 7 | E88: 5 | N88: 316 | O88: 282 | P88: 3 | Q88: TRUE | R88: 100 | S88: {=vlookup(C88,{DraftTracker!F:F,DraftTracker!E:E},2,0)} -> MAC | T88: =VLOOKUP(S88,P5G5!A:B,2,0) -> Group of 5 | U88: =IFERROR(__xludf.DUMMYFUNCTION("iferror(if(not(iserror(find(""FINAL"",G88))),max(arrayformula(value(REGEXEXTRACT(F88,""^""&C88&"" ([\d]+)|[^a-zA-Z] ""&C88&"" ([\d]+)""))))=max(value(REGEXEXTRACT(F88,"" ([\d]+)"")),value(REGEXEXTRACT(F88,""([\d]+)$""))),""""))"),"")
A89: 116 | S89: {=vlookup(C89,{DraftTracker!F:F,DraftTracker!E:E},2,0)} -> #N/A | T89: =VLOOKUP(S89,P5G5!A:B,2,0) -> #N/A | U89: =IFERROR(__xludf.DUMMYFUNCTION("iferror(if(not(iserror(find(""FINAL"",G89))),max(arrayformula(value(REGEXEXTRACT(F89,""^""&C89&"" ([\d]+)|[^a-zA-Z] ""&C89&"" ([\d]+)""))))=max(value(REGEXEXTRACT(F89,"" ([\d]+)"")),value(REGEXEXTRACT(F89,""([\d]+)$""))),""""))"),"")
A90: 117 | B90: Nico | C90: Boise State | D90: 7 | E90: 5 | F90: Boise State at UNLV | G90: 45262.625 | H90: Josh | J90: -3.5 | K90: -2.5 | L90: -137 | M90: o58.5 | N90: 384 | O90: 303 | P90: 1 | Q90: FALSE | R90: 100 | S90: {=vlookup(C90,{DraftTracker!F:F,DraftTracker!E:E},2,0)} -> MWC | T90: =VLOOKUP(S90,P5G5!A:B,2,0) -> Group of 5 | U90: =IFERROR(__xludf.DUMMYFUNCTION("iferror(if(not(iserror(find(""FINAL"",G90))),max(arrayformula(value(REGEXEXTRACT(F90,""^""&C90&"" ([\d]+)|[^a-zA-Z] ""&C90&"" ([\d]+)""))))=max(value(REGEXEXTRACT(F90,"" ([\d]+)"")),value(REGEXEXTRACT(F90,""([\d]+)$""))),""""))"),"")
A91: 117 | B91: Nico | C91: Michigan | D91: 12 | E91: 0 | F91: (2) Michigan at (17) Iowa | G91: 45262.833 | H91: Justin | I91: FOX | J91: -21.5 | K91: -22.5 | L91: -4000 | M91: o34.5 | N91: 451 | O91: 123 | P91: 1 | Q91: TRUE | R91: 100 | S91: {=vlookup(C91,{DraftTracker!F:F,DraftTracker!E:E},2,0)} -> Big Ten | T91: =VLOOKUP(S91,P5G5!A:B,2,0) -> Power 5 | U91: =IFERROR(__xludf.DUMMYFUNCTION("iferror(if(not(iserror(find(""FINAL"",G91))),max(arrayformula(value(REGEXEXTRACT(F91,""^""&C91&"" ([\d]+)|[^a-zA-Z] ""&C91&"" ([\d]+)""))))=max(value(REGEXEXTRACT(F91,"" ([\d]+)"")),value(REGEXEXTRACT(F91,""([\d]+)$""))),""""))"),"")
A92: 117 | B92: Nico | C92: Georgia Tech | D92: 6 | E92: 6 | N92: 374 | O92: 366 | P92: 3 | Q92: TRUE | R92: 100 | S92: {=vlookup(C92,{DraftTracker!F:F,DraftTracker!E:E},2,0)} -> ACC | T92: =VLOOKUP(S92,P5G5!A:B,2,0) -> Power 5 | U92: =IFERROR(__xludf.DUMMYFUNCTION("iferror(if(not(iserror(find(""FINAL"",G92))),max(arrayformula(value(REGEXEXTRACT(F92,""^""&C92&"" ([\d]+)|[^a-zA-Z] ""&C92&"" ([\d]+)""))))=max(value(REGEXEXTRACT(F92,"" ([\d]+)"")),value(REGEXEXTRACT(F92,""([\d]+)$""))),""""))"),"")
A93: 117 | B93: Nico | C93: Baylor | D93: 3 | E93: 9 | J93: 7 | K93: 11.5 | L93: -430 | M93: o54.5 | N93: 277 | O93: 400 | P93: 3 | Q93: TRUE | R93: 100 | S93: {=vlookup(C93,{DraftTracker!F:F,DraftTracker!E:E},2,0)} -> Big 12 | T93: =VLOOKUP(S93,P5G5!A:B,2,0) -> Power 5 | U93: =IFERROR(__xludf.DUMMYFUNCTION("iferror(if(not(iserror(find(""FINAL"",G93))),max(arrayformula(value(REGEXEXTRACT(F93,""^""&C93&"" ([\d]+)|[^a-zA-Z] ""&C93&"" ([\d]+)""))))=max(value(REGEXEXTRACT(F93,"" ([\d]+)"")),value(REGEXEXTRACT(F93,""([\d]+)$""))),""""))"),"")
A94: 117 | B94: Nico | C94: Utah | D94: 8 | E94: 4 | N94: 294 | O94: 237 | P94: 3 | Q94: TRUE | R94: 100 | S94: {=vlookup(C94,{DraftTracker!F:F,DraftTracker!E:E},2,0)} -> Pac12 | T94: =VLOOKUP(S94,P5G5!A:B,2,0) -> Power 5 | U94: =IFERROR(__xludf.DUMMYFUNCTION("iferror(if(not(iserror(find(""FINAL"",G94))),max(arrayformula(value(REGEXEXTRACT(F94,""^""&C94&"" ([\d]+)|[^a-zA-Z] ""&C94&"" ([\d]+)""))))=max(value(REGEXEXTRACT(F94,"" ([\d]+)"")),value(REGEXEXTRACT(F94,""([\d]+)$""))),""""))"),"")
A95: 117 | B95: Nico | C95: Georgia State | D95: 6 | E95: 6 | N95: 309 | O95: 369 | P95: 3 | Q95: TRUE | R95: 100 | S95: {=vlookup(C95,{DraftTracker!F:F,DraftTracker!E:E},2,0)} -> Sun Belt | T95: =VLOOKUP(S95,P5G5!A:B,2,0) -> Group of 5 | U95: =IFERROR(__xludf.DUMMYFUNCTION("iferror(if(not(iserror(find(""FINAL"",G95))),max(arrayformula(value(REGEXEXTRACT(F95,""^""&C95&"" ([\d]+)|[^a-zA-Z] ""&C95&"" ([\d]+)""))))=max(value(REGEXEXTRACT(F95,"" ([\d]+)"")),value(REGEXEXTRACT(F95,""([\d]+)$""))),""""))"),"")
A96: 117 | B96: Nico | C96: Navy | D96: 5 | E96: 7 | N96: 201 | O96: 252 | P96: 3 | Q96: TRUE | R96: 100 | S96: {=vlookup(C96,{DraftTracker!F:F,DraftTracker!E:E},2,0)} -> AAC | T96: =VLOOKUP(S96,P5G5!A:B,2,0) -> Group of 5 | U96: =IFERROR(__xludf.DUMMYFUNCTION("iferror(if(not(iserror(find(""FINAL"",G96))),max(arrayformula(value(REGEXEXTRACT(F96,""^""&C96&"" ([\d]+)|[^a-zA-Z] ""&C96&"" ([\d]+)""))))=max(value(REGEXEXTRACT(F96,"" ([\d]+)"")),value(REGEXEXTRACT(F96,""([\d]+)$""))),""""))"),"")
A97: 117 | B97: Nico | C97: UConn | D97: 3 | E97: 9 | N97: 229 | O97: 358 | P97: 3 | Q97: TRUE | R97: 100 | S97: {=vlookup(C97,{DraftTracker!F:F,DraftTracker!E:E},2,0)} -> CUSA | T97: =VLOOKUP(S97,P5G5!A:B,2,0) -> Group of 5 | U97: =IFERROR(__xludf.DUMMYFUNCTION("iferror(if(not(iserror(find(""FINAL"",G97))),max(arrayformula(value(REGEXEXTRACT(F97,""^""&C97&"" ([\d]+)|[^a-zA-Z] ""&C97&"" ([\d]+)""))))=max(value(REGEXEXTRACT(F97,"" ([\d]+)"")),value(REGEXEXTRACT(F97,""([\d]+)$""))),""""))"),"")
A98: 117 | B98: Nico | C98: Missouri | D98: 10 | E98: 2 | N98: 409 | O98: 268 | P98: 3 | Q98: TRUE | R98: 100 | S98: {=vlookup(C98,{DraftTracker!F:F,DraftTracker!E:E},2,0)} -> SEC | T98: =VLOOKUP(S98,P5G5!A:B,2,0) -> Power 5 | U98: =IFERROR(__xludf.DUMMYFUNCTION("iferror(if(not(iserror(find(""FINAL"",G98))),max(arrayformula(value(REGEXEXTRACT(F98,""^""&C98&"" ([\d]+)|[^a-zA-Z] ""&C98&"" ([\d]+)""))))=max(value(REGEXEXTRACT(F98,"" ([\d]+)"")),value(REGEXEXTRACT(F98,""([\d]+)$""))),""""))"),"")
A99: 117 | B99: Nico | C99: EMU | D99: 6 | E99: 6 | N99: 244 | O99: 288 | P99: 3 | Q99: TRUE | R99: 100 | S99: {=vlookup(C99,{DraftTracker!F:F,DraftTracker!E:E},2,0)} -> MAC | T99: =VLOOKUP(S99,P5G5!A:B,2,0) -> Group of 5 | U99: =IFERROR(__xludf.DUMMYFUNCTION("iferror(if(not(iserror(find(""FINAL"",G99))),max(arrayformula(value(REGEXEXTRACT(F99,""^""&C99&"" ([\d]+)|[^a-zA-Z] ""&C99&"" ([\d]+)""))))=max(value(REGEXEXTRACT(F99,"" ([\d]+)"")),value(REGEXEXTRACT(F99,""([\d]+)$""))),""""))"),"")
A100: 118 | S100: {=vlookup(C100,{DraftTracker!F:F,DraftTracker!E:E},2,0)} -> #N/A | T100: =VLOOKUP(S100,P5G5!A:B,2,0) -> #N/A | U100: =IFERROR(__xludf.DUMMYFUNCTION("iferror(if(not(iserror(find(""FINAL"",G100))),max(arrayformula(value(REGEXEXTRACT(F100,""^""&C100&"" ([\d]+)|[^a-zA-Z] ""&C100&"" ([\d]+)""))))=max(value(REGEXEXTRACT(F100,"" ([\d]+)"")),value(REGEXEXTRACT(F100,""([\d]+)$""))),""""))"),"")
...

Sheet Active Games
A1: Game | B1: Status | C1: Player Matchup | D1: Network | E1: Spread Comp | F1: Spread | G1: Total | H1: sort2 | I1: sort1 | J1: Comp | K1: other | L1: dif | M1: line
A2: =IFERROR(__xludf.DUMMYFUNCTION("iferror(sort({FILTER('Current Week'!F:G,'Current Week'!Q:Q=FALSE,'Current Week'!F:F<>"""",'Current Week'!R:R<100),ARRAYFORMULA(if(FILTER('Current Week'!H:H,'Current Week'!Q:Q=FALSE,'Current Week'!F:F<>"""",'Current Week'!R:R<100)="""","""",FILTER('Current"&" Week'!H:H,'Current Week'!Q:Q=FALSE,'Current Week'!F:F<>"""",'Current Week'!R:R<100)&"" vs "")&FILTER('Current Week'!B:B,'Current Week'!Q:Q=FALSE,'Current Week'!F:F<>"""",'Current Week'!R:R<100)),FILTER('Current Week'!I:I,'Current Week'!Q:Q=FALSE,'Current"&" Week'!F:F<>"""",'Current Week'!R:R<100),FILTER('Current Week'!C:C,'Current Week'!Q:Q=FALSE,'Current Week'!F:F<>"""",'Current Week'!R:R<100),FILTER('Current Week'!J:K,'Current Week'!Q:Q=FALSE,'Current Week'!F:F<>"""",'Current Week'!R:R<100),FILTER('Curren"&"t Week'!R:R,'Current Week'!Q:Q=FALSE,'Current Week'!F:F<>"""",'Current Week'!R:R<100),FILTER('Current Week'!P:P,'Current Week'!Q:Q=FALSE,'Current Week'!F:F<>"""",'Current Week'!R:R<100)},9,1,8,1,2,1),""No Active Games"")"),"No Active Games") -> No Active Games | B2: =IFERROR(__xludf.DUMMYFUNCTION("""COMPUTED_VALUE"""),"No Active Games") -> No Active Games | C2: =IFERROR(__xludf.DUMMYFUNCTION("""COMPUTED_VALUE"""),"No Active Games") -> No Active Games | D2: =IFERROR(__xludf.DUMMYFUNCTION("""COMPUTED_VALUE"""),"No Active Games") -> No Active Games | E2: =IFERROR(__xludf.DUMMYFUNCTION("""COMPUTED_VALUE"""),"No Active Games") -> No Active Games | F2: =IFERROR(__xludf.DUMMYFUNCTION("""COMPUTED_VALUE"""),"No Active Games") -> No Active Games | G2: =IFERROR(__xludf.DUMMYFUNCTION("""COMPUTED_VALUE"""),"No Active Games") -> No Active Games | J2: =IFERROR(__xludf.DUMMYFUNCTION("arrayformula(if(A2:A586="""","""",REGEXEXTRACT(A2:A586,E2:E586&"" (\d*)"")))"),"#N/A") -> #N/A | K2: =IFERROR(__xludf.DUMMYFUNCTION("arrayformula(if(A2:A586="""","""",REGEXEXTRACT(mid(A2:A586,if(FIND(E2:E586,A2:A586)=1,len(E2:E586)+1,1),99),""\w+ (\d+)"")))"),"#N/A") -> #N/A | L2: {=if(A2:A586="","",J2:J586-K2:K586)} -> #N/A | M2: {=if(A2:A586="","",if(F2:F586="",-30,F2:F586))} -> No Active Games
J3: =IFERROR(__xludf.DUMMYFUNCTION("""COMPUTED_VALUE"""),"") | K3: =IFERROR(__xludf.DUMMYFUNCTION("""COMPUTED_VALUE"""),"")
J4: =IFERROR(__xludf.DUMMYFUNCTION("""COMPUTED_VALUE"""),"") | K4: =IFERROR(__xludf.DUMMYFUNCTION("""COMPUTED_VALUE"""),"")
J5: =IFERROR(__xludf.DUMMYFUNCTION("""COMPUTED_VALUE"""),"") | K5: =IFERROR(__xludf.DUMMYFUNCTION("""COMPUTED_VALUE"""),"")
J6: =IFERROR(__xludf.DUMMYFUNCTION("""COMPUTED_VALUE"""),"") | K6: =IFERROR(__xludf.DUMMYFUNCTION("""COMPUTED_VALUE"""),"")
J7: =IFERROR(__xludf.DUMMYFUNCTION("""COMPUTED_VALUE"""),"") | K7: =IFERROR(__xludf.DUMMYFUNCTION("""COMPUTED_VALUE"""),"")
J8: =IFERROR(__xludf.DUMMYFUNCTION("""COMPUTED_VALUE"""),"") | K8: =IFERROR(__xludf.DUMMYFUNCTION("""COMPUTED_VALUE"""),"")
J9: =IFERROR(__xludf.DUMMYFUNCTION("""COMPUTED_VALUE"""),"") | K9: =IFERROR(__xludf.DUMMYFUNCTION("""COMPUTED_VALUE"""),"")
J10: =IFERROR(__xludf.DUMMYFUNCTION("""COMPUTED_VALUE"""),"") | K10: =IFERROR(__xludf.DUMMYFUNCTION("""COMPUTED_VALUE"""),"")
J11: =IFERROR(__xludf.DUMMYFUNCTION("""COMPUTED_VALUE"""),"") | K11: =IFERROR(__xludf.DUMMYFUNCTION("""COMPUTED_VALUE"""),"")
J12: =IFERROR(__xludf.DUMMYFUNCTION("""COMPUTED_VALUE"""),"") | K12: =IFERROR(__xludf.DUMMYFUNCTION("""COMPUTED_VALUE"""),"")
J13: =IFERROR(__xludf.DUMMYFUNCTION("""COMPUTED_VALUE"""),"") | K13: =IFERROR(__xludf.DUMMYFUNCTION("""COMPUTED_VALUE"""),"")
J14: =IFERROR(__xludf.DUMMYFUNCTION("""COMPUTED_VALUE"""),"") | K14: =IFERROR(__xludf.DUMMYFUNCTION("""COMPUTED_VALUE"""),"")
... J586: =IFERROR(__xludf.DUMMYFUNCTION("""COMPUTED_VALUE"""),"") | K586: =IFERROR(__xludf.DUMMYFUNCTION("""COMPUTED_VALUE"""),"")

Sheet Tuesday
A1: order | B1: Network | C1: 0.25 | D1: 0.27083333 | E1: 0.29166667 | F1: 0.3125 | G1: 0.33333333 | H1: 0.35416667 | I1: 0.375 | J1: 0.39583333 | K1: 0.41666667 | L1: 0.4375 | M1: 0.45833333 | N1: 0.47916667 | O1: 0.5 | P1: 0.52083333 | Q1: 0.54166667 | R1: 0.5625 | S1: 0.58333333 | T1: 0.60416667 | U1: 0.625 | V1: 0.64583333 | W1: 0.66666667 | X1: 0.6875 | Y1: 0.70833333 | Z1: 0.72916667 | AA1: 0.75 | AB1: 0.77083333 | AC1: 0.79166667 | AD1: 0.8125 | AE1: 0.83333333 | AF1: 0.85416667 | AG1: 0.875 | AH1: 0.89583333 | AI1: 0.91666667 | AJ1: 0.9375 | AK1: 0.95833333 | AL1: 0.97916667 | AM1: 0 | AN1: 0.020833333 | AO1: 0.041666667 | AP1: 0.0625 | AQ1: 0.083333333 | AR1: 0.10416667
A2: 7 | B2: ESPN2 | AB2: EMU 24 Buffalo 8 1:12 IN 3RD
A3: 8 | B3: ESPNU | AA3: Bowling Green 34 Western Michigan 10 0:00 IN 4TH

Sheet Wednesday
A1: order | B1: Network | C1: 0.25 | D1: 0.27083333 | E1: 0.29166667 | F1: 0.3125 | G1: 0.33333333 | H1: 0.35416667 | I1: 0.375 | J1: 0.39583333 | K1: 0.41666667 | L1: 0.4375 | M1: 0.45833333 | N1: 0.47916667 | O1: 0.5 | P1: 0.52083333 | Q1: 0.54166667 | R1: 0.5625 | S1: 0.58333333 | T1: 0.60416667 | U1: 0.625 | V1: 0.64583333 | W1: 0.66666667 | X1: 0.6875 | Y1: 0.70833333 | Z1: 0.72916667 | AA1: 0.75 | AB1: 0.77083333 | AC1: 0.79166667 | AD1: 0.8125 | AE1: 0.83333333 | AF1: 0.85416667 | AG1: 0.875 | AH1: 0.89583333 | AI1: 0.91666667 | AJ1: 0.9375 | AK1: 0.95833333 | AL1: 0.97916667 | AM1: 0 | AN1: 0.020833333 | AO1: 0.041666667 | AP1: 0.0625 | AQ1: 0.083333333 | AR1: 0.10416667
A2: 8 | B2: ESPNU | AA2: Central Michigan 20 Ohio 34 FINAL

Sheet Thursday
A1: order | B1: Network | C1: 0.25 | D1: 0.27083333 | E1: 0.29166667 | F1: 0.3125 | G1: 0.33333333 | H1: 0.35416667 | I1: 0.375 | J1: 0.39583333 | K1: 0.41666667 | L1: 0.4375 | M1: 0.45833333 | N1: 0.47916667 | O1: 0.5 | P1: 0.52083333 | Q1: 0.54166667 | R1: 0.5625 | S1: 0.58333333 | T1: 0.60416667 | U1: 0.625 | V1: 0.64583333 | W1: 0.66666667 | X1: 0.6875 | Y1: 0.70833333 | Z1: 0.72916667 | AA1: 0.75 | AB1: 0.77083333 | AC1: 0.79166667 | AD1: 0.8125 | AE1: 0.83333333 | AF1: 0.85416667 | AG1: 0.875 | AH1: 0.89583333 | AI1: 0.91666667 | AJ1: 0.9375 | AK1: 0.95833333 | AL1: 0.97916667 | AM1: 0 | AN1: 0.020833333 | AO1: 0.041666667 | AP1: 0.0625 | AQ1: 0.083333333 | AR1: 0.10416667
A2: 3 | B2: ESPN | AB2: (12) Ole Miss 17 Mississippi State 7 FINAL

Sheet Friday
A1: order | B1: Network | C1: 0.25 | D1: 0.27083333 | E1: 0.29166667 | F1: 0.3125 | G1: 0.33333333 | H1: 0.35416667 | I1: 0.375 | J1: 0.39583333 | K1: 0.41666667 | L1: 0.4375 | M1: 0.45833333 | N1: 0.47916667 | O1: 0.5 | P1: 0.52083333 | Q1: 0.54166667 | R1: 0.5625 | S1: 0.58333333 | T1: 0.60416667 | U1: 0.625 | V1: 0.64583333 | W1: 0.66666667 | X1: 0.6875 | Y1: 0.70833333 | Z1: 0.72916667 | AA1: 0.75 | AB1: 0.77083333 | AC1: 0.79166667 | AD1: 0.8125 | AE1: 0.83333333 | AF1: 0.85416667 | AG1: 0.875 | AH1: 0.89583333 | AI1: 0.91666667 | AJ1: 0.9375 | AK1: 0.95833333 | AL1: 0.97916667 | AM1: 0 | AN1: 0.020833333 | AO1: 0.041666667 | AP1: 0.0625 | AQ1: 0.083333333 | AR1: 0.10416667
A2: 1 | B2: ABC | M2: Miami 45 Boston College 20 FINAL | T2: UTSA 16 (18) Tulane 29 FINAL | AB2: Texas Tech 7 (7) Texas 57 FINAL
A3: 1 | B3: CBS | M3: (19) Iowa 13 Nebraska 10 FINAL | U3: (10) Missouri 48 Arkansas 14 FINAL
A4: 1 | B4: NBC | AB4: (11) Penn State 42 Michigan State 0 FINAL
A5: 2 | B5: FOX | M5: TCU 45 (13) Oklahoma 69 FINAL | AD5: (15) Oregon State 7 (6) Oregon 31 FINAL
A6: 3 | B6: ESPN | M6: Memphis 45 Temple 21 FINAL
A7: 4 | B7: FS1 | U7: Air Force 19 Boise State 27 FINAL
A8: 8 | B8: ESPNU | M8: Toledo 32 Central Michigan 17 FINAL
A9: 9 | B9: CBSSN | M9: Ohio 25 Akron 14 FINAL | T9: Utah State 44 New Mexico 41 FINAL - 2ND OT

Sheet Saturday
A1: order | B1: Network | C1: 0.25 | D1: 0.27083333 | E1: 0.29166667 | F1: 0.3125 | G1: 0.33333333 | H1: 0.35416667 | I1: 0.375 | J1: 0.39583333 | K1: 0.41666667 | L1: 0.4375 | M1: 0.45833333 | N1: 0.47916667 | O1: 0.5 | P1: 0.52083333 | Q1: 0.54166667 | R1: 0.5625 | S1: 0.58333333 | T1: 0.60416667 | U1: 0.625 | V1: 0.64583333 | W1: 0.66666667 | X1: 0.6875 | Y1: 0.70833333 | Z1: 0.72916667 | AA1: 0.75 | AB1: 0.77083333 | AC1: 0.79166667 | AD1: 0.8125 | AE1: 0.83333333 | AF1: 0.85416667 | AG1: 0.875 | AH1: 0.89583333 | AI1: 0.91666667 | AJ1: 0.9375 | AK1: 0.95833333 | AL1: 0.97916667 | AM1: 0 | AN1: 0.020833333 | AO1: 0.041666667 | AP1: 0.0625 | AQ1: 0.083333333 | AR1: 0.10416667
A2: 1 | B2: ABC | M2: (19) Oklahoma State at (7) Texas | U2: (24) SMU at (18) Tulane | AC2: (14) Louisville at (4) Florida State
A3: 2 | B3: FOX | S3: Boise State at UNLV

Sheet ESPN rankings import
B3: =IFERROR(__xludf.DUMMYFUNCTION("IMPORTHTML(""https://www.espn.com/college-football/fpi"",""table"",A1)"),"") | C3: =IFERROR(__xludf.DUMMYFUNCTION("""COMPUTED_VALUE"""),"POWER INDEX") -> POWER INDEX | F3: =IFERROR(__xludf.DUMMYFUNCTION("""COMPUTED_VALUE"""),"PROJECTIONS") -> PROJECTIONS | N3: =IFERROR(__xludf.DUMMYFUNCTION("IMPORTHTML(""https://www.espn.com/college-football/fpi"",""table"",1)"),"")
B4: =IFERROR(__xludf.DUMMYFUNCTION("""COMPUTED_VALUE"""),"W-L") -> W-L | C4: =IFERROR(__xludf.DUMMYFUNCTION("""COMPUTED_VALUE"""),"FPI") -> FPI | D4: =IFERROR(__xludf.DUMMYFUNCTION("""COMPUTED_VALUE"""),"RK") -> RK | E4: =IFERROR(__xludf.DUMMYFUNCTION("""COMPUTED_VALUE"""),"TREND") -> TREND | F4: =IFERROR(__xludf.DUMMYFUNCTION("""COMPUTED_VALUE"""),"PROJ W-L") -> PROJ W-L | G4: =IFERROR(__xludf.DUMMYFUNCTION("""COMPUTED_VALUE"""),"WIN OUT%") -> WIN OUT% | H4: =IFERROR(__xludf.DUMMYFUNCTION("""COMPUTED_VALUE"""),"6WINS%") -> 6WINS% | I4: =IFERROR(__xludf.DUMMYFUNCTION("""COMPUTED_VALUE"""),"WIN DIV%") -> WIN DIV% | J4: =IFERROR(__xludf.DUMMYFUNCTION("""COMPUTED_VALUE"""),"WIN CONF%") -> WIN CONF% | K4: =IFERROR(__xludf.DUMMYFUNCTION("""COMPUTED_VALUE"""),"PLAYOFF%") -> PLAYOFF% | L4: =IFERROR(__xludf.DUMMYFUNCTION("""COMPUTED_VALUE"""),"MAKE NC%") -> MAKE NC% | M4: =IFERROR(__xludf.DUMMYFUNCTION("""COMPUTED_VALUE"""),"WIN NC%") -> WIN NC% | N4: =IFERROR(__xludf.DUMMYFUNCTION("""COMPUTED_VALUE"""),"Team") -> Team | O4: =IFERROR(__xludf.DUMMYFUNCTION("""COMPUTED_VALUE"""),"CONF") -> CONF | P4: Proj W
B5: =IFERROR(__xludf.DUMMYFUNCTION("""COMPUTED_VALUE"""),"0-0") -> 0-0 | C5: =IFERROR(__xludf.DUMMYFUNCTION("""COMPUTED_VALUE"""),28.7) -> 28.7 | D5: =IFERROR(__xludf.DUMMYFUNCTION("""COMPUTED_VALUE"""),1.0) -> 1 | E5: =IFERROR(__xludf.DUMMYFUNCTION("""COMPUTED_VALUE"""),"--") -> -- | F5: =IFERROR(__xludf.DUMMYFUNCTION("""COMPUTED_VALUE"""),"10.2-2.4") -> 10.2-2.4 | G5: =IFERROR(__xludf.DUMMYFUNCTION("""COMPUTED_VALUE"""),9.2) -> 9.2 | H5: =IFERROR(__xludf.DUMMYFUNCTION("""COMPUTED_VALUE"""),99.4) -> 99.4 | I5: =IFERROR(__xludf.DUMMYFUNCTION("""COMPUTED_VALUE"""),0.0) -> 0 | J5: =IFERROR(__xludf.DUMMYFUNCTION("""COMPUTED_VALUE"""),38.8) -> 38.8 | K5: =IFERROR(__xludf.DUMMYFUNCTION("""COMPUTED_VALUE"""),75.7) -> 75.7 | L5: =IFERROR(__xludf.DUMMYFUNCTION("""COMPUTED_VALUE"""),28.0) -> 28 | M5: =IFERROR(__xludf.DUMMYFUNCTION("""COMPUTED_VALUE"""),17.0) -> 17 | N5: =IFERROR(__xludf.DUMMYFUNCTION("""COMPUTED_VALUE"""),"Ohio State Buckeyes") -> Ohio State Buckeyes | O5: =IFERROR(__xludf.DUMMYFUNCTION("""COMPUTED_VALUE"""),"Big Ten") -> Big Ten | P5: =IFERROR(__xludf.DUMMYFUNCTION("if(F5="""","""",indeX(split(F5,""-""),1)-J5/100)"),9.812) -> 9.812
B6: =IFERROR(__xludf.DUMMYFUNCTION("""COMPUTED_VALUE"""),"0-0") -> 0-0 | C6: =IFERROR(__xludf.DUMMYFUNCTION("""COMPUTED_VALUE"""),26.9) -> 26.9 | D6: =IFERROR(__xludf.DUMMYFUNCTION("""COMPUTED_VALUE"""),2.0) -> 2 | E6: =IFERROR(__xludf.DUMMYFUNCTION("""COMPUTED_VALUE"""),"--") -> -- | F6: =IFERROR(__xludf.DUMMYFUNCTION("""COMPUTED_VALUE"""),"9.8-2.7") -> 9.8-2.7 | G6: =IFERROR(__xludf.DUMMYFUNCTION("""COMPUTED_VALUE"""),6.8) -> 6.8 | H6: =IFERROR(__xludf.DUMMYFUNCTION("""COMPUTED_VALUE"""),98.0) -> 98 | I6: =IFERROR(__xludf.DUMMYFUNCTION("""COMPUTED_VALUE"""),0.0) -> 0 | J6: =IFERROR(__xludf.DUMMYFUNCTION("""COMPUTED_VALUE"""),29.7) -> 29.7 | K6: =IFERROR(__xludf.DUMMYFUNCTION("""COMPUTED_VALUE"""),70.2) -> 70.2 | L6: =IFERROR(__xludf.DUMMYFUNCTION("""COMPUTED_VALUE"""),22.5) -> 22.5 | M6: =IFERROR(__xludf.DUMMYFUNCTION("""COMPUTED_VALUE"""),12.8) -> 12.8 | N6: =IFERROR(__xludf.DUMMYFUNCTION("""COMPUTED_VALUE"""),"Texas Longhorns") -> Texas Longhorns | O6: =IFERROR(__xludf.DUMMYFUNCTION("""COMPUTED_VALUE"""),"SEC") -> SEC | P6: =IFERROR(__xludf.DUMMYFUNCTION("if(F6="""","""",indeX(split(F6,""-""),1)-J6/100)"),9.503) -> 9.503
B7: =IFERROR(__xludf.DUMMYFUNCTION("""COMPUTED_VALUE"""),"0-0") -> 0-0 | C7: =IFERROR(__xludf.DUMMYFUNCTION("""COMPUTED_VALUE"""),25.9) -> 25.9 | D7: =IFERROR(__xludf.DUMMYFUNCTION("""COMPUTED_VALUE"""),3.0) -> 3 | E7: =IFERROR(__xludf.DUMMYFUNCTION("""COMPUTED_VALUE"""),"--") -> -- | F7: =IFERROR(__xludf.DUMMYFUNCTION("""COMPUTED_VALUE"""),"10.7-1.3") -> 10.7-1.3 | G7: =IFERROR(__xludf.DUMMYFUNCTION("""COMPUTED_VALUE"""),32.7) -> 32.7 | H7: =IFERROR(__xludf.DUMMYFUNCTION("""COMPUTED_VALUE"""),100.0) -> 100 | I7: =IFERROR(__xludf.DUMMYFUNCTION("""COMPUTED_VALUE"""),0.0) -> 0 | J7: =IFERROR(__xludf.DUMMYFUNCTION("""COMPUTED_VALUE"""),0.0) -> 0 | K7: =IFERROR(__xludf.DUMMYFUNCTION("""COMPUTED_VALUE"""),74.1) -> 74.1 | L7: =IFERROR(__xludf.DUMMYFUNCTION("""COMPUTED_VALUE"""),19.6) -> 19.6 | M7: =IFERROR(__xludf.DUMMYFUNCTION("""COMPUTED_VALUE"""),10.6) -> 10.6 | N7: =IFERROR(__xludf.DUMMYFUNCTION("""COMPUTED_VALUE"""),"Notre Dame Fighting Irish") -> Notre Dame Fighting Irish | O7: =IFERROR(__xludf.DUMMYFUNCTION("""COMPUTED_VALUE"""),"FBS Indep.") -> FBS Indep. | P7: =IFERROR(__xludf.DUMMYFUNCTION("if(F7="""","""",indeX(split(F7,""-""),1)-J7/100)"),10.7) -> 10.7
B8: =IFERROR(__xludf.DUMMYFUNCTION("""COMPUTED_VALUE"""),"0-0") -> 0-0 | C8: =IFERROR(__xludf.DUMMYFUNCTION("""COMPUTED_VALUE"""),25.3) -> 25.3 | D8: =IFERROR(__xludf.DUMMYFUNCTION("""COMPUTED_VALUE"""),4.0) -> 4 | E8: =IFERROR(__xludf.DUMMYFUNCTION("""COMPUTED_VALUE"""),"--") -> -- | F8: =IFERROR(__xludf.DUMMYFUNCTION("""COMPUTED_VALUE"""),"10.2-2.3") -> 10.2-2.3 | G8: =IFERROR(__xludf.DUMMYFUNCTION("""COMPUTED_VALUE"""),8.5) -> 8.5 | H8: =IFERROR(__xludf.DUMMYFUNCTION("""COMPUTED_VALUE"""),99.4) -> 99.4 | I8: =IFERROR(__xludf.DUMMYFUNCTION("""COMPUTED_VALUE"""),0.0) -> 0 | J8: =IFERROR(__xludf.DUMMYFUNCTION("""COMPUTED_VALUE"""),24.2) -> 24.2 | K8: =IFERROR(__xludf.DUMMYFUNCTION("""COMPUTED_VALUE"""),64.7) -> 64.7 | L8: =IFERROR(__xludf.DUMMYFUNCTION("""COMPUTED_VALUE"""),17.7) -> 17.7 | M8: =IFERROR(__xludf.DUMMYFUNCTION("""COMPUTED_VALUE"""),9.2) -> 9.2 | N8: =IFERROR(__xludf.DUMMYFUNCTION("""COMPUTED_VALUE"""),"Oregon Ducks") -> Oregon Ducks | O8: =IFERROR(__xludf.DUMMYFUNCTION("""COMPUTED_VALUE"""),"Big Ten") -> Big Ten | P8: =IFERROR(__xludf.DUMMYFUNCTION("if(F8="""","""",indeX(split(F8,""-""),1)-J8/100)"),9.957999999999998) -> 9.958
B9: =IFERROR(__xludf.DUMMYFUNCTION("""COMPUTED_VALUE"""),"0-0") -> 0-0 | C9: =IFERROR(__xludf.DUMMYFUNCTION("""COMPUTED_VALUE"""),24.8) -> 24.8 | D9: =IFERROR(__xludf.DUMMYFUNCTION("""COMPUTED_VALUE"""),5.0) -> 5 | E9: =IFERROR(__xludf.DUMMYFUNCTION("""COMPUTED_VALUE"""),"--") -> -- | F9: =IFERROR(__xludf.DUMMYFUNCTION("""COMPUTED_VALUE"""),"9.9-2.5") -> 9.9-2.5 | G9: =IFERROR(__xludf.DUMMYFUNCTION("""COMPUTED_VALUE"""),10.9) -> 10.9 | H9: =IFERROR(__xludf.DUMMYFUNCTION("""COMPUTED_VALUE"""),98.5) -> 98.5 | I9: =IFERROR(__xludf.DUMMYFUNCTION("""COMPUTED_VALUE"""),0.0) -> 0 | J9: =IFERROR(__xludf.DUMMYFUNCTION("""COMPUTED_VALUE"""),23.3) -> 23.3 | K9: =IFERROR(__xludf.DUMMYFUNCTION("""COMPUTED_VALUE"""),63.9) -> 63.9 | L9: =IFERROR(__xludf.DUMMYFUNCTION("""COMPUTED_VALUE"""),17.1) -> 17.1 | M9: =IFERROR(__xludf.DUMMYFUNCTION("""COMPUTED_VALUE"""),9.6) -> 9.6 | N9: =IFERROR(__xludf.DUMMYFUNCTION("""COMPUTED_VALUE"""),"Georgia Bulldogs") -> Georgia Bulldogs | O9: =IFERROR(__xludf.DUMMYFUNCTION("""COMPUTED_VALUE"""),"SEC") -> SEC | P9: =IFERROR(__xludf.DUMMYFUNCTION("if(F9="""","""",indeX(split(F9,""-""),1)-J9/100)"),9.667) -> 9.667
B10: =IFERROR(__xludf.DUMMYFUNCTION("""COMPUTED_VALUE"""),"0-0") -> 0-0 | C10: =IFERROR(__xludf.DUMMYFUNCTION("""COMPUTED_VALUE"""),23.1) -> 23.1 | D10: =IFERROR(__xludf.DUMMYFUNCTION("""COMPUTED_VALUE"""),6.0) -> 6 | E10: =IFERROR(__xludf.DUMMYFUNCTION("""COMPUTED_VALUE"""),"--") -> -- | F10: =IFERROR(__xludf.DUMMYFUNCTION("""COMPUTED_VALUE"""),"10.1-2.3") -> 10.1-2.3 | G10: =IFERROR(__xludf.DUMMYFUNCTION("""COMPUTED_VALUE"""),9.5) -> 9.5 | H10: =IFERROR(__xludf.DUMMYFUNCTION("""COMPUTED_VALUE"""),99.4) -> 99.4 | I10: =IFERROR(__xludf.DUMMYFUNCTION("""COMPUTED_VALUE"""),0.0) -> 0 | J10: =IFERROR(__xludf.DUMMYFUNCTION("""COMPUTED_VALUE"""),18.7) -> 18.7 | K10: =IFERROR(__xludf.DUMMYFUNCTION("""COMPUTED_VALUE"""),57.1) -> 57.1 | L10: =IFERROR(__xludf.DUMMYFUNCTION("""COMPUTED_VALUE"""),13.1) -> 13.1 | M10: =IFERROR(__xludf.DUMMYFUNCTION("""COMPUTED_VALUE"""),6.4) -> 6.4 | N10: =IFERROR(__xludf.DUMMYFUNCTION("""COMPUTED_VALUE"""),"Indiana Hoosiers") -> Indiana Hoosiers | O10: =IFERROR(__xludf.DUMMYFUNCTION("""COMPUTED_VALUE"""),"Big Ten") -> Big Ten | P10: =IFERROR(__xludf.DUMMYFUNCTION("if(F10="""","""",indeX(split(F10,""-""),1)-J10/100)"),9.913) -> 9.913
B11: =IFERROR(__xludf.DUMMYFUNCTION("""COMPUTED_VALUE"""),"0-0") -> 0-0 | C11: =IFERROR(__xludf.DUMMYFUNCTION("""COMPUTED_VALUE"""),21.8) -> 21.8 | D11: =IFERROR(__xludf.DUMMYFUNCTION("""COMPUTED_VALUE"""),7.0) -> 7 | E11: =IFERROR(__xludf.DUMMYFUNCTION("""COMPUTED_VALUE"""),"--") -> -- | F11: =IFERROR(__xludf.DUMMYFUNCTION("""COMPUTED_VALUE"""),"10.4-2.3") -> 10.4-2.3 | G11: =IFERROR(__xludf.DUMMYFUNCTION("""COMPUTED_VALUE"""),8.8) -> 8.8 | H11: =IFERROR(__xludf.DUMMYFUNCTION("""COMPUTED_VALUE"""),99.4) -> 99.4 | I11: =IFERROR(__xludf.DUMMYFUNCTION("""COMPUTED_VALUE"""),0.0) -> 0 | J11: =IFERROR(__xludf.DUMMYFUNCTION("""COMPUTED_VALUE"""),50.3) -> 50.3 | K11: =IFERROR(__xludf.DUMMYFUNCTION("""COMPUTED_VALUE"""),63.3) -> 63.3 | L11: =IFERROR(__xludf.DUMMYFUNCTION("""COMPUTED_VALUE"""),11.2) -> 11.2 | M11: =IFERROR(__xludf.DUMMYFUNCTION("""COMPUTED_VALUE"""),5.3) -> 5.3 | N11: =IFERROR(__xludf.DUMMYFUNCTION("""COMPUTED_VALUE"""),"Miami Hurricanes") -> Miami Hurricanes | O11: =IFERROR(__xludf.DUMMYFUNCTION("""COMPUTED_VALUE"""),"ACC") -> ACC | P11: =IFERROR(__xludf.DUMMYFUNCTION("if(F11="""","""",indeX(split(F11,""-""),1)-J11/100)"),9.897) -> 9.897
B12: =IFERROR(__xludf.DUMMYFUNCTION("""COMPUTED_VALUE"""),"0-0") -> 0-0 | C12: =IFERROR(__xludf.DUMMYFUNCTION("""COMPUTED_VALUE"""),20.1) -> 20.1 | D12: =IFERROR(__xludf.DUMMYFUNCTION("""COMPUTED_VALUE"""),8.0) -> 8 | E12: =IFERROR(__xludf.DUMMYFUNCTION("""COMPUTED_VALUE"""),"--") -> -- | F12: =IFERROR(__xludf.DUMMYFUNCTION("""COMPUTED_VALUE"""),"8.6-3.6") -> 8.6-3.6 | G12: =IFERROR(__xludf.DUMMYFUNCTION("""COMPUTED_VALUE"""),1.6) -> 1.6 | H12: =IFERROR(__xludf.DUMMYFUNCTION("""COMPUTED_VALUE"""),93.1) -> 93.1 | I12: =IFERROR(__xludf.DUMMYFUNCTION("""COMPUTED_VALUE"""),0.0) -> 0 | J12: =IFERROR(__xludf.DUMMYFUNCTION("""COMPUTED_VALUE"""),10.3) -> 10.3 | K12: =IFERROR(__xludf.DUMMYFUNCTION("""COMPUTED_VALUE"""),41.4) -> 41.4 | L12: =IFERROR(__xludf.DUMMYFUNCTION("""COMPUTED_VALUE"""),8.1) -> 8.1 | M12: =IFERROR(__xludf.DUMMYFUNCTION("""COMPUTED_VALUE"""),3.8) -> 3.8 | N12: =IFERROR(__xludf.DUMMYFUNCTION("""COMPUTED_VALUE"""),"Alabama Crimson Tide") -> Alabama Crimson Tide | O12: =IFERROR(__xludf.DUMMYFUNCTION("""COMPUTED_VALUE"""),"SEC") -> SEC | P12: =IFERROR(__xludf.DUMMYFUNCTION("if(F12="""","""",indeX(split(F12,""-""),1)-J12/100)"),8.497) -> 8.497
B13: =IFERROR(__xludf.DUMMYFUNCTION("""COMPUTED_VALUE"""),"0-0") -> 0-0 | C13: =IFERROR(__xludf.DUMMYFUNCTION("""COMPUTED_VALUE"""),20.0) -> 20 | D13: =IFERROR(__xludf.DUMMYFUNCTION("""COMPUTED_VALUE"""),9.0) -> 9 | E13: =IFERROR(__xludf.DUMMYFUNCTION("""COMPUTED_VALUE"""),"--") -> -- | F13: =IFERROR(__xludf.DUMMYFUNCTION("""COMPUTED_VALUE"""),"8.4-3.8") -> 8.4-3.8 | G13: =IFERROR(__xludf.DUMMYFUNCTION("""COMPUTED_VALUE"""),1.1) -> 1.1 | H13: =IFERROR(__xludf.DUMMYFUNCTION("""COMPUTED_VALUE"""),91.9) -> 91.9 | I13: =IFERROR(__xludf.DUMMYFUNCTION("""COMPUTED_VALUE"""),0.0) -> 0 | J13: =IFERROR(__xludf.DUMMYFUNCTION("""COMPUTED_VALUE"""),8.8) -> 8.8 | K13: =IFERROR(__xludf.DUMMYFUNCTION("""COMPUTED_VALUE"""),39.5) -> 39.5 | L13: =IFERROR(__xludf.DUMMYFUNCTION("""COMPUTED_VALUE"""),7.6) -> 7.6 | M13: =IFERROR(__xludf.DUMMYFUNCTION("""COMPUTED_VALUE"""),3.5) -> 3.5 | N13: =IFERROR(__xludf.DUMMYFUNCTION("""COMPUTED_VALUE"""),"LSU Tigers") -> LSU Tigers | O13: =IFERROR(__xludf.DUMMYFUNCTION("""COMPUTED_VALUE"""),"SEC") -> SEC | P13: =IFERROR(__xludf.DUMMYFUNCTION("if(F13="""","""",indeX(split(F13,""-""),1)-J13/100)"),8.312000000000001) -> 8.312
B14: =IFERROR(__xludf.DUMMYFUNCTION("""COMPUTED_VALUE"""),"0-0") -> 0-0 | C14: =IFERROR(__xludf.DUMMYFUNCTION("""COMPUTED_VALUE"""),20.0) -> 20 | D14: =IFERROR(__xludf.DUMMYFUNCTION("""COMPUTED_VALUE"""),10.0) -> 10 | E14: =IFERROR(__xludf.DUMMYFUNCTION("""COMPUTED_VALUE"""),"--") -> -- | F14: =IFERROR(__xludf.DUMMYFUNCTION("""COMPUTED_VALUE"""),"10.8-1.8") -> 10.8-1.8 | G14: =IFERROR(__xludf.DUMMYFUNCTION("""COMPUTED_VALUE"""),25.2) -> 25.2 | H14: =IFERROR(__xludf.DUMMYFUNCTION("""COMPUTED_VALUE"""),99.5) -> 99.5 | I14: =IFERROR(__xludf.DUMMYFUNCTION("""COMPUTED_VALUE"""),0.0) -> 0 | J14: =IFERROR(__xludf.DUMMYFUNCTION("""COMPUTED_VALUE"""),45.9) -> 45.9 | K14: =IFERROR(__xludf.DUMMYFUNCTION("""COMPUTED_VALUE"""),57.8) -> 57.8 | L14: =IFERROR(__xludf.DUMMYFUNCTION("""COMPUTED_VALUE"""),8.1) -> 8.1 | M14: =IFERROR(__xludf.DUMMYFUNCTION("""COMPUTED_VALUE"""),3.5) -> 3.5 | N14: =IFERROR(__xludf.DUMMYFUNCTION("""COMPUTED_VALUE"""),"Texas Tech Red Raiders") -> Texas Tech Red Raiders | O14: =IFERROR(__xludf.DUMMYFUNCTION("""COMPUTED_VALUE"""),"Big 12") -> Big 12 | P14: =IFERROR(__xludf.DUMMYFUNCTION("if(F14="""","""",indeX(split(F14,""-""),1)-J14/100)"),10.341000000000001) -> 10.341
B15: =IFERROR(__xludf.DUMMYFUNCTION("""COMPUTED_VALUE"""),"0-0") -> 0-0 | C15: =IFERROR(__xludf.DUMMYFUNCTION("""COMPUTED_VALUE"""),20.0) -> 20 | D15: =IFERROR(__xludf.DUMMYFUNCTION("""COMPUTED_VALUE"""),11.0) -> 11 | E15: =IFERROR(__xludf.DUMMYFUNCTION("""COMPUTED_VALUE"""),"--") -> -- | F15: =IFERROR(__xludf.DUMMYFUNCTION("""COMPUTED_VALUE"""),"8.4-3.8") -> 8.4-3.8 | G15: =IFERROR(__xludf.DUMMYFUNCTION("""COMPUTED_VALUE"""),0.8) -> 0.8 | H15: =IFERROR(__xludf.DUMMYFUNCTION("""COMPUTED_VALUE"""),92.6) -> 92.6 | I15: =IFERROR(__xludf.DUMMYFUNCTION("""COMPUTED_VALUE"""),0.0) -> 0 | J15: =IFERROR(__xludf.DUMMYFUNCTION("""COMPUTED_VALUE"""),8.4) -> 8.4 | K15: =IFERROR(__xludf.DUMMYFUNCTION("""COMPUTED_VALUE"""),38.8) -> 38.8 | L15: =IFERROR(__xludf.DUMMYFUNCTION("""COMPUTED_VALUE"""),7.3) -> 7.3 | M15: =IFERROR(__xludf.DUMMYFUNCTION("""COMPUTED_VALUE"""),3.4) -> 3.4 | N15: =IFERROR(__xludf.DUMMYFUNCTION("""COMPUTED_VALUE"""),"Texas A&M Aggies") -> Texas A&M Aggies | O15: =IFERROR(__xludf.DUMMYFUNCTION("""COMPUTED_VALUE"""),"SEC") -> SEC | P15: =IFERROR(__xludf.DUMMYFUNCTION("if(F15="""","""",indeX(split(F15,""-""),1)-J15/100)"),8.316) -> 8.316
B16: =IFERROR(__xludf.DUMMYFUNCTION("""COMPUTED_VALUE"""),"0-0") -> 0-0 | C16: =IFERROR(__xludf.DUMMYFUNCTION("""COMPUTED_VALUE"""),17.8) -> 17.8 | D16: =IFERROR(__xludf.DUMMYFUNCTION("""COMPUTED_VALUE"""),12.0) -> 12 | E16: =IFERROR(__xludf.DUMMYFUNCTION("""COMPUTED_VALUE"""),"--") -> -- | F16: =IFERROR(__xludf.DUMMYFUNCTION("""COMPUTED_VALUE"""),"7.5-4.6") -> 7.5-4.6 | G16: =IFERROR(__xludf.DUMMYFUNCTION("""COMPUTED_VALUE"""),0.1) -> 0.1 | H16: =IFERROR(__xludf.DUMMYFUNCTION("""COMPUTED_VALUE"""),83.2) -> 83.2 | I16: =IFERROR(__xludf.DUMMYFUNCTION("""COMPUTED_VALUE"""),0.0) -> 0 | J16: =IFERROR(__xludf.DUMMYFUNCTION("""COMPUTED_VALUE"""),5.4) -> 5.4 | K16: =IFERROR(__xludf.DUMMYFUNCTION("""COMPUTED_VALUE"""),28.2) -> 28.2 | L16: =IFERROR(__xludf.DUMMYFUNCTION("""COMPUTED_VALUE"""),4.6) -> 4.6 | M16: =IFERROR(__xludf.DUMMYFUNCTION("""COMPUTED_VALUE"""),1.9) -> 1.9 | N16: =IFERROR(__xludf.DUMMYFUNCTION("""COMPUTED_VALUE"""),"Oklahoma Sooners") -> Oklahoma Sooners | O16: =IFERROR(__xludf.DUMMYFUNCTION("""COMPUTED_VALUE"""),"SEC") -> SEC | P16: =IFERROR(__xludf.DUMMYFUNCTION("if(F16="""","""",indeX(split(F16,""-""),1)-J16/100)"),7.446) -> 7.446
B17: =IFERROR(__xludf.DUMMYFUNCTION("""COMPUTED_VALUE"""),"0-0") -> 0-0 | C17: =IFERROR(__xludf.DUMMYFUNCTION("""COMPUTED_VALUE"""),17.0) -> 17 | D17: =IFERROR(__xludf.DUMMYFUNCTION("""COMPUTED_VALUE"""),13.0) -> 13 | E17: =IFERROR(__xludf.DUMMYFUNCTION("""COMPUTED_VALUE"""),"--") -> -- | F17: =IFERROR(__xludf.DUMMYFUNCTION("""COMPUTED_VALUE"""),"8.2-3.9") -> 8.2-3.9 | G17: =IFERROR(__xludf.DUMMYFUNCTION("""COMPUTED_VALUE"""),0.3) -> 0.3 | H17: =IFERROR(__xludf.DUMMYFUNCTION("""COMPUTED_VALUE"""),93.2) -> 93.2 | I17: =IFERROR(__xludf.DUMMYFUNCTION("""COMPUTED_VALUE"""),0.0) -> 0 | J17: =IFERROR(__xludf.DUMMYFUNCTION("""COMPUTED_VALUE"""),5.1) -> 5.1 | K17: =IFERROR(__xludf.DUMMYFUNCTION("""COMPUTED_VALUE"""),27.5) -> 27.5 | L17: =IFERROR(__xludf.DUMMYFUNCTION("""COMPUTED_VALUE"""),3.9) -> 3.9 | M17: =IFERROR(__xludf.DUMMYFUNCTION("""COMPUTED_VALUE"""),1.7) -> 1.7 | N17: =IFERROR(__xludf.DUMMYFUNCTION("""COMPUTED_VALUE"""),"USC Trojans") -> USC Trojans | O17: =IFERROR(__xludf.DUMMYFUNCTION("""COMPUTED_VALUE"""),"Big Ten") -> Big Ten | P17: =IFERROR(__xludf.DUMMYFUNCTION("if(F17="""","""",indeX(split(F17,""-""),1)-J17/100)"),8.149) -> 8.149
B18: =IFERROR(__xludf.DUMMYFUNCTION("""COMPUTED_VALUE"""),"0-0") -> 0-0 | C18: =IFERROR(__xludf.DUMMYFUNCTION("""COMPUTED_VALUE"""),16.0) -> 16 | D18: =IFERROR(__xludf.DUMMYFUNCTION("""COMPUTED_VALUE"""),14.0) -> 14 | E18: =IFERROR(__xludf.DUMMYFUNCTION("""COMPUTED_VALUE"""),"--") -> -- | F18: =IFERROR(__xludf.DUMMYFUNCTION("""COMPUTED_VALUE"""),"7.3-4.8") -> 7.3-4.8 | G18: =IFERROR(__xludf.DUMMYFUNCTION("""COMPUTED_VALUE"""),0.1) -> 0.1 | H18: =IFERROR(__xludf.DUMMYFUNCTION("""COMPUTED_VALUE"""),81.0) -> 81 | I18: =IFERROR(__xludf.DUMMYFUNCTION("""COMPUTED_VALUE"""),0.0) -> 0 | J18: =IFERROR(__xludf.DUMMYFUNCTION("""COMPUTED_VALUE"""),3.7) -> 3.7 | K18: =IFERROR(__xludf.DUMMYFUNCTION("""COMPUTED_VALUE"""),22.5) -> 22.5 | L18: =IFERROR(__xludf.DUMMYFUNCTION("""COMPUTED_VALUE"""),3.4) -> 3.4 | M18: =IFERROR(__xludf.DUMMYFUNCTION("""COMPUTED_VALUE"""),1.5) -> 1.5 | N18: =IFERROR(__xludf.DUMMYFUNCTION("""COMPUTED_VALUE"""),"Ole Miss Rebels") -> Ole Miss Rebels | O18: =IFERROR(__xludf.DUMMYFUNCTION("""COMPUTED_VALUE"""),"SEC") -> SEC | P18: =IFERROR(__xludf.DUMMYFUNCTION("if(F18="""","""",indeX(split(F18,""-""),1)-J18/100)"),7.263) -> 7.263
B19: =IFERROR(__xludf.DUMMYFUNCTION("""COMPUTED_VALUE"""),"0-0") -> 0-0 | C19: =IFERROR(__xludf.DUMMYFUNCTION("""COMPUTED_VALUE"""),15.9) -> 15.9 | D19: =IFERROR(__xludf.DUMMYFUNCTION("""COMPUTED_VALUE"""),15.0) -> 15 | E19: =IFERROR(__xludf.DUMMYFUNCTION("""COMPUTED_VALUE"""),"--") -> -- | F19: =IFERROR(__xludf.DUMMYFUNCTION("""COMPUTED_VALUE"""),"7.8-4.3") -> 7.8-4.3 | G19: =IFERROR(__xludf.DUMMYFUNCTION("""COMPUTED_VALUE"""),0.1) -> 0.1 | H19: =IFERROR(__xludf.DUMMYFUNCTION("""COMPUTED_VALUE"""),89.7) -> 89.7 | I19: =IFERROR(__xludf.DUMMYFUNCTION("""COMPUTED_VALUE"""),0.0) -> 0 | J19: =IFERROR(__xludf.DUMMYFUNCTION("""COMPUTED_VALUE"""),3.8) -> 3.8 | K19: =IFERROR(__xludf.DUMMYFUNCTION("""COMPUTED_VALUE"""),23.2) -> 23.2 | L19: =IFERROR(__xludf.DUMMYFUNCTION("""COMPUTED_VALUE"""),2.8) -> 2.8 | M19: =IFERROR(__xludf.DUMMYFUNCTION("""COMPUTED_VALUE"""),1.1) -> 1.1 | N19: =IFERROR(__xludf.DUMMYFUNCTION("""COMPUTED_VALUE"""),"Michigan Wolverines") -> Michigan Wolverines | O19: =IFERROR(__xludf.DUMMYFUNCTION("""COMPUTED_VALUE"""),"Big Ten") -> Big Ten | P19: =IFERROR(__xludf.DUMMYFUNCTION("if(F19="""","""",indeX(split(F19,""-""),1)-J19/100)"),7.762) -> 7.762
B20: =IFERROR(__xludf.DUMMYFUNCTION("""COMPUTED_VALUE"""),"0-0") -> 0-0 | C20: =IFERROR(__xludf.DUMMYFUNCTION("""COMPUTED_VALUE"""),15.1) -> 15.1 | D20: =IFERROR(__xludf.DUMMYFUNCTION("""COMPUTED_VALUE"""),16.0) -> 16 | E20: =IFERROR(__xludf.DUMMYFUNCTION("""COMPUTED_VALUE"""),"--") -> -- | F20: =IFERROR(__xludf.DUMMYFUNCTION("""COMPUTED_VALUE"""),"7.3-4.7") -> 7.3-4.7 | G20: =IFERROR(__xludf.DUMMYFUNCTION("""COMPUTED_VALUE"""),0.1) -> 0.1 | H20: =IFERROR(__xludf.DUMMYFUNCTION("""COMPUTED_VALUE"""),80.8) -> 80.8 | I20: =IFERROR(__xludf.DUMMYFUNCTION("""COMPUTED_VALUE"""),0.0) -> 0 | J20: =IFERROR(__xludf.DUMMYFUNCTION("""COMPUTED_VALUE"""),3.1) -> 3.1 | K20: =IFERROR(__xludf.DUMMYFUNCTION("""COMPUTED_VALUE"""),20.4) -> 20.4 | L20: =IFERROR(__xludf.DUMMYFUNCTION("""COMPUTED_VALUE"""),2.5) -> 2.5 | M20: =IFERROR(__xludf.DUMMYFUNCTION("""COMPUTED_VALUE"""),1.0) -> 1 | N20: =IFERROR(__xludf.DUMMYFUNCTION("""COMPUTED_VALUE"""),"Tennessee Volunteers") -> Tennessee Volunteers | O20: =IFERROR(__xludf.DUMMYFUNCTION("""COMPUTED_VALUE"""),"SEC") -> SEC | P20: =IFERROR(__xludf.DUMMYFUNCTION("if(F20="""","""",indeX(split(F20,""-""),1)-J20/100)"),7.269) -> 7.269
B21: =IFERROR(__xludf.DUMMYFUNCTION("""COMPUTED_VALUE"""),"0-0") -> 0-0 | C21: =IFERROR(__xludf.DUMMYFUNCTION("""COMPUTED_VALUE"""),13.7) -> 13.7 | D21: =IFERROR(__xludf.DUMMYFUNCTION("""COMPUTED_VALUE"""),17.0) -> 17 | E21: =IFERROR(__xludf.DUMMYFUNCTION("""COMPUTED_VALUE"""),"--") -> -- | F21: =IFERROR(__xludf.DUMMYFUNCTION("""COMPUTED_VALUE"""),"9.0-3.2") -> 9.0-3.2 | G21: =IFERROR(__xludf.DUMMYFUNCTION("""COMPUTED_VALUE"""),2.5) -> 2.5 | H21: =IFERROR(__xludf.DUMMYFUNCTION("""COMPUTED_VALUE"""),95.8) -> 95.8 | I21: =IFERROR(__xludf.DUMMYFUNCTION("""COMPUTED_VALUE"""),0.0) -> 0 | J21: =IFERROR(__xludf.DUMMYFUNCTION("""COMPUTED_VALUE"""),4.5) -> 4.5 | K21: =IFERROR(__xludf.DUMMYFUNCTION("""COMPUTED_VALUE"""),22.0) -> 22 | L21: =IFERROR(__xludf.DUMMYFUNCTION("""COMPUTED_VALUE"""),2.1) -> 2.1 | M21: =IFERROR(__xludf.DUMMYFUNCTION("""COMPUTED_VALUE"""),0.8) -> 0.8 | N21: =IFERROR(__xludf.DUMMYFUNCTION("""COMPUTED_VALUE"""),"Penn State Nittany Lions") -> Penn State Nittany Lions | O21: =IFERROR(__xludf.DUMMYFUNCTION("""COMPUTED_VALUE"""),"Big Ten") -> Big Ten | P21: =IFERROR(__xludf.DUMMYFUNCTION("if(F21="""","""",indeX(split(F21,""-""),1)-J21/100)"),8.955) -> 8.955
B22: =IFERROR(__xludf.DUMMYFUNCTION("""COMPUTED_VALUE"""),"0-0") -> 0-0 | C22: =IFERROR(__xludf.DUMMYFUNCTION("""COMPUTED_VALUE"""),13.6) -> 13.6 | D22: =IFERROR(__xludf.DUMMYFUNCTION("""COMPUTED_VALUE"""),18.0) -> 18 | E22: =IFERROR(__xludf.DUMMYFUNCTION("""COMPUTED_VALUE"""),"--") -> -- | F22: =IFERROR(__xludf.DUMMYFUNCTION("""COMPUTED_VALUE"""),"6.7-5.3") -> 6.7-5.3 | G22: =IFERROR(__xludf.DUMMYFUNCTION("""COMPUTED_VALUE"""),0.0) -> 0 | H22: =IFERROR(__xludf.DUMMYFUNCTION("""COMPUTED_VALUE"""),71.6) -> 71.6 | I22: =IFERROR(__xludf.DUMMYFUNCTION("""COMPUTED_VALUE"""),0.0) -> 0 | J22: =IFERROR(__xludf.DUMMYFUNCTION("""COMPUTED_VALUE"""),2.0) -> 2 | K22: =IFERROR(__xludf.DUMMYFUNCTION("""COMPUTED_VALUE"""),15.1) -> 15.1 | L22: =IFERROR(__xludf.DUMMYFUNCTION("""COMPUTED_VALUE"""),1.7) -> 1.7 | M22: =IFERROR(__xludf.DUMMYFUNCTION("""COMPUTED_VALUE"""),0.7) -> 0.7 | N22: =IFERROR(__xludf.DUMMYFUNCTION("""COMPUTED_VALUE"""),"Florida Gators") -> Florida Gators | O22: =IFERROR(__xludf.DUMMYFUNCTION("""COMPUTED_VALUE"""),"SEC") -> SEC | P22: =IFERROR(__xludf.DUMMYFUNCTION("if(F22="""","""",indeX(split(F22,""-""),1)-J22/100)"),6.680000000000001) -> 6.68
B23: =IFERROR(__xludf.DUMMYFUNCTION("""COMPUTED_VALUE"""),"0-0") -> 0-0 | C23: =IFERROR(__xludf.DUMMYFUNCTION("""COMPUTED_VALUE"""),13.4) -> 13.4 | D23: =IFERROR(__xludf.DUMMYFUNCTION("""COMPUTED_VALUE"""),19.0) -> 19 | E23: =IFERROR(__xludf.DUMMYFUNCTION("""COMPUTED_VALUE"""),"--") -> -- | F23: =IFERROR(__xludf.DUMMYFUNCTION("""COMPUTED_VALUE"""),"8.1-4.1") -> 8.1-4.1 | G23: =IFERROR(__xludf.DUMMYFUNCTION("""COMPUTED_VALUE"""),0.5) -> 0.5 | H23: =IFERROR(__xludf.DUMMYFUNCTION("""COMPUTED_VALUE"""),89.3) -> 89.3 | I23: =IFERROR(__xludf.DUMMYFUNCTION("""COMPUTED_VALUE"""),0.0) -> 0 | J23: =IFERROR(__xludf.DUMMYFUNCTION("""COMPUTED_VALUE"""),11.9) -> 11.9 | K23: =IFERROR(__xludf.DUMMYFUNCTION("""COMPUTED_VALUE"""),22.3) -> 22.3 | L23: =IFERROR(__xludf.DUMMYFUNCTION("""COMPUTED_VALUE"""),2.1) -> 2.1 | M23: =IFERROR(__xludf.DUMMYFUNCTION("""COMPUTED_VALUE"""),0.8) -> 0.8 | N23: =IFERROR(__xludf.DUMMYFUNCTION("""COMPUTED_VALUE"""),"Clemson Tigers") -> Clemson Tigers | O23: =IFERROR(__xludf.DUMMYFUNCTION("""COMPUTED_VALUE"""),"ACC") -> ACC | P23: =IFERROR(__xludf.DUMMYFUNCTION("if(F23="""","""",indeX(split(F23,""-""),1)-J23/100)"),7.981) -> 7.981
B24: =IFERROR(__xludf.DUMMYFUNCTION("""COMPUTED_VALUE"""),"0-0") -> 0-0 | C24: =IFERROR(__xludf.DUMMYFUNCTION("""COMPUTED_VALUE"""),13.1) -> 13.1 | D24: =IFERROR(__xludf.DUMMYFUNCTION("""COMPUTED_VALUE"""),20.0) -> 20 | E24: =IFERROR(__xludf.DUMMYFUNCTION("""COMPUTED_VALUE"""),"--") -> -- | F24: =IFERROR(__xludf.DUMMYFUNCTION("""COMPUTED_VALUE"""),"8.7-3.6") -> 8.7-3.6 | G24: =IFERROR(__xludf.DUMMYFUNCTION("""COMPUTED_VALUE"""),1.4) -> 1.4 | H24: =IFERROR(__xludf.DUMMYFUNCTION("""COMPUTED_VALUE"""),93.1) -> 93.1 | I24: =IFERROR(__xludf.DUMMYFUNCTION("""COMPUTED_VALUE"""),0.0) -> 0 | J24: =IFERROR(__xludf.DUMMYFUNCTION("""COMPUTED_VALUE"""),16.5) -> 16.5 | K24: =IFERROR(__xludf.DUMMYFUNCTION("""COMPUTED_VALUE"""),25.6) -> 25.6 | L24: =IFERROR(__xludf.DUMMYFUNCTION("""COMPUTED_VALUE"""),2.0) -> 2 | M24: =IFERROR(__xludf.DUMMYFUNCTION("""COMPUTED_VALUE"""),0.7) -> 0.7 | N24: =IFERROR(__xludf.DUMMYFUNCTION("""COMPUTED_VALUE"""),"BYU Cougars") -> BYU Cougars | O24: =IFERROR(__xludf.DUMMYFUNCTION("""COMPUTED_VALUE"""),"Big 12") -> Big 12 | P24: =IFERROR(__xludf.DUMMYFUNCTION("if(F24="""","""",indeX(split(F24,""-""),1)-J24/100)"),8.535) -> 8.535
B25: =IFERROR(__xludf.DUMMYFUNCTION("""COMPUTED_VALUE"""),"0-0") -> 0-0 | C25: =IFERROR(__xludf.DUMMYFUNCTION("""COMPUTED_VALUE"""),12.2) -> 12.2 | D25: =IFERROR(__xludf.DUMMYFUNCTION("""COMPUTED_VALUE"""),21.0) -> 21 | E25: =IFERROR(__xludf.DUMMYFUNCTION("""COMPUTED_VALUE"""),"--") -> -- | F25: =IFERROR(__xludf.DUMMYFUNCTION("""COMPUTED_VALUE"""),"6.7-5.3") -> 6.7-5.3 | G25: =IFERROR(__xludf.DUMMYFUNCTION("""COMPUTED_VALUE"""),0.0) -> 0 | H25: =IFERROR(__xludf.DUMMYFUNCTION("""COMPUTED_VALUE"""),71.9) -> 71.9 | I25: =IFERROR(__xludf.DUMMYFUNCTION("""COMPUTED_VALUE"""),0.0) -> 0 | J25: =IFERROR(__xludf.DUMMYFUNCTION("""COMPUTED_VALUE"""),1.5) -> 1.5 | K25: =IFERROR(__xludf.DUMMYFUNCTION("""COMPUTED_VALUE"""),12.4) -> 12.4 | L25: =IFERROR(__xludf.DUMMYFUNCTION("""COMPUTED_VALUE"""),1.2) -> 1.2 | M25: =IFERROR(__xludf.DUMMYFUNCTION("""COMPUTED_VALUE"""),0.4) -> 0.4 | N25: =IFERROR(__xludf.DUMMYFUNCTION("""COMPUTED_VALUE"""),"Missouri Tigers") -> Missouri Tigers | O25: =IFERROR(__xludf.DUMMYFUNCTION("""COMPUTED_VALUE"""),"SEC") -> SEC | P25: =IFERROR(__xludf.DUMMYFUNCTION("if(F25="""","""",indeX(split(F25,""-""),1)-J25/100)"),6.6850000000000005) -> 6.685
B26: =IFERROR(__xludf.DUMMYFUNCTION("""COMPUTED_VALUE"""),"0-0") -> 0-0 | C26: =IFERROR(__xludf.DUMMYFUNCTION("""COMPUTED_VALUE"""),12.0) -> 12 | D26: =IFERROR(__xludf.DUMMYFUNCTION("""COMPUTED_VALUE"""),22.0) -> 22 | E26: =IFERROR(__xludf.DUMMYFUNCTION("""COMPUTED_VALUE"""),"--") -> -- | F26: =IFERROR(__xludf.DUMMYFUNCTION("""COMPUTED_VALUE"""),"6.6-5.4") -> 6.6-5.4 | G26: =IFERROR(__xludf.DUMMYFUNCTION("""COMPUTED_VALUE"""),0.0) -> 0 | H26: =IFERROR(__xludf.DUMMYFUNCTION("""COMPUTED_VALUE"""),69.7) -> 69.7 | I26: =IFERROR(__xludf.DUMMYFUNCTION("""COMPUTED_VALUE"""),0.0) -> 0 | J26: =IFERROR(__xludf.DUMMYFUNCTION("""COMPUTED_VALUE"""),1.4) -> 1.4 | K26: =IFERROR(__xludf.DUMMYFUNCTION("""COMPUTED_VALUE"""),12.0) -> 12 | L26: =IFERROR(__xludf.DUMMYFUNCTION("""COMPUTED_VALUE"""),1.2) -> 1.2 | M26: =IFERROR(__xludf.DUMMYFUNCTION("""COMPUTED_VALUE"""),0.5) -> 0.5 | N26: =IFERROR(__xludf.DUMMYFUNCTION("""COMPUTED_VALUE"""),"Auburn Tigers") -> Auburn Tigers | O26: =IFERROR(__xludf.DUMMYFUNCTION("""COMPUTED_VALUE"""),"SEC") -> SEC | P26: =IFERROR(__xludf.DUMMYFUNCTION("if(F26="""","""",indeX(split(F26,""-""),1)-J26/100)"),6.585999999999999) -> 6.586
B27: =IFERROR(__xludf.DUMMYFUNCTION("""COMPUTED_VALUE"""),"0-0") -> 0-0 | C27: =IFERROR(__xludf.DUMMYFUNCTION("""COMPUTED_VALUE"""),11.7) -> 11.7 | D27: =IFERROR(__xludf.DUMMYFUNCTION("""COMPUTED_VALUE"""),23.0) -> 23 | E27: =IFERROR(__xludf.DUMMYFUNCTION("""COMPUTED_VALUE"""),"--") -> -- | F27: =IFERROR(__xludf.DUMMYFUNCTION("""COMPUTED_VALUE"""),"6.4-5.6") -> 6.4-5.6 | G27: =IFERROR(__xludf.DUMMYFUNCTION("""COMPUTED_VALUE"""),0.0) -> 0 | H27: =IFERROR(__xludf.DUMMYFUNCTION("""COMPUTED_VALUE"""),66.6) -> 66.6 | I27: =IFERROR(__xludf.DUMMYFUNCTION("""COMPUTED_VALUE"""),0.0) -> 0 | J27: =IFERROR(__xludf.DUMMYFUNCTION("""COMPUTED_VALUE"""),1.3) -> 1.3 | K27: =IFERROR(__xludf.DUMMYFUNCTION("""COMPUTED_VALUE"""),10.8) -> 10.8 | L27: =IFERROR(__xludf.DUMMYFUNCTION("""COMPUTED_VALUE"""),1.1) -> 1.1 | M27: =IFERROR(__xludf.DUMMYFUNCTION("""COMPUTED_VALUE"""),0.4) -> 0.4 | N27: =IFERROR(__xludf.DUMMYFUNCTION("""COMPUTED_VALUE"""),"South Carolina Gamecocks") -> South Carolina Gamecocks | O27: =IFERROR(__xludf.DUMMYFUNCTION("""COMPUTED_VALUE"""),"SEC") -> SEC | P27: =IFERROR(__xludf.DUMMYFUNCTION("if(F27="""","""",indeX(split(F27,""-""),1)-J27/100)"),6.3870000000000005) -> 6.387
B28: =IFERROR(__xludf.DUMMYFUNCTION("""COMPUTED_VALUE"""),"0-0") -> 0-0 | C28: =IFERROR(__xludf.DUMMYFUNCTION("""COMPUTED_VALUE"""),11.1) -> 11.1 | D28: =IFERROR(__xludf.DUMMYFUNCTION("""COMPUTED_VALUE"""),24.0) -> 24 | E28: =IFERROR(__xludf.DUMMYFUNCTION("""COMPUTED_VALUE"""),"--") -> -- | F28: =IFERROR(__xludf.DUMMYFUNCTION("""COMPUTED_VALUE"""),"8.3-4.0") -> 8.3-4.0 | G28: =IFERROR(__xludf.DUMMYFUNCTION("""COMPUTED_VALUE"""),0.4) -> 0.4 | H28: =IFERROR(__xludf.DUMMYFUNCTION("""COMPUTED_VALUE"""),91.6) -> 91.6 | I28: =IFERROR(__xludf.DUMMYFUNCTION("""COMPUTED_VALUE"""),0.0) -> 0 | J28: =IFERROR(__xludf.DUMMYFUNCTION("""COMPUTED_VALUE"""),10.3) -> 10.3 | K28: =IFERROR(__xludf.DUMMYFUNCTION("""COMPUTED_VALUE"""),18.2) -> 18.2 | L28: =IFERROR(__xludf.DUMMYFUNCTION("""COMPUTED_VALUE"""),1.3) -> 1.3 | M28: =IFERROR(__xludf.DUMMYFUNCTION("""COMPUTED_VALUE"""),0.4) -> 0.4 | N28: =IFERROR(__xludf.DUMMYFUNCTION("""COMPUTED_VALUE"""),"SMU Mustangs") -> SMU Mustangs | O28: =IFERROR(__xludf.DUMMYFUNCTION("""COMPUTED_VALUE"""),"ACC") -> ACC | P28: =IFERROR(__xludf.DUMMYFUNCTION("if(F28="""","""",indeX(split(F28,""-""),1)-J28/100)"),8.197000000000001) -> 8.197
B29: =IFERROR(__xludf.DUMMYFUNCTION("""COMPUTED_VALUE"""),"0-0") -> 0-0 | C29: =IFERROR(__xludf.DUMMYFUNCTION("""COMPUTED_VALUE"""),10.6) -> 10.6 | D29: =IFERROR(__xludf.DUMMYFUNCTION("""COMPUTED_VALUE"""),25.0) -> 25 | E29: =IFERROR(__xludf.DUMMYFUNCTION("""COMPUTED_VALUE"""),"--") -> -- | F29: =IFERROR(__xludf.DUMMYFUNCTION("""COMPUTED_VALUE"""),"7.6-4.4") -> 7.6-4.4 | G29: =IFERROR(__xludf.DUMMYFUNCTION("""COMPUTED_VALUE"""),0.1) -> 0.1 | H29: =IFERROR(__xludf.DUMMYFUNCTION("""COMPUTED_VALUE"""),86.2) -> 86.2 | I29: =IFERROR(__xludf.DUMMYFUNCTION("""COMPUTED_VALUE"""),0.0) -> 0 | J29: =IFERROR(__xludf.DUMMYFUNCTION("""COMPUTED_VALUE"""),1.7) -> 1.7 | K29: =IFERROR(__xludf.DUMMYFUNCTION("""COMPUTED_VALUE"""),11.8) -> 11.8 | L29: =IFERROR(__xludf.DUMMYFUNCTION("""COMPUTED_VALUE"""),0.8) -> 0.8 | M29: =IFERROR(__xludf.DUMMYFUNCTION("""COMPUTED_VALUE"""),0.2) -> 0.2 | N29: =IFERROR(__xludf.DUMMYFUNCTION("""COMPUTED_VALUE"""),"Iowa Hawkeyes") -> Iowa Hawkeyes | O29: =IFERROR(__xludf.DUMMYFUNCTION("""COMPUTED_VALUE"""),"Big Ten") -> Big Ten | P29: =IFERROR(__xludf.DUMMYFUNCTION("if(F29="""","""",indeX(split(F29,""-""),1)-J29/100)"),7.582999999999999) -> 7.583
B30: =IFERROR(__xludf.DUMMYFUNCTION("""COMPUTED_VALUE"""),"0-0") -> 0-0 | C30: =IFERROR(__xludf.DUMMYFUNCTION("""COMPUTED_VALUE"""),9.9) -> 9.9 | D30: =IFERROR(__xludf.DUMMYFUNCTION("""COMPUTED_VALUE"""),26.0) -> 26 | E30: =IFERROR(__xludf.DUMMYFUNCTION("""COMPUTED_VALUE"""),"--") -> -- | F30: =IFERROR(__xludf.DUMMYFUNCTION("""COMPUTED_VALUE"""),"7.0-5.0") -> 7.0-5.0 | G30: =IFERROR(__xludf.DUMMYFUNCTION("""COMPUTED_VALUE"""),0.0) -> 0 | H30: =IFERROR(__xludf.DUMMYFUNCTION("""COMPUTED_VALUE"""),78.1) -> 78.1 | I30: =IFERROR(__xludf.DUMMYFUNCTION("""COMPUTED_VALUE"""),0.0) -> 0 | J30: =IFERROR(__xludf.DUMMYFUNCTION("""COMPUTED_VALUE"""),1.0) -> 1 | K30: =IFERROR(__xludf.DUMMYFUNCTION("""COMPUTED_VALUE"""),9.2) -> 9.2 | L30: =IFERROR(__xludf.DUMMYFUNCTION("""COMPUTED_VALUE"""),0.6) -> 0.6 | M30: =IFERROR(__xludf.DUMMYFUNCTION("""COMPUTED_VALUE"""),0.2) -> 0.2 | N30: =IFERROR(__xludf.DUMMYFUNCTION("""COMPUTED_VALUE"""),"Washington Huskies") -> Washington Huskies | O30: =IFERROR(__xludf.DUMMYFUNCTION("""COMPUTED_VALUE"""),"Big Ten") -> Big Ten | P30: =IFERROR(__xludf.DUMMYFUNCTION("if(F30="""","""",indeX(split(F30,""-""),1)-J30/100)"),6.99) -> 6.99
B31: =IFERROR(__xludf.DUMMYFUNCTION("""COMPUTED_VALUE"""),"0-0") -> 0-0 | C31: =IFERROR(__xludf.DUMMYFUNCTION("""COMPUTED_VALUE"""),9.5) -> 9.5 | D31: =IFERROR(__xludf.DUMMYFUNCTION("""COMPUTED_VALUE"""),27.0) -> 27 | E31: =IFERROR(__xludf.DUMMYFUNCTION("""COMPUTED_VALUE"""),"--") -> -- | F31: =IFERROR(__xludf.DUMMYFUNCTION("""COMPUTED_VALUE"""),"7.6-4.6") -> 7.6-4.6 | G31: =IFERROR(__xludf.DUMMYFUNCTION("""COMPUTED_VALUE"""),0.3) -> 0.3 | H31: =IFERROR(__xludf.DUMMYFUNCTION("""COMPUTED_VALUE"""),82.0) -> 82 | I31: =IFERROR(__xludf.DUMMYFUNCTION("""COMPUTED_VALUE"""),0.0) -> 0 | J31: =IFERROR(__xludf.DUMMYFUNCTION("""COMPUTED_VALUE"""),7.0) -> 7 | K31: =IFERROR(__xludf.DUMMYFUNCTION("""COMPUTED_VALUE"""),13.4) -> 13.4 | L31: =IFERROR(__xludf.DUMMYFUNCTION("""COMPUTED_VALUE"""),0.8) -> 0.8 | M31: =IFERROR(__xludf.DUMMYFUNCTION("""COMPUTED_VALUE"""),0.2) -> 0.2 | N31: =IFERROR(__xludf.DUMMYFUNCTION("""COMPUTED_VALUE"""),"Louisville Cardinals") -> Louisville Cardinals | O31: =IFERROR(__xludf.DUMMYFUNCTION("""COMPUTED_VALUE"""),"ACC") -> ACC | P31: =IFERROR(__xludf.DUMMYFUNCTION("if(F31="""","""",indeX(split(F31,""-""),1)-J31/100)"),7.529999999999999) -> 7.53
B32: =IFERROR(__xludf.DUMMYFUNCTION("""COMPUTED_VALUE"""),"0-0") -> 0-0 | C32: =IFERROR(__xludf.DUMMYFUNCTION("""COMPUTED_VALUE"""),9.3) -> 9.3 | D32: =IFERROR(__xludf.DUMMYFUNCTION("""COMPUTED_VALUE"""),28.0) -> 28 | E32: =IFERROR(__xludf.DUMMYFUNCTION("""COMPUTED_VALUE"""),"--") -> -- | F32: =IFERROR(__xludf.DUMMYFUNCTION("""COMPUTED_VALUE"""),"6.7-5.4") -> 6.7-5.4 | G32: =IFERROR(__xludf.DUMMYFUNCTION("""COMPUTED_VALUE"""),0.0) -> 0 | H32: =IFERROR(__xludf.DUMMYFUNCTION("""COMPUTED_VALUE"""),71.0) -> 71 | I32: =IFERROR(__xludf.DUMMYFUNCTION("""COMPUTED_VALUE"""),0.0) -> 0 | J32: =IFERROR(__xludf.DUMMYFUNCTION("""COMPUTED_VALUE"""),4.2) -> 4.2 | K32: =IFERROR(__xludf.DUMMYFUNCTION("""COMPUTED_VALUE"""),9.5) -> 9.5 | L32: =IFERROR(__xludf.DUMMYFUNCTION("""COMPUTED_VALUE"""),0.6) -> 0.6 | M32: =IFERROR(__xludf.DUMMYFUNCTION("""COMPUTED_VALUE"""),0.2) -> 0.2 | N32: =IFERROR(__xludf.DUMMYFUNCTION("""COMPUTED_VALUE"""),"Florida State Seminoles") -> Florida State Seminoles | O32: =IFERROR(__xludf.DUMMYFUNCTION("""COMPUTED_VALUE"""),"ACC") -> ACC | P32: =IFERROR(__xludf.DUMMYFUNCTION("if(F32="""","""",indeX(split(F32,""-""),1)-J32/100)"),6.658) -> 6.658
B33: =IFERROR(__xludf.DUMMYFUNCTION("""COMPUTED_VALUE"""),"0-0") -> 0-0 | C33: =IFERROR(__xludf.DUMMYFUNCTION("""COMPUTED_VALUE"""),9.0) -> 9 | D33: =IFERROR(__xludf.DUMMYFUNCTION("""COMPUTED_VALUE"""),29.0) -> 29 | E33: =IFERROR(__xludf.DUMMYFUNCTION("""COMPUTED_VALUE"""),"--") -> -- | F33: =IFERROR(__xludf.DUMMYFUNCTION("""COMPUTED_VALUE"""),"6.2-5.8") -> 6.2-5.8 | G33: =IFERROR(__xludf.DUMMYFUNCTION("""COMPUTED_VALUE"""),0.0) -> 0 | H33: =IFERROR(__xludf.DUMMYFUNCTION("""COMPUTED_VALUE"""),62.5) -> 62.5 | I33: =IFERROR(__xludf.DUMMYFUNCTION("""COMPUTED_VALUE"""),0.0) -> 0 | J33: =IFERROR(__xludf.DUMMYFUNCTION("""COMPUTED_VALUE"""),0.7) -> 0.7 | K33: =IFERROR(__xludf.DUMMYFUNCTION("""COMPUTED_VALUE"""),6.8) -> 6.8 | L33: =IFERROR(__xludf.DUMMYFUNCTION("""COMPUTED_VALUE"""),0.5) -> 0.5 | M33: =IFERROR(__xludf.DUMMYFUNCTION("""COMPUTED_VALUE"""),0.1) -> 0.1 | N33: =IFERROR(__xludf.DUMMYFUNCTION("""COMPUTED_VALUE"""),"Vanderbilt Commodores") -> Vanderbilt Commodores | O33: =IFERROR(__xludf.DUMMYFUNCTION("""COMPUTED_VALUE"""),"SEC") -> SEC | P33: =IFERROR(__xludf.DUMMYFUNCTION("if(F33="""","""",indeX(split(F33,""-""),1)-J33/100)"),6.1930000000000005) -> 6.193
B34: =IFERROR(__xludf.DUMMYFUNCTION("""COMPUTED_VALUE"""),"0-0") -> 0-0 | C34: =IFERROR(__xludf.DUMMYFUNCTION("""COMPUTED_VALUE"""),8.8) -> 8.8 | D34: =IFERROR(__xludf.DUMMYFUNCTION("""COMPUTED_VALUE"""),30.0) -> 30 | E34: =IFERROR(__xludf.DUMMYFUNCTION("""COMPUTED_VALUE"""),"--") -> -- | F34: =IFERROR(__xludf.DUMMYFUNCTION("""COMPUTED_VALUE"""),"6.7-5.3") -> 6.7-5.3 | G34: =IFERROR(__xludf.DUMMYFUNCTION("""COMPUTED_VALUE"""),0.0) -> 0 | H34: =IFERROR(__xludf.DUMMYFUNCTION("""COMPUTED_VALUE"""),74.5) -> 74.5 | I34: =IFERROR(__xludf.DUMMYFUNCTION("""COMPUTED_VALUE"""),0.0) -> 0 | J34: =IFERROR(__xludf.DUMMYFUNCTION("""COMPUTED_VALUE"""),0.7) -> 0.7 | K34: =IFERROR(__xludf.DUMMYFUNCTION("""COMPUTED_VALUE"""),7.2) -> 7.2 | L34: =IFERROR(__xludf.DUMMYFUNCTION("""COMPUTED_VALUE"""),0.5) -> 0.5 | M34: =IFERROR(__xludf.DUMMYFUNCTION("""COMPUTED_VALUE"""),0.2) -> 0.2 | N34: =IFERROR(__xludf.DUMMYFUNCTION("""COMPUTED_VALUE"""),"Nebraska Cornhuskers") -> Nebraska Cornhuskers | O34: =IFERROR(__xludf.DUMMYFUNCTION("""COMPUTED_VALUE"""),"Big Ten") -> Big Ten | P34: =IFERROR(__xludf.DUMMYFUNCTION("if(F34="""","""",indeX(split(F34,""-""),1)-J34/100)"),6.6930000000000005) -> 6.693
B35: =IFERROR(__xludf.DUMMYFUNCTION("""COMPUTED_VALUE"""),"0-0") -> 0-0 | C35: =IFERROR(__xludf.DUMMYFUNCTION("""COMPUTED_VALUE"""),8.5) -> 8.5 | D35: =IFERROR(__xludf.DUMMYFUNCTION("""COMPUTED_VALUE"""),31.0) -> 31 | E35: =IFERROR(__xludf.DUMMYFUNCTION("""COMPUTED_VALUE"""),"--") -> -- | F35: =IFERROR(__xludf.DUMMYFUNCTION("""COMPUTED_VALUE"""),"7.7-4.4") -> 7.7-4.4 | G35: =IFERROR(__xludf.DUMMYFUNCTION("""COMPUTED_VALUE"""),0.4) -> 0.4 | H35: =IFERROR(__xludf.DUMMYFUNCTION("""COMPUTED_VALUE"""),83.7) -> 83.7 | I35: =IFERROR(__xludf.DUMMYFUNCTION("""COMPUTED_VALUE"""),0.0) -> 0 | J35: =IFERROR(__xludf.DUMMYFUNCTION("""COMPUTED_VALUE"""),5.9) -> 5.9 | K35: =IFERROR(__xludf.DUMMYFUNCTION("""COMPUTED_VALUE"""),10.9) -> 10.9 | L35: =IFERROR(__xludf.DUMMYFUNCTION("""COMPUTED_VALUE"""),0.5) -> 0.5 | M35: =IFERROR(__xludf.DUMMYFUNCTION("""COMPUTED_VALUE"""),0.1) -> 0.1 | N35: =IFERROR(__xludf.DUMMYFUNCTION("""COMPUTED_VALUE"""),"Utah Utes") -> Utah Utes | O35: =IFERROR(__xludf.DUMMYFUNCTION("""COMPUTED_VALUE"""),"Big 12") -> Big 12 | P35: =IFERROR(__xludf.DUMMYFUNCTION("if(F35="""","""",indeX(split(F35,""-""),1)-J35/100)"),7.641) -> 7.641
B36: =IFERROR(__xludf.DUMMYFUNCTION("""COMPUTED_VALUE"""),"0-0") -> 0-0 | C36: =IFERROR(__xludf.DUMMYFUNCTION("""COMPUTED_VALUE"""),7.9) -> 7.9 | D36: =IFERROR(__xludf.DUMMYFUNCTION("""COMPUTED_VALUE"""),32.0) -> 32 | E36: =IFERROR(__xludf.DUMMYFUNCTION("""COMPUTED_VALUE"""),"--") -> -- | F36: =IFERROR(__xludf.DUMMYFUNCTION("""COMPUTED_VALUE"""),"7.7-4.4") -> 7.7-4.4 | G36: =IFERROR(__xludf.DUMMYFUNCTION("""COMPUTED_VALUE"""),0.3) -> 0.3 | H36: =IFERROR(__xludf.DUMMYFUNCTION("""COMPUTED_VALUE"""),84.7) -> 84.7 | I36: =IFERROR(__xludf.DUMMYFUNCTION("""COMPUTED_VALUE"""),0.0) -> 0 | J36: =IFERROR(__xludf.DUMMYFUNCTION("""COMPUTED_VALUE"""),3.8) -> 3.8 | K36: =IFERROR(__xludf.DUMMYFUNCTION("""COMPUTED_VALUE"""),9.3) -> 9.3 | L36: =IFERROR(__xludf.DUMMYFUNCTION("""COMPUTED_VALUE"""),0.5) -> 0.5 | M36: =IFERROR(__xludf.DUMMYFUNCTION("""COMPUTED_VALUE"""),0.1) -> 0.1 | N36: =IFERROR(__xludf.DUMMYFUNCTION("""COMPUTED_VALUE"""),"Virginia Cavaliers") -> Virginia Cavaliers | O36: =IFERROR(__xludf.DUMMYFUNCTION("""COMPUTED_VALUE"""),"ACC") -> ACC | P36: =IFERROR(__xludf.DUMMYFUNCTION("if(F36="""","""",indeX(split(F36,""-""),1)-J36/100)"),7.662) -> 7.662
B37: =IFERROR(__xludf.DUMMYFUNCTION("""COMPUTED_VALUE"""),"0-0") -> 0-0 | C37: =IFERROR(__xludf.DUMMYFUNCTION("""COMPUTED_VALUE"""),7.4) -> 7.4 | D37: =IFERROR(__xludf.DUMMYFUNCTION("""COMPUTED_VALUE"""),33.0) -> 33 | E37: =IFERROR(__xludf.DUMMYFUNCTION("""COMPUTED_VALUE"""),"--") -> -- | F37: =IFERROR(__xludf.DUMMYFUNCTION("""COMPUTED_VALUE"""),"7.0-5.1") -> 7.0-5.1 | G37: =IFERROR(__xludf.DUMMYFUNCTION("""COMPUTED_VALUE"""),0.0) -> 0 | H37: =IFERROR(__xludf.DUMMYFUNCTION("""COMPUTED_VALUE"""),76.4) -> 76.4 | I37: =IFERROR(__xludf.DUMMYFUNCTION("""COMPUTED_VALUE"""),0.0) -> 0 | J37: =IFERROR(__xludf.DUMMYFUNCTION("""COMPUTED_VALUE"""),2.8) -> 2.8 | K37: =IFERROR(__xludf.DUMMYFUNCTION("""COMPUTED_VALUE"""),6.9) -> 6.9 | L37: =IFERROR(__xludf.DUMMYFUNCTION("""COMPUTED_VALUE"""),0.4) -> 0.4 | M37: =IFERROR(__xludf.DUMMYFUNCTION("""COMPUTED_VALUE"""),0.1) -> 0.1 | N37: =IFERROR(__xludf.DUMMYFUNCTION("""COMPUTED_VALUE"""),"Virginia Tech Hokies") -> Virginia Tech Hokies | O37: =IFERROR(__xludf.DUMMYFUNCTION("""COMPUTED_VALUE"""),"ACC") -> ACC | P37: =IFERROR(__xludf.DUMMYFUNCTION("if(F37="""","""",indeX(split(F37,""-""),1)-J37/100)"),6.972) -> 6.972
B38: =IFERROR(__xludf.DUMMYFUNCTION("""COMPUTED_VALUE"""),"0-0") -> 0-0 | C38: =IFERROR(__xludf.DUMMYFUNCTION("""COMPUTED_VALUE"""),7.2) -> 7.2 | D38: =IFERROR(__xludf.DUMMYFUNCTION("""COMPUTED_VALUE"""),34.0) -> 34 | E38: =IFERROR(__xludf.DUMMYFUNCTION("""COMPUTED_VALUE"""),"--") -> -- | F38: =IFERROR(__xludf.DUMMYFUNCTION("""COMPUTED_VALUE"""),"7.3-4.8") -> 7.3-4.8 | G38: =IFERROR(__xludf.DUMMYFUNCTION("""COMPUTED_VALUE"""),0.1) -> 0.1 | H38: =IFERROR(__xludf.DUMMYFUNCTION("""COMPUTED_VALUE"""),80.1) -> 80.1 | I38: =IFERROR(__xludf.DUMMYFUNCTION("""COMPUTED_VALUE"""),0.0) -> 0 | J38: =IFERROR(__xludf.DUMMYFUNCTION("""COMPUTED_VALUE"""),4.2) -> 4.2 | K38: =IFERROR(__xludf.DUMMYFUNCTION("""COMPUTED_VALUE"""),7.6) -> 7.6 | L38: =IFERROR(__xludf.DUMMYFUNCTION("""COMPUTED_VALUE"""),0.3) -> 0.3 | M38: =IFERROR(__xludf.DUMMYFUNCTION("""COMPUTED_VALUE"""),0.1) -> 0.1 | N38: =IFERROR(__xludf.DUMMYFUNCTION("""COMPUTED_VALUE"""),"Arizona Wildcats") -> Arizona Wildcats | O38: =IFERROR(__xludf.DUMMYFUNCTION("""COMPUTED_VALUE"""),"Big 12") -> Big 12 | P38: =IFERROR(__xludf.DUMMYFUNCTION("if(F38="""","""",indeX(split(F38,""-""),1)-J38/100)"),7.258) -> 7.258
B39: =IFERROR(__xludf.DUMMYFUNCTION("""COMPUTED_VALUE"""),"0-0") -> 0-0 | C39: =IFERROR(__xludf.DUMMYFUNCTION("""COMPUTED_VALUE"""),7.1) -> 7.1 | D39: =IFERROR(__xludf.DUMMYFUNCTION("""COMPUTED_VALUE"""),35.0) -> 35 | E39: =IFERROR(__xludf.DUMMYFUNCTION("""COMPUTED_VALUE"""),"--") -> -- | F39: =IFERROR(__xludf.DUMMYFUNCTION("""COMPUTED_VALUE"""),"7.4-4.7") -> 7.4-4.7 | G39: =IFERROR(__xludf.DUMMYFUNCTION("""COMPUTED_VALUE"""),0.1) -> 0.1 | H39: =IFERROR(__xludf.DUMMYFUNCTION("""COMPUTED_VALUE"""),81.3) -> 81.3 | I39: =IFERROR(__xludf.DUMMYFUNCTION("""COMPUTED_VALUE"""),0.0) -> 0 | J39: =IFERROR(__xludf.DUMMYFUNCTION("""COMPUTED_VALUE"""),4.1) -> 4.1 | K39: =IFERROR(__xludf.DUMMYFUNCTION("""COMPUTED_VALUE"""),7.8) -> 7.8 | L39: =IFERROR(__xludf.DUMMYFUNCTION("""COMPUTED_VALUE"""),0.4) -> 0.4 | M39: =IFERROR(__xludf.DUMMYFUNCTION("""COMPUTED_VALUE"""),0.1) -> 0.1 | N39: =IFERROR(__xludf.DUMMYFUNCTION("""COMPUTED_VALUE"""),"Houston Cougars") -> Houston Cougars | O39: =IFERROR(__xludf.DUMMYFUNCTION("""COMPUTED_VALUE"""),"Big 12") -> Big 12 | P39: =IFERROR(__xludf.DUMMYFUNCTION("if(F39="""","""",indeX(split(F39,""-""),1)-J39/100)"),7.359) -> 7.359
B40: =IFERROR(__xludf.DUMMYFUNCTION("""COMPUTED_VALUE"""),"0-0") -> 0-0 | C40: =IFERROR(__xludf.DUMMYFUNCTION("""COMPUTED_VALUE"""),6.6) -> 6.6 | D40: =IFERROR(__xludf.DUMMYFUNCTION("""COMPUTED_VALUE"""),36.0) -> 36 | E40: =IFERROR(__xludf.DUMMYFUNCTION("""COMPUTED_VALUE"""),"--") -> -- | F40: =IFERROR(__xludf.DUMMYFUNCTION("""COMPUTED_VALUE"""),"7.1-5.0") -> 7.1-5.0 | G40: =IFERROR(__xludf.DUMMYFUNCTION("""COMPUTED_VALUE"""),0.1) -> 0.1 | H40: =IFERROR(__xludf.DUMMYFUNCTION("""COMPUTED_VALUE"""),77.6) -> 77.6 | I40: =IFERROR(__xludf.DUMMYFUNCTION("""COMPUTED_VALUE"""),0.0) -> 0 | J40: =IFERROR(__xludf.DUMMYFUNCTION("""COMPUTED_VALUE"""),2.3) -> 2.3 | K40: =IFERROR(__xludf.DUMMYFUNCTION("""COMPUTED_VALUE"""),6.2) -> 6.2 | L40: =IFERROR(__xludf.DUMMYFUNCTION("""COMPUTED_VALUE"""),0.3) -> 0.3 | M40: =IFERROR(__xludf.DUMMYFUNCTION("""COMPUTED_VALUE"""),0.1) -> 0.1 | N40: =IFERROR(__xludf.DUMMYFUNCTION("""COMPUTED_VALUE"""),"Pittsburgh Panthers") -> Pittsburgh Panthers | O40: =IFERROR(__xludf.DUMMYFUNCTION("""COMPUTED_VALUE"""),"ACC") -> ACC | P40: =IFERROR(__xludf.DUMMYFUNCTION("if(F40="""","""",indeX(split(F40,""-""),1)-J40/100)"),7.077) -> 7.077
B41: =IFERROR(__xludf.DUMMYFUNCTION("""COMPUTED_VALUE"""),"0-0") -> 0-0 | C41: =IFERROR(__xludf.DUMMYFUNCTION("""COMPUTED_VALUE"""),6.5) -> 6.5 | D41: =IFERROR(__xludf.DUMMYFUNCTION("""COMPUTED_VALUE"""),37.0) -> 37 | E41: =IFERROR(__xludf.DUMMYFUNCTION("""COMPUTED_VALUE"""),"--") -> -- | F41: =IFERROR(__xludf.DUMMYFUNCTION("""COMPUTED_VALUE"""),"6.6-5.5") -> 6.6-5.5 | G41: =IFERROR(__xludf.DUMMYFUNCTION("""COMPUTED_VALUE"""),0.0) -> 0 | H41: =IFERROR(__xludf.DUMMYFUNCTION("""COMPUTED_VALUE"""),68.8) -> 68.8 | I41: =IFERROR(__xludf.DUMMYFUNCTION("""COMPUTED_VALUE"""),0.0) -> 0 | J41: =IFERROR(__xludf.DUMMYFUNCTION("""COMPUTED_VALUE"""),3.2) -> 3.2 | K41: =IFERROR(__xludf.DUMMYFUNCTION("""COMPUTED_VALUE"""),6.0) -> 6 | L41: =IFERROR(__xludf.DUMMYFUNCTION("""COMPUTED_VALUE"""),0.2) -> 0.2 | M41: =IFERROR(__xludf.DUMMYFUNCTION("""COMPUTED_VALUE"""),0.1) -> 0.1 | N41: =IFERROR(__xludf.DUMMYFUNCTION("""COMPUTED_VALUE"""),"Baylor Bears") -> Baylor Bears | O41: =IFERROR(__xludf.DUMMYFUNCTION("""COMPUTED_VALUE"""),"Big 12") -> Big 12 | P41: =IFERROR(__xludf.DUMMYFUNCTION("if(F41="""","""",indeX(split(F41,""-""),1)-J41/100)"),6.568) -> 6.568
B42: =IFERROR(__xludf.DUMMYFUNCTION("""COMPUTED_VALUE"""),"0-0") -> 0-0 | C42: =IFERROR(__xludf.DUMMYFUNCTION("""COMPUTED_VALUE"""),6.4) -> 6.4 | D42: =IFERROR(__xludf.DUMMYFUNCTION("""COMPUTED_VALUE"""),38.0) -> 38 | E42: =IFERROR(__xludf.DUMMYFUNCTION("""COMPUTED_VALUE"""),"--") -> -- | F42: =IFERROR(__xludf.DUMMYFUNCTION("""COMPUTED_VALUE"""),"6.8-5.3") -> 6.8-5.3 | G42: =IFERROR(__xludf.DUMMYFUNCTION("""COMPUTED_VALUE"""),0.0) -> 0 | H42: =IFERROR(__xludf.DUMMYFUNCTION("""COMPUTED_VALUE"""),72.1) -> 72.1 | I42: =IFERROR(__xludf.DUMMYFUNCTION("""COMPUTED_VALUE"""),0.0) -> 0 | J42: =IFERROR(__xludf.DUMMYFUNCTION("""COMPUTED_VALUE"""),4.0) -> 4 | K42: =IFERROR(__xludf.DUMMYFUNCTION("""COMPUTED_VALUE"""),6.8) -> 6.8 | L42: =IFERROR(__xludf.DUMMYFUNCTION("""COMPUTED_VALUE"""),0.3) -> 0.3 | M42: =IFERROR(__xludf.DUMMYFUNCTION("""COMPUTED_VALUE"""),0.1) -> 0.1 | N42: =IFERROR(__xludf.DUMMYFUNCTION("""COMPUTED_VALUE"""),"TCU Horned Frogs") -> TCU Horned Frogs | O42: =IFERROR(__xludf.DUMMYFUNCTION("""COMPUTED_VALUE"""),"Big 12") -> Big 12 | P42: =IFERROR(__xludf.DUMMYFUNCTION("if(F42="""","""",indeX(split(F42,""-""),1)-J42/100)"),6.76) -> 6.76
B43: =IFERROR(__xludf.DUMMYFUNCTION("""COMPUTED_VALUE"""),"0-0") -> 0-0 | C43: =IFERROR(__xludf.DUMMYFUNCTION("""COMPUTED_VALUE"""),6.3) -> 6.3 | D43: =IFERROR(__xludf.DUMMYFUNCTION("""COMPUTED_VALUE"""),39.0) -> 39 | E43: =IFERROR(__xludf.DUMMYFUNCTION("""COMPUTED_VALUE"""),"--") -> -- | F43: =IFERROR(__xludf.DUMMYFUNCTION("""COMPUTED_VALUE"""),"6.7-5.3") -> 6.7-5.3 | G43: =IFERROR(__xludf.DUMMYFUNCTION("""COMPUTED_VALUE"""),0.0) -> 0 | H43: =IFERROR(__xludf.DUMMYFUNCTION("""COMPUTED_VALUE"""),72.3) -> 72.3 | I43: =IFERROR(__xludf.DUMMYFUNCTION("""COMPUTED_VALUE"""),0.0) -> 0 | J43: =IFERROR(__xludf.DUMMYFUNCTION("""COMPUTED_VALUE"""),0.5) -> 0.5 | K43: =IFERROR(__xludf.DUMMYFUNCTION("""COMPUTED_VALUE"""),4.7) -> 4.7 | L43: =IFERROR(__xludf.DUMMYFUNCTION("""COMPUTED_VALUE"""),0.2) -> 0.2 | M43: =IFERROR(__xludf.DUMMYFUNCTION("""COMPUTED_VALUE"""),0.1) -> 0.1 | N43: =IFERROR(__xludf.DUMMYFUNCTION("""COMPUTED_VALUE"""),"Illinois Fighting Illini") -> Illinois Fighting Illini | O43: =IFERROR(__xludf.DUMMYFUNCTION("""COMPUTED_VALUE"""),"Big Ten") -> Big Ten | P43: =IFERROR(__xludf.DUMMYFUNCTION("if(F43="""","""",indeX(split(F43,""-""),1)-J43/100)"),6.695) -> 6.695
B44: =IFERROR(__xludf.DUMMYFUNCTION("""COMPUTED_VALUE"""),"0-0") -> 0-0 | C44: =IFERROR(__xludf.DUMMYFUNCTION("""COMPUTED_VALUE"""),5.4) -> 5.4 | D44: =IFERROR(__xludf.DUMMYFUNCTION("""COMPUTED_VALUE"""),40.0) -> 40 | E44: =IFERROR(__xludf.DUMMYFUNCTION("""COMPUTED_VALUE"""),"--") -> -- | F44: =IFERROR(__xludf.DUMMYFUNCTION("""COMPUTED_VALUE"""),"4.6-7.4") -> 4.6-7.4 | G44: =IFERROR(__xludf.DUMMYFUNCTION("""COMPUTED_VALUE"""),0.0) -> 0 | H44: =IFERROR(__xludf.DUMMYFUNCTION("""COMPUTED_VALUE"""),30.4) -> 30.4 | I44: =IFERROR(__xludf.DUMMYFUNCTION("""COMPUTED_VALUE"""),0.0) -> 0 | J44: =IFERROR(__xludf.DUMMYFUNCTION("""COMPUTED_VALUE"""),0.2) -> 0.2 | K44: =IFERROR(__xludf.DUMMYFUNCTION("""COMPUTED_VALUE"""),2.2) -> 2.2 | L44: =IFERROR(__xludf.DUMMYFUNCTION("""COMPUTED_VALUE"""),0.1) -> 0.1 | M44: =IFERROR(__xludf.DUMMYFUNCTION("""COMPUTED_VALUE"""),0.0) -> 0 | N44: =IFERROR(__xludf.DUMMYFUNCTION("""COMPUTED_VALUE"""),"Kentucky Wildcats") -> Kentucky Wildcats | O44: =IFERROR(__xludf.DUMMYFUNCTION("""COMPUTED_VALUE"""),"SEC") -> SEC | P44: =IFERROR(__xludf.DUMMYFUNCTION("if(F44="""","""",indeX(split(F44,""-""),1)-J44/100)"),4.598) -> 4.598
B45: =IFERROR(__xludf.DUMMYFUNCTION("""COMPUTED_VALUE"""),"0-0") -> 0-0 | C45: =IFERROR(__xludf.DUMMYFUNCTION("""COMPUTED_VALUE"""),5.1) -> 5.1 | D45: =IFERROR(__xludf.DUMMYFUNCTION("""COMPUTED_VALUE"""),41.0) -> 41 | E45: =IFERROR(__xludf.DUMMYFUNCTION("""COMPUTED_VALUE"""),"--") -> -- | F45: =IFERROR(__xludf.DUMMYFUNCTION("""COMPUTED_VALUE"""),"7.0-5.1") -> 7.0-5.1 | G45: =IFERROR(__xludf.DUMMYFUNCTION("""COMPUTED_VALUE"""),0.1) -> 0.1 | H45: =IFERROR(__xludf.DUMMYFUNCTION("""COMPUTED_VALUE"""),74.1) -> 74.1 | I45: =IFERROR(__xludf.DUMMYFUNCTION("""COMPUTED_VALUE"""),0.0) -> 0 | J45: =IFERROR(__xludf.DUMMYFUNCTION("""COMPUTED_VALUE"""),3.1) -> 3.1 | K45: =IFERROR(__xludf.DUMMYFUNCTION("""COMPUTED_VALUE"""),5.7) -> 5.7 | L45: =IFERROR(__xludf.DUMMYFUNCTION("""COMPUTED_VALUE"""),0.2) -> 0.2 | M45: =IFERROR(__xludf.DUMMYFUNCTION("""COMPUTED_VALUE"""),0.1) -> 0.1 | N45: =IFERROR(__xludf.DUMMYFUNCTION("""COMPUTED_VALUE"""),"Kansas State Wildcats") -> Kansas State Wildcats | O45: =IFERROR(__xludf.DUMMYFUNCTION("""COMPUTED_VALUE"""),"Big 12") -> Big 12 | P45: =IFERROR(__xludf.DUMMYFUNCTION("if(F45="""","""",indeX(split(F45,""-""),1)-J45/100)"),6.969) -> 6.969
B46: =IFERROR(__xludf.DUMMYFUNCTION("""COMPUTED_VALUE"""),"0-0") -> 0-0 | C46: =IFERROR(__xludf.DUMMYFUNCTION("""COMPUTED_VALUE"""),4.9) -> 4.9 | D46: =IFERROR(__xludf.DUMMYFUNCTION("""COMPUTED_VALUE"""),42.0) -> 42 | E46: =IFERROR(__xludf.DUMMYFUNCTION("""COMPUTED_VALUE"""),"--") -> -- | F46: =IFERROR(__xludf.DUMMYFUNCTION("""COMPUTED_VALUE"""),"5.8-6.2") -> 5.8-6.2 | G46: =IFERROR(__xludf.DUMMYFUNCTION("""COMPUTED_VALUE"""),0.0) -> 0 | H46: =IFERROR(__xludf.DUMMYFUNCTION("""COMPUTED_VALUE"""),55.5) -> 55.5 | I46: =IFERROR(__xludf.DUMMYFUNCTION("""COMPUTED_VALUE"""),0.0) -> 0 | J46: =IFERROR(__xludf.DUMMYFUNCTION("""COMPUTED_VALUE"""),1.5) -> 1.5 | K46: =IFERROR(__xludf.DUMMYFUNCTION("""COMPUTED_VALUE"""),3.6) -> 3.6 | L46: =IFERROR(__xludf.DUMMYFUNCTION("""COMPUTED_VALUE"""),0.1) -> 0.1 | M46: =IFERROR(__xludf.DUMMYFUNCTION("""COMPUTED_VALUE"""),0.0) -> 0 | N46: =IFERROR(__xludf.DUMMYFUNCTION("""COMPUTED_VALUE"""),"North Carolina Tar Heels") -> North Carolina Tar Heels | O46: =IFERROR(__xludf.DUMMYFUNCTION("""COMPUTED_VALUE"""),"ACC") -> ACC | P46: =IFERROR(__xludf.DUMMYFUNCTION("if(F46="""","""",indeX(split(F46,""-""),1)-J46/100)"),5.785) -> 5.785
B47: =IFERROR(__xludf.DUMMYFUNCTION("""COMPUTED_VALUE"""),"0-0") -> 0-0 | C47: =IFERROR(__xludf.DUMMYFUNCTION("""COMPUTED_VALUE"""),4.8) -> 4.8 | D47: =IFERROR(__xludf.DUMMYFUNCTION("""COMPUTED_VALUE"""),43.0) -> 43 | E47: =IFERROR(__xludf.DUMMYFUNCTION("""COMPUTED_VALUE"""),"--") -> -- | F47: =IFERROR(__xludf.DUMMYFUNCTION("""COMPUTED_VALUE"""),"6.5-5.5") -> 6.5-5.5 | G47: =IFERROR(__xludf.DUMMYFUNCTION("""COMPUTED_VALUE"""),0.0) -> 0 | H47: =IFERROR(__xludf.DUMMYFUNCTION("""COMPUTED_VALUE"""),69.2) -> 69.2 | I47: =IFERROR(__xludf.DUMMYFUNCTION("""COMPUTED_VALUE"""),0.0) -> 0 | J47: =IFERROR(__xludf.DUMMYFUNCTION("""COMPUTED_VALUE"""),0.6) -> 0.6 | K47: =IFERROR(__xludf.DUMMYFUNCTION("""COMPUTED_VALUE"""),3.5) -> 3.5 | L47: =IFERROR(__xludf.DUMMYFUNCTION("""COMPUTED_VALUE"""),0.1) -> 0.1 | M47: =IFERROR(__xludf.DUMMYFUNCTION("""COMPUTED_VALUE"""),0.0) -> 0 | N47: =IFERROR(__xludf.DUMMYFUNCTION("""COMPUTED_VALUE"""),"Wisconsin Badgers") -> Wisconsin Badgers | O47: =IFERROR(__xludf.DUMMYFUNCTION("""COMPUTED_VALUE"""),"Big Ten") -> Big Ten | P47: =IFERROR(__xludf.DUMMYFUNCTION("if(F47="""","""",indeX(split(F47,""-""),1)-J47/100)"),6.494) -> 6.494
B48: =IFERROR(__xludf.DUMMYFUNCTION("""COMPUTED_VALUE"""),"0-0") -> 0-0 | C48: =IFERROR(__xludf.DUMMYFUNCTION("""COMPUTED_VALUE"""),4.8) -> 4.8 | D48: =IFERROR(__xludf.DUMMYFUNCTION("""COMPUTED_VALUE"""),44.0) -> 44 | E48: =IFERROR(__xludf.DUMMYFUNCTION("""COMPUTED_VALUE"""),"--") -> -- | F48: =IFERROR(__xludf.DUMMYFUNCTION("""COMPUTED_VALUE"""),"6.0-6.1") -> 6.0-6.1 | G48: =IFERROR(__xludf.DUMMYFUNCTION("""COMPUTED_VALUE"""),0.0) -> 0 | H48: =IFERROR(__xludf.DUMMYFUNCTION("""COMPUTED_VALUE"""),57.6) -> 57.6 | I48: =IFERROR(__xludf.DUMMYFUNCTION("""COMPUTED_VALUE"""),0.0) -> 0 | J48: =IFERROR(__xludf.DUMMYFUNCTION("""COMPUTED_VALUE"""),2.3) -> 2.3 | K48: =IFERROR(__xludf.DUMMYFUNCTION("""COMPUTED_VALUE"""),4.0) -> 4 | L48: =IFERROR(__xludf.DUMMYFUNCTION("""COMPUTED_VALUE"""),0.1) -> 0.1 | M48: =IFERROR(__xludf.DUMMYFUNCTION("""COMPUTED_VALUE"""),0.0) -> 0 | N48: =IFERROR(__xludf.DUMMYFUNCTION("""COMPUTED_VALUE"""),"Arizona State Sun Devils") -> Arizona State Sun Devils | O48: =IFERROR(__xludf.DUMMYFUNCTION("""COMPUTED_VALUE"""),"Big 12") -> Big 12 | P48: =IFERROR(__xludf.DUMMYFUNCTION("if(F48="""","""",indeX(split(F48,""-""),1)-J48/100)"),5.977) -> 5.977
B49: =IFERROR(__xludf.DUMMYFUNCTION("""COMPUTED_VALUE"""),"0-0") -> 0-0 | C49: =IFERROR(__xludf.DUMMYFUNCTION("""COMPUTED_VALUE"""),4.5) -> 4.5 | D49: =IFERROR(__xludf.DUMMYFUNCTION("""COMPUTED_VALUE"""),45.0) -> 45 | E49: =IFERROR(__xludf.DUMMYFUNCTION("""COMPUTED_VALUE"""),"--") -> -- | F49: =IFERROR(__xludf.DUMMYFUNCTION("""COMPUTED_VALUE"""),"6.0-6.1") -> 6.0-6.1 | G49: =IFERROR(__xludf.DUMMYFUNCTION("""COMPUTED_VALUE"""),0.0) -> 0 | H49: =IFERROR(__xludf.DUMMYFUNCTION("""COMPUTED_VALUE"""),57.2) -> 57.2 | I49: =IFERROR(__xludf.DUMMYFUNCTION("""COMPUTED_VALUE"""),0.0) -> 0 | J49: =IFERROR(__xludf.DUMMYFUNCTION("""COMPUTED_VALUE"""),2.5) -> 2.5 | K49: =IFERROR(__xludf.DUMMYFUNCTION("""COMPUTED_VALUE"""),4.2) -> 4.2 | L49: =IFERROR(__xludf.DUMMYFUNCTION("""COMPUTED_VALUE"""),0.1) -> 0.1 | M49: =IFERROR(__xludf.DUMMYFUNCTION("""COMPUTED_VALUE"""),0.0) -> 0 | N49: =IFERROR(__xludf.DUMMYFUNCTION("""COMPUTED_VALUE"""),"Colorado Buffaloes") -> Colorado Buffaloes | O49: =IFERROR(__xludf.DUMMYFUNCTION("""COMPUTED_VALUE"""),"Big 12") -> Big 12 | P49: =IFERROR(__xludf.DUMMYFUNCTION("if(F49="""","""",indeX(split(F49,""-""),1)-J49/100)"),5.975) -> 5.975
B50: =IFERROR(__xludf.DUMMYFUNCTION("""COMPUTED_VALUE"""),"0-0") -> 0-0 | C50: =IFERROR(__xludf.DUMMYFUNCTION("""COMPUTED_VALUE"""),4.4) -> 4.4 | D50: =IFERROR(__xludf.DUMMYFUNCTION("""COMPUTED_VALUE"""),46.0) -> 46 | E50: =IFERROR(__xludf.DUMMYFUNCTION("""COMPUTED_VALUE"""),"--") -> -- | F50: =IFERROR(__xludf.DUMMYFUNCTION("""COMPUTED_VALUE"""),"6.4-5.7") -> 6.4-5.7 | G50: =IFERROR(__xludf.DUMMYFUNCTION("""COMPUTED_VALUE"""),0.0) -> 0 | H50: =IFERROR(__xludf.DUMMYFUNCTION("""COMPUTED_VALUE"""),64.9) -> 64.9 | I50: =IFERROR(__xludf.DUMMYFUNCTION("""COMPUTED_VALUE"""),0.0) -> 0 | J50: =IFERROR(__xludf.DUMMYFUNCTION("""COMPUTED_VALUE"""),2.1) -> 2.1 | K50: =IFERROR(__xludf.DUMMYFUNCTION("""COMPUTED_VALUE"""),4.1) -> 4.1 | L50: =IFERROR(__xludf.DUMMYFUNCTION("""COMPUTED_VALUE"""),0.2) -> 0.2 | M50: =IFERROR(__xludf.DUMMYFUNCTION("""COMPUTED_VALUE"""),0.0) -> 0 | N50: =IFERROR(__xludf.DUMMYFUNCTION("""COMPUTED_VALUE"""),"Cincinnati Bearcats") -> Cincinnati Bearcats | O50: =IFERROR(__xludf.DUMMYFUNCTION("""COMPUTED_VALUE"""),"Big 12") -> Big 12 | P50: =IFERROR(__xludf.DUMMYFUNCTION("if(F50="""","""",indeX(split(F50,""-""),1)-J50/100)"),6.3790000000000004) -> 6.379
B51: =IFERROR(__xludf.DUMMYFUNCTION("""COMPUTED_VALUE"""),"0-0") -> 0-0 | C51: =IFERROR(__xludf.DUMMYFUNCTION("""COMPUTED_VALUE"""),4.4) -> 4.4 | D51: =IFERROR(__xludf.DUMMYFUNCTION("""COMPUTED_VALUE"""),47.0) -> 47 | E51: =IFERROR(__xludf.DUMMYFUNCTION("""COMPUTED_VALUE"""),"--") -> -- | F51: =IFERROR(__xludf.DUMMYFUNCTION("""COMPUTED_VALUE"""),"4.3-7.7") -> 4.3-7.7 | G51: =IFERROR(__xludf.DUMMYFUNCTION("""COMPUTED_VALUE"""),0.0) -> 0 | H51: =IFERROR(__xludf.DUMMYFUNCTION("""COMPUTED_VALUE"""),24.2) -> 24.2 | I51: =IFERROR(__xludf.DUMMYFUNCTION("""COMPUTED_VALUE"""),0.0) -> 0 | J51: =IFERROR(__xludf.DUMMYFUNCTION("""COMPUTED_VALUE"""),0.1) -> 0.1 | K51: =IFERROR(__xludf.DUMMYFUNCTION("""COMPUTED_VALUE"""),1.7) -> 1.7 | L51: =IFERROR(__xludf.DUMMYFUNCTION("""COMPUTED_VALUE"""),0.1) -> 0.1 | M51: =IFERROR(__xludf.DUMMYFUNCTION("""COMPUTED_VALUE"""),0.0) -> 0 | N51: =IFERROR(__xludf.DUMMYFUNCTION("""COMPUTED_VALUE"""),"Arkansas Razorbacks") -> Arkansas Razorbacks | O51: =IFERROR(__xludf.DUMMYFUNCTION("""COMPUTED_VALUE"""),"SEC") -> SEC | P51: =IFERROR(__xludf.DUMMYFUNCTION("if(F51="""","""",indeX(split(F51,""-""),1)-J51/100)"),4.2989999999999995) -> 4.299
B52: =IFERROR(__xludf.DUMMYFUNCTION("""COMPUTED_VALUE"""),"0-0") -> 0-0 | C52: =IFERROR(__xludf.DUMMYFUNCTION("""COMPUTED_VALUE"""),4.2) -> 4.2 | D52: =IFERROR(__xludf.DUMMYFUNCTION("""COMPUTED_VALUE"""),48.0) -> 48 | E52: =IFERROR(__xludf.DUMMYFUNCTION("""COMPUTED_VALUE"""),"--") -> -- | F52: =IFERROR(__xludf.DUMMYFUNCTION("""COMPUTED_VALUE"""),"5.8-6.3") -> 5.8-6.3 | G52: =IFERROR(__xludf.DUMMYFUNCTION("""COMPUTED_VALUE"""),0.0) -> 0 | H52: =IFERROR(__xludf.DUMMYFUNCTION("""COMPUTED_VALUE"""),54.4) -> 54.4 | I52: =IFERROR(__xludf.DUMMYFUNCTION("""COMPUTED_VALUE"""),0.0) -> 0 | J52: =IFERROR(__xludf.DUMMYFUNCTION("""COMPUTED_VALUE"""),1.4) -> 1.4 | K52: =IFERROR(__xludf.DUMMYFUNCTION("""COMPUTED_VALUE"""),3.3) -> 3.3 | L52: =IFERROR(__xludf.DUMMYFUNCTION("""COMPUTED_VALUE"""),0.1) -> 0.1 | M52: =IFERROR(__xludf.DUMMYFUNCTION("""COMPUTED_VALUE"""),0.0) -> 0 | N52: =IFERROR(__xludf.DUMMYFUNCTION("""COMPUTED_VALUE"""),"Georgia Tech Yellow Jackets") -> Georgia Tech Yellow Jackets | O52: =IFERROR(__xludf.DUMMYFUNCTION("""COMPUTED_VALUE"""),"ACC") -> ACC | P52: =IFERROR(__xludf.DUMMYFUNCTION("if(F52="""","""",indeX(split(F52,""-""),1)-J52/100)"),5.786) -> 5.786
B53: =IFERROR(__xludf.DUMMYFUNCTION("""COMPUTED_VALUE"""),"0-0") -> 0-0 | C53: =IFERROR(__xludf.DUMMYFUNCTION("""COMPUTED_VALUE"""),4.1) -> 4.1 | D53: =IFERROR(__xludf.DUMMYFUNCTION("""COMPUTED_VALUE"""),49.0) -> 49 | E53: =IFERROR(__xludf.DUMMYFUNCTION("""COMPUTED_VALUE"""),"--") -> -- | F53: =IFERROR(__xludf.DUMMYFUNCTION("""COMPUTED_VALUE"""),"4.6-7.4") -> 4.6-7.4 | G53: =IFERROR(__xludf.DUMMYFUNCTION("""COMPUTED_VALUE"""),0.0) -> 0 | H53: =IFERROR(__xludf.DUMMYFUNCTION("""COMPUTED_VALUE"""),29.5) -> 29.5 | I53: =IFERROR(__xludf.DUMMYFUNCTION("""COMPUTED_VALUE"""),0.0) -> 0 | J53: =IFERROR(__xludf.DUMMYFUNCTION("""COMPUTED_VALUE"""),0.1) -> 0.1 | K53: =IFERROR(__xludf.DUMMYFUNCTION("""COMPUTED_VALUE"""),1.7) -> 1.7 | L53: =IFERROR(__xludf.DUMMYFUNCTION("""COMPUTED_VALUE"""),0.1) -> 0.1 | M53: =IFERROR(__xludf.DUMMYFUNCTION("""COMPUTED_VALUE"""),0.0) -> 0 | N53: =IFERROR(__xludf.DUMMYFUNCTION("""COMPUTED_VALUE"""),"Mississippi State Bulldogs") -> Mississippi State Bulldogs | O53: =IFERROR(__xludf.DUMMYFUNCTION("""COMPUTED_VALUE"""),"SEC") -> SEC | P53: =IFERROR(__xludf.DUMMYFUNCTION("if(F53="""","""",indeX(split(F53,""-""),1)-J53/100)"),4.598999999999999) -> 4.599
B54: =IFERROR(__xludf.DUMMYFUNCTION("""COMPUTED_VALUE"""),"0-0") -> 0-0 | C54: =IFERROR(__xludf.DUMMYFUNCTION("""COMPUTED_VALUE"""),4.0) -> 4 | D54: =IFERROR(__xludf.DUMMYFUNCTION("""COMPUTED_VALUE"""),50.0) -> 50 | E54: =IFERROR(__xludf.DUMMYFUNCTION("""COMPUTED_VALUE"""),"--") -> -- | F54: =IFERROR(__xludf.DUMMYFUNCTION("""COMPUTED_VALUE"""),"7.8-3.8") -> 7.8-3.8 | G54: =IFERROR(__xludf.DUMMYFUNCTION("""COMPUTED_VALUE"""),0.3) -> 0.3 | H54: =IFERROR(__xludf.DUMMYFUNCTION("""COMPUTED_VALUE"""),84.9) -> 84.9 | I54: =IFERROR(__xludf.DUMMYFUNCTION("""COMPUTED_VALUE"""),0.0) -> 0 | J54: =IFERROR(__xludf.DUMMYFUNCTION("""COMPUTED_VALUE"""),36.4) -> 36.4 | K54: =IFERROR(__xludf.DUMMYFUNCTION("""COMPUTED_VALUE"""),11.2) -> 11.2 | L54: =IFERROR(__xludf.DUMMYFUNCTION("""COMPUTED_VALUE"""),0.2) -> 0.2 | M54: =IFERROR(__xludf.DUMMYFUNCTION("""COMPUTED_VALUE"""),0.1) -> 0.1 | N54: =IFERROR(__xludf.DUMMYFUNCTION("""COMPUTED_VALUE"""),"Boise State Broncos") -> Boise State Broncos | O54: =IFERROR(__xludf.DUMMYFUNCTION("""COMPUTED_VALUE"""),"Pac-12") -> Pac-12 | P54: =IFERROR(__xludf.DUMMYFUNCTION("if(F54="""","""",indeX(split(F54,""-""),1)-J54/100)"),7.436) -> 7.436
B55: =IFERROR(__xludf.DUMMYFUNCTION("""COMPUTED_VALUE"""),"0-0") -> 0-0 | C55: =IFERROR(__xludf.DUMMYFUNCTION("""COMPUTED_VALUE"""),3.7) -> 3.7 | D55: =IFERROR(__xludf.DUMMYFUNCTION("""COMPUTED_VALUE"""),51.0) -> 51 | E55: =IFERROR(__xludf.DUMMYFUNCTION("""COMPUTED_VALUE"""),"--") -> -- | F55: =IFERROR(__xludf.DUMMYFUNCTION("""COMPUTED_VALUE"""),"6.7-5.4") -> 6.7-5.4 | G55: =IFERROR(__xludf.DUMMYFUNCTION("""COMPUTED_VALUE"""),0.0) -> 0 | H55: =IFERROR(__xludf.DUMMYFUNCTION("""COMPUTED_VALUE"""),70.1) -> 70.1 | I55: =IFERROR(__xludf.DUMMYFUNCTION("""COMPUTED_VALUE"""),0.0) -> 0 | J55: =IFERROR(__xludf.DUMMYFUNCTION("""COMPUTED_VALUE"""),1.5) -> 1.5 | K55: =IFERROR(__xludf.DUMMYFUNCTION("""COMPUTED_VALUE"""),3.5) -> 3.5 | L55: =IFERROR(__xludf.DUMMYFUNCTION("""COMPUTED_VALUE"""),0.1) -> 0.1 | M55: =IFERROR(__xludf.DUMMYFUNCTION("""COMPUTED_VALUE"""),0.0) -> 0 | N55: =IFERROR(__xludf.DUMMYFUNCTION("""COMPUTED_VALUE"""),"NC State Wolfpack") -> NC State Wolfpack | O55: =IFERROR(__xludf.DUMMYFUNCTION("""COMPUTED_VALUE"""),"ACC") -> ACC | P55: =IFERROR(__xludf.DUMMYFUNCTION("if(F55="""","""",indeX(split(F55,""-""),1)-J55/100)"),6.6850000000000005) -> 6.685
B56: =IFERROR(__xludf.DUMMYFUNCTION("""COMPUTED_VALUE"""),"0-0") -> 0-0 | C56: =IFERROR(__xludf.DUMMYFUNCTION("""COMPUTED_VALUE"""),3.5) -> 3.5 | D56: =IFERROR(__xludf.DUMMYFUNCTION("""COMPUTED_VALUE"""),52.0) -> 52 | E56: =IFERROR(__xludf.DUMMYFUNCTION("""COMPUTED_VALUE"""),"--") -> -- | F56: =IFERROR(__xludf.DUMMYFUNCTION("""COMPUTED_VALUE"""),"6.0-6.0") -> 6.0-6.0 | G56: =IFERROR(__xludf.DUMMYFUNCTION("""COMPUTED_VALUE"""),0.0) -> 0 | H56: =IFERROR(__xludf.DUMMYFUNCTION("""COMPUTED_VALUE"""),57.9) -> 57.9 | I56: =IFERROR(__xludf.DUMMYFUNCTION("""COMPUTED_VALUE"""),0.0) -> 0 | J56: =IFERROR(__xludf.DUMMYFUNCTION("""COMPUTED_VALUE"""),1.2) -> 1.2 | K56: =IFERROR(__xludf.DUMMYFUNCTION("""COMPUTED_VALUE"""),2.9) -> 2.9 | L56: =IFERROR(__xludf.DUMMYFUNCTION("""COMPUTED_VALUE"""),0.1) -> 0.1 | M56: =IFERROR(__xludf.DUMMYFUNCTION("""COMPUTED_VALUE"""),0.0) -> 0 | N56: =IFERROR(__xludf.DUMMYFUNCTION("""COMPUTED_VALUE"""),"Duke Blue Devils") -> Duke Blue Devils | O56: =IFERROR(__xludf.DUMMYFUNCTION("""COMPUTED_VALUE"""),"ACC") -> ACC | P56: =IFERROR(__xludf.DUMMYFUNCTION("if(F56="""","""",indeX(split(F56,""-""),1)-J56/100)"),5.988) -> 5.988
B57: =IFERROR(__xludf.DUMMYFUNCTION("""COMPUTED_VALUE"""),"0-0") -> 0-0 | C57: =IFERROR(__xludf.DUMMYFUNCTION("""COMPUTED_VALUE"""),3.4) -> 3.4 | D57: =IFERROR(__xludf.DUMMYFUNCTION("""COMPUTED_VALUE"""),53.0) -> 53 | E57: =IFERROR(__xludf.DUMMYFUNCTION("""COMPUTED_VALUE"""),"--") -> -- | F57: =IFERROR(__xludf.DUMMYFUNCTION("""COMPUTED_VALUE"""),"6.3-5.8") -> 6.3-5.8 | G57: =IFERROR(__xludf.DUMMYFUNCTION("""COMPUTED_VALUE"""),0.0) -> 0 | H57: =IFERROR(__xludf.DUMMYFUNCTION("""COMPUTED_VALUE"""),63.3) -> 63.3 | I57: =IFERROR(__xludf.DUMMYFUNCTION("""COMPUTED_VALUE"""),0.0) -> 0 | J57: =IFERROR(__xludf.DUMMYFUNCTION("""COMPUTED_VALUE"""),1.0) -> 1 | K57: =IFERROR(__xludf.DUMMYFUNCTION("""COMPUTED_VALUE"""),2.8) -> 2.8 | L57: =IFERROR(__xludf.DUMMYFUNCTION("""COMPUTED_VALUE"""),0.1) -> 0.1 | M57: =IFERROR(__xludf.DUMMYFUNCTION("""COMPUTED_VALUE"""),0.0) -> 0 | N57: =IFERROR(__xludf.DUMMYFUNCTION("""COMPUTED_VALUE"""),"Wake Forest Demon Deacons") -> Wake Forest Demon Deacons | O57: =IFERROR(__xludf.DUMMYFUNCTION("""COMPUTED_VALUE"""),"ACC") -> ACC | P57: =IFERROR(__xludf.DUMMYFUNCTION("if(F57="""","""",indeX(split(F57,""-""),1)-J57/100)"),6.29) -> 6.29
B58: =IFERROR(__xludf.DUMMYFUNCTION("""COMPUTED_VALUE"""),"0-0") -> 0-0 | C58: =IFERROR(__xludf.DUMMYFUNCTION("""COMPUTED_VALUE"""),3.3) -> 3.3 | D58: =IFERROR(__xludf.DUMMYFUNCTION("""COMPUTED_VALUE"""),54.0) -> 54 | E58: =IFERROR(__xludf.DUMMYFUNCTION("""COMPUTED_VALUE"""),"--") -> -- | F58: =IFERROR(__xludf.DUMMYFUNCTION("""COMPUTED_VALUE"""),"6.0-6.1") -> 6.0-6.1 | G58: =IFERROR(__xludf.DUMMYFUNCTION("""COMPUTED_VALUE"""),0.0) -> 0 | H58: =IFERROR(__xludf.DUMMYFUNCTION("""COMPUTED_VALUE"""),58.5) -> 58.5 | I58: =IFERROR(__xludf.DUMMYFUNCTION("""COMPUTED_VALUE"""),0.0) -> 0 | J58: =IFERROR(__xludf.DUMMYFUNCTION("""COMPUTED_VALUE"""),1.9) -> 1.9 | K58: =IFERROR(__xludf.DUMMYFUNCTION("""COMPUTED_VALUE"""),3.2) -> 3.2 | L58: =IFERROR(__xludf.DUMMYFUNCTION("""COMPUTED_VALUE"""),0.1) -> 0.1 | M58: =IFERROR(__xludf.DUMMYFUNCTION("""COMPUTED_VALUE"""),0.0) -> 0 | N58: =IFERROR(__xludf.DUMMYFUNCTION("""COMPUTED_VALUE"""),"Oklahoma State Cowboys") -> Oklahoma State Cowboys | O58: =IFERROR(__xludf.DUMMYFUNCTION("""COMPUTED_VALUE"""),"Big 12") -> Big 12 | P58: =IFERROR(__xludf.DUMMYFUNCTION("if(F58="""","""",indeX(split(F58,""-""),1)-J58/100)"),5.981) -> 5.981
B59: =IFERROR(__xludf.DUMMYFUNCTION("""COMPUTED_VALUE"""),"0-0") -> 0-0 | C59: =IFERROR(__xludf.DUMMYFUNCTION("""COMPUTED_VALUE"""),2.8) -> 2.8 | D59: =IFERROR(__xludf.DUMMYFUNCTION("""COMPUTED_VALUE"""),55.0) -> 55 | E59: =IFERROR(__xludf.DUMMYFUNCTION("""COMPUTED_VALUE"""),"--") -> -- | F59: =IFERROR(__xludf.DUMMYFUNCTION("""COMPUTED_VALUE"""),"6.0-6.0") -> 6.0-6.0 | G59: =IFERROR(__xludf.DUMMYFUNCTION("""COMPUTED_VALUE"""),0.0) -> 0 | H59: =IFERROR(__xludf.DUMMYFUNCTION("""COMPUTED_VALUE"""),58.1) -> 58.1 | I59: =IFERROR(__xludf.DUMMYFUNCTION("""COMPUTED_VALUE"""),0.0) -> 0 | J59: =IFERROR(__xludf.DUMMYFUNCTION("""COMPUTED_VALUE"""),1.5) -> 1.5 | K59: =IFERROR(__xludf.DUMMYFUNCTION("""COMPUTED_VALUE"""),2.8) -> 2.8 | L59: =IFERROR(__xludf.DUMMYFUNCTION("""COMPUTED_VALUE"""),0.1) -> 0.1 | M59: =IFERROR(__xludf.DUMMYFUNCTION("""COMPUTED_VALUE"""),0.0) -> 0 | N59: =IFERROR(__xludf.DUMMYFUNCTION("""COMPUTED_VALUE"""),"Kansas Jayhawks") -> Kansas Jayhawks | O59: =IFERROR(__xludf.DUMMYFUNCTION("""COMPUTED_VALUE"""),"Big 12") -> Big 12 | P59: =IFERROR(__xludf.DUMMYFUNCTION("if(F59="""","""",indeX(split(F59,""-""),1)-J59/100)"),5.985) -> 5.985
B60: =IFERROR(__xludf.DUMMYFUNCTION("""COMPUTED_VALUE"""),"0-0") -> 0-0 | C60: =IFERROR(__xludf.DUMMYFUNCTION("""COMPUTED_VALUE"""),2.3) -> 2.3 | D60: =IFERROR(__xludf.DUMMYFUNCTION("""COMPUTED_VALUE"""),56.0) -> 56 | E60: =IFERROR(__xludf.DUMMYFUNCTION("""COMPUTED_VALUE"""),"--") -> -- | F60: =IFERROR(__xludf.DUMMYFUNCTION("""COMPUTED_VALUE"""),"8.2-4.2") -> 8.2-4.2 | G60: =IFERROR(__xludf.DUMMYFUNCTION("""COMPUTED_VALUE"""),0.7) -> 0.7 | H60: =IFERROR(__xludf.DUMMYFUNCTION("""COMPUTED_VALUE"""),87.0) -> 87 | I60: =IFERROR(__xludf.DUMMYFUNCTION("""COMPUTED_VALUE"""),0.0) -> 0 | J60: =IFERROR(__xludf.DUMMYFUNCTION("""COMPUTED_VALUE"""),21.8) -> 21.8 | K60: =IFERROR(__xludf.DUMMYFUNCTION("""COMPUTED_VALUE"""),7.6) -> 7.6 | L60: =IFERROR(__xludf.DUMMYFUNCTION("""COMPUTED_VALUE"""),0.1) -> 0.1 | M60: =IFERROR(__xludf.DUMMYFUNCTION("""COMPUTED_VALUE"""),0.0) -> 0 | N60: =IFERROR(__xludf.DUMMYFUNCTION("""COMPUTED_VALUE"""),"Tulane Green Wave") -> Tulane Green Wave | O60: =IFERROR(__xludf.DUMMYFUNCTION("""COMPUTED_VALUE"""),"American") -> American | P60: =IFERROR(__xludf.DUMMYFUNCTION("if(F60="""","""",indeX(split(F60,""-""),1)-J60/100)"),7.981999999999999) -> 7.982
B61: =IFERROR(__xludf.DUMMYFUNCTION("""COMPUTED_VALUE"""),"0-0") -> 0-0 | C61: =IFERROR(__xludf.DUMMYFUNCTION("""COMPUTED_VALUE"""),2.1) -> 2.1 | D61: =IFERROR(__xludf.DUMMYFUNCTION("""COMPUTED_VALUE"""),57.0) -> 57 | E61: =IFERROR(__xludf.DUMMYFUNCTION("""COMPUTED_VALUE"""),"--") -> -- | F61: =IFERROR(__xludf.DUMMYFUNCTION("""COMPUTED_VALUE"""),"6.1-5.9") -> 6.1-5.9 | G61: =IFERROR(__xludf.DUMMYFUNCTION("""COMPUTED_VALUE"""),0.0) -> 0 | H61: =IFERROR(__xludf.DUMMYFUNCTION("""COMPUTED_VALUE"""),59.6) -> 59.6 | I61: =IFERROR(__xludf.DUMMYFUNCTION("""COMPUTED_VALUE"""),0.0) -> 0 | J61: =IFERROR(__xludf.DUMMYFUNCTION("""COMPUTED_VALUE"""),1.7) -> 1.7 | K61: =IFERROR(__xludf.DUMMYFUNCTION("""COMPUTED_VALUE"""),3.0) -> 3 | L61: =IFERROR(__xludf.DUMMYFUNCTION("""COMPUTED_VALUE"""),0.1) -> 0.1 | M61: =IFERROR(__xludf.DUMMYFUNCTION("""COMPUTED_VALUE"""),0.0) -> 0 | N61: =IFERROR(__xludf.DUMMYFUNCTION("""COMPUTED_VALUE"""),"UCF Knights") -> UCF Knights | O61: =IFERROR(__xludf.DUMMYFUNCTION("""COMPUTED_VALUE"""),"Big 12") -> Big 12 | P61: =IFERROR(__xludf.DUMMYFUNCTION("if(F61="""","""",indeX(split(F61,""-""),1)-J61/100)"),6.082999999999999) -> 6.083
B62: =IFERROR(__xludf.DUMMYFUNCTION("""COMPUTED_VALUE"""),"0-0") -> 0-0 | C62: =IFERROR(__xludf.DUMMYFUNCTION("""COMPUTED_VALUE"""),1.8) -> 1.8 | D62: =IFERROR(__xludf.DUMMYFUNCTION("""COMPUTED_VALUE"""),58.0) -> 58 | E62: =IFERROR(__xludf.DUMMYFUNCTION("""COMPUTED_VALUE"""),"--") -> -- | F62: =IFERROR(__xludf.DUMMYFUNCTION("""COMPUTED_VALUE"""),"9.0-3.6") -> 9.0-3.6 | G62: =IFERROR(__xludf.DUMMYFUNCTION("""COMPUTED_VALUE"""),2.4) -> 2.4 | H62: =IFERROR(__xludf.DUMMYFUNCTION("""COMPUTED_VALUE"""),92.6) -> 92.6 | I62: =IFERROR(__xludf.DUMMYFUNCTION("""COMPUTED_VALUE"""),0.0) -> 0 | J62: =IFERROR(__xludf.DUMMYFUNCTION("""COMPUTED_VALUE"""),35.4) -> 35.4 | K62: =IFERROR(__xludf.DUMMYFUNCTION("""COMPUTED_VALUE"""),8.7) -> 8.7 | L62: =IFERROR(__xludf.DUMMYFUNCTION("""COMPUTED_VALUE"""),0.1) -> 0.1 | M62: =IFERROR(__xludf.DUMMYFUNCTION("""COMPUTED_VALUE"""),0.0) -> 0 | N62: =IFERROR(__xludf.DUMMYFUNCTION("""COMPUTED_VALUE"""),"UNLV Rebels") -> UNLV Rebels | O62: =IFERROR(__xludf.DUMMYFUNCTION("""COMPUTED_VALUE"""),"Mountain West") -> Mountain West | P62: =IFERROR(__xludf.DUMMYFUNCTION("if(F62="""","""",indeX(split(F62,""-""),1)-J62/100)"),8.646) -> 8.646
B63: =IFERROR(__xludf.DUMMYFUNCTION("""COMPUTED_VALUE"""),"0-0") -> 0-0 | C63: =IFERROR(__xludf.DUMMYFUNCTION("""COMPUTED_VALUE"""),1.4) -> 1.4 | D63: =IFERROR(__xludf.DUMMYFUNCTION("""COMPUTED_VALUE"""),59.0) -> 59 | E63: =IFERROR(__xludf.DUMMYFUNCTION("""COMPUTED_VALUE"""),"--") -> -- | F63: =IFERROR(__xludf.DUMMYFUNCTION("""COMPUTED_VALUE"""),"7.5-4.0") -> 7.5-4.0 | G63: =IFERROR(__xludf.DUMMYFUNCTION("""COMPUTED_VALUE"""),1.0) -> 1 | H63: =IFERROR(__xludf.DUMMYFUNCTION("""COMPUTED_VALUE"""),81.3) -> 81.3 | I63: =IFERROR(__xludf.DUMMYFUNCTION("""COMPUTED_VALUE"""),0.0) -> 0 | J63: =IFERROR(__xludf.DUMMYFUNCTION("""COMPUTED_VALUE"""),25.1) -> 25.1 | K63: =IFERROR(__xludf.DUMMYFUNCTION("""COMPUTED_VALUE"""),7.5) -> 7.5 | L63: =IFERROR(__xludf.DUMMYFUNCTION("""COMPUTED_VALUE"""),0.1) -> 0.1 | M63: =IFERROR(__xludf.DUMMYFUNCTION("""COMPUTED_VALUE"""),0.0) -> 0 | N63: =IFERROR(__xludf.DUMMYFUNCTION("""COMPUTED_VALUE"""),"San Diego State Aztecs") -> San Diego State Aztecs | O63: =IFERROR(__xludf.DUMMYFUNCTION("""COMPUTED_VALUE"""),"Pac-12") -> Pac-12 | P63: =IFERROR(__xludf.DUMMYFUNCTION("if(F63="""","""",indeX(split(F63,""-""),1)-J63/100)"),7.249) -> 7.249
B64: =IFERROR(__xludf.DUMMYFUNCTION("""COMPUTED_VALUE"""),"0-0") -> 0-0 | C64: =IFERROR(__xludf.DUMMYFUNCTION("""COMPUTED_VALUE"""),1.4) -> 1.4 | D64: =IFERROR(__xludf.DUMMYFUNCTION("""COMPUTED_VALUE"""),60.0) -> 60 | E64: =IFERROR(__xludf.DUMMYFUNCTION("""COMPUTED_VALUE"""),"--") -> -- | F64: =IFERROR(__xludf.DUMMYFUNCTION("""COMPUTED_VALUE"""),"4.9-7.1") -> 4.9-7.1 | G64: =IFERROR(__xludf.DUMMYFUNCTION("""COMPUTED_VALUE"""),0.0) -> 0 | H64: =IFERROR(__xludf.DUMMYFUNCTION("""COMPUTED_VALUE"""),37.6) -> 37.6 | I64: =IFERROR(__xludf.DUMMYFUNCTION("""COMPUTED_VALUE"""),0.0) -> 0 | J64: =IFERROR(__xludf.DUMMYFUNCTION("""COMPUTED_VALUE"""),0.1) -> 0.1 | K64: =IFERROR(__xludf.DUMMYFUNCTION("""COMPUTED_VALUE"""),0.9) -> 0.9 | L64: =IFERROR(__xludf.DUMMYFUNCTION("""COMPUTED_VALUE"""),0.0) -> 0 | M64: =IFERROR(__xludf.DUMMYFUNCTION("""COMPUTED_VALUE"""),0.0) -> 0 | N64: =IFERROR(__xludf.DUMMYFUNCTION("""COMPUTED_VALUE"""),"Northwestern Wildcats") -> Northwestern Wildcats | O64: =IFERROR(__xludf.DUMMYFUNCTION("""COMPUTED_VALUE"""),"Big Ten") -> Big Ten | P64: =IFERROR(__xludf.DUMMYFUNCTION("if(F64="""","""",indeX(split(F64,""-""),1)-J64/100)"),4.899) -> 4.899
B65: =IFERROR(__xludf.DUMMYFUNCTION("""COMPUTED_VALUE"""),"0-0") -> 0-0 | C65: =IFERROR(__xludf.DUMMYFUNCTION("""COMPUTED_VALUE"""),1.0) -> 1 | D65: =IFERROR(__xludf.DUMMYFUNCTION("""COMPUTED_VALUE"""),61.0) -> 61 | E65: =IFERROR(__xludf.DUMMYFUNCTION("""COMPUTED_VALUE"""),"--") -> -- | F65: =IFERROR(__xludf.DUMMYFUNCTION("""COMPUTED_VALUE"""),"5.4-6.6") -> 5.4-6.6 | G65: =IFERROR(__xludf.DUMMYFUNCTION("""COMPUTED_VALUE"""),0.0) -> 0 | H65: =IFERROR(__xludf.DUMMYFUNCTION("""COMPUTED_VALUE"""),46.0) -> 46 | I65: =IFERROR(__xludf.DUMMYFUNCTION("""COMPUTED_VALUE"""),0.0) -> 0 | J65: =IFERROR(__xludf.DUMMYFUNCTION("""COMPUTED_VALUE"""),0.1) -> 0.1 | K65: =IFERROR(__xludf.DUMMYFUNCTION("""COMPUTED_VALUE"""),1.2) -> 1.2 | L65: =IFERROR(__xludf.DUMMYFUNCTION("""COMPUTED_VALUE"""),0.0) -> 0 | M65: =IFERROR(__xludf.DUMMYFUNCTION("""COMPUTED_VALUE"""),0.0) -> 0 | N65: =IFERROR(__xludf.DUMMYFUNCTION("""COMPUTED_VALUE"""),"Maryland Terrapins") -> Maryland Terrapins | O65: =IFERROR(__xludf.DUMMYFUNCTION("""COMPUTED_VALUE"""),"Big Ten") -> Big Ten | P65: =IFERROR(__xludf.DUMMYFUNCTION("if(F65="""","""",indeX(split(F65,""-""),1)-J65/100)"),5.399) -> 5.399
B66: =IFERROR(__xludf.DUMMYFUNCTION("""COMPUTED_VALUE"""),"0-0") -> 0-0 | C66: =IFERROR(__xludf.DUMMYFUNCTION("""COMPUTED_VALUE"""),0.9) -> 0.9 | D66: =IFERROR(__xludf.DUMMYFUNCTION("""COMPUTED_VALUE"""),62.0) -> 62 | E66: =IFERROR(__xludf.DUMMYFUNCTION("""COMPUTED_VALUE"""),"--") -> -- | F66: =IFERROR(__xludf.DUMMYFUNCTION("""COMPUTED_VALUE"""),"5.6-6.5") -> 5.6-6.5 | G66: =IFERROR(__xludf.DUMMYFUNCTION("""COMPUTED_VALUE"""),0.0) -> 0 | H66: =IFERROR(__xludf.DUMMYFUNCTION("""COMPUTED_VALUE"""),49.2) -> 49.2 | I66: =IFERROR(__xludf.DUMMYFUNCTION("""COMPUTED_VALUE"""),0.0) -> 0 | J66: =IFERROR(__xludf.DUMMYFUNCTION("""COMPUTED_VALUE"""),0.5) -> 0.5 | K66: =IFERROR(__xludf.DUMMYFUNCTION("""COMPUTED_VALUE"""),1.4) -> 1.4 | L66: =IFERROR(__xludf.DUMMYFUNCTION("""COMPUTED_VALUE"""),0.0) -> 0 | M66: =IFERROR(__xludf.DUMMYFUNCTION("""COMPUTED_VALUE"""),0.0) -> 0 | N66: =IFERROR(__xludf.DUMMYFUNCTION("""COMPUTED_VALUE"""),"California Golden Bears") -> California Golden Bears | O66: =IFERROR(__xludf.DUMMYFUNCTION("""COMPUTED_VALUE"""),"ACC") -> ACC | P66: =IFERROR(__xludf.DUMMYFUNCTION("if(F66="""","""",indeX(split(F66,""-""),1)-J66/100)"),5.595) -> 5.595
B67: =IFERROR(__xludf.DUMMYFUNCTION("""COMPUTED_VALUE"""),"0-0") -> 0-0 | C67: =IFERROR(__xludf.DUMMYFUNCTION("""COMPUTED_VALUE"""),0.6) -> 0.6 | D67: =IFERROR(__xludf.DUMMYFUNCTION("""COMPUTED_VALUE"""),63.0) -> 63 | E67: =IFERROR(__xludf.DUMMYFUNCTION("""COMPUTED_VALUE"""),"--") -> -- | F67: =IFERROR(__xludf.DUMMYFUNCTION("""COMPUTED_VALUE"""),"5.3-6.7") -> 5.3-6.7 | G67: =IFERROR(__xludf.DUMMYFUNCTION("""COMPUTED_VALUE"""),0.0) -> 0 | H67: =IFERROR(__xludf.DUMMYFUNCTION("""COMPUTED_VALUE"""),43.7) -> 43.7 | I67: =IFERROR(__xludf.DUMMYFUNCTION("""COMPUTED_VALUE"""),0.0) -> 0 | J67: =IFERROR(__xludf.DUMMYFUNCTION("""COMPUTED_VALUE"""),0.1) -> 0.1 | K67: =IFERROR(__xludf.DUMMYFUNCTION("""COMPUTED_VALUE"""),0.8) -> 0.8 | L67: =IFERROR(__xludf.DUMMYFUNCTION("""COMPUTED_VALUE"""),0.0) -> 0 | M67: =IFERROR(__xludf.DUMMYFUNCTION("""COMPUTED_VALUE"""),0.0) -> 0 | N67: =IFERROR(__xludf.DUMMYFUNCTION("""COMPUTED_VALUE"""),"Minnesota Golden Gophers") -> Minnesota Golden Gophers | O67: =IFERROR(__xludf.DUMMYFUNCTION("""COMPUTED_VALUE"""),"Big Ten") -> Big Ten | P67: =IFERROR(__xludf.DUMMYFUNCTION("if(F67="""","""",indeX(split(F67,""-""),1)-J67/100)"),5.2989999999999995) -> 5.299
B68: =IFERROR(__xludf.DUMMYFUNCTION("""COMPUTED_VALUE"""),"0-0") -> 0-0 | C68: =IFERROR(__xludf.DUMMYFUNCTION("""COMPUTED_VALUE"""),0.5) -> 0.5 | D68: =IFERROR(__xludf.DUMMYFUNCTION("""COMPUTED_VALUE"""),64.0) -> 64 | E68: =IFERROR(__xludf.DUMMYFUNCTION("""COMPUTED_VALUE"""),"--") -> -- | F68: =IFERROR(__xludf.DUMMYFUNCTION("""COMPUTED_VALUE"""),"5.1-6.9") -> 5.1-6.9 | G68: =IFERROR(__xludf.DUMMYFUNCTION("""COMPUTED_VALUE"""),0.0) -> 0 | H68: =IFERROR(__xludf.DUMMYFUNCTION("""COMPUTED_VALUE"""),41.6) -> 41.6 | I68: =IFERROR(__xludf.DUMMYFUNCTION("""COMPUTED_VALUE"""),0.0) -> 0 | J68: =IFERROR(__xludf.DUMMYFUNCTION("""COMPUTED_VALUE"""),0.1) -> 0.1 | K68: =IFERROR(__xludf.DUMMYFUNCTION("""COMPUTED_VALUE"""),1.0) -> 1 | L68: =IFERROR(__xludf.DUMMYFUNCTION("""COMPUTED_VALUE"""),0.0) -> 0 | M68: =IFERROR(__xludf.DUMMYFUNCTION("""COMPUTED_VALUE"""),0.0) -> 0 | N68: =IFERROR(__xludf.DUMMYFUNCTION("""COMPUTED_VALUE"""),"UCLA Bruins") -> UCLA Bruins | O68: =IFERROR(__xludf.DUMMYFUNCTION("""COMPUTED_VALUE"""),"Big Ten") -> Big Ten | P68: =IFERROR(__xludf.DUMMYFUNCTION("if(F68="""","""",indeX(split(F68,""-""),1)-J68/100)"),5.098999999999999) -> 5.099
B69: =IFERROR(__xludf.DUMMYFUNCTION("""COMPUTED_VALUE"""),"0-0") -> 0-0 | C69: =IFERROR(__xludf.DUMMYFUNCTION("""COMPUTED_VALUE"""),0.3) -> 0.3 | D69: =IFERROR(__xludf.DUMMYFUNCTION("""COMPUTED_VALUE"""),65.0) -> 65 | E69: =IFERROR(__xludf.DUMMYFUNCTION("""COMPUTED_VALUE"""),"--") -> -- | F69: =IFERROR(__xludf.DUMMYFUNCTION("""COMPUTED_VALUE"""),"4.6-7.4") -> 4.6-7.4 | G69: =IFERROR(__xludf.DUMMYFUNCTION("""COMPUTED_VALUE"""),0.0) -> 0 | H69: =IFERROR(__xludf.DUMMYFUNCTION("""COMPUTED_VALUE"""),32.7) -> 32.7 | I69: =IFERROR(__xludf.DUMMYFUNCTION("""COMPUTED_VALUE"""),0.0) -> 0 | J69: =IFERROR(__xludf.DUMMYFUNCTION("""COMPUTED_VALUE"""),0.1) -> 0.1 | K69: =IFERROR(__xludf.DUMMYFUNCTION("""COMPUTED_VALUE"""),0.8) -> 0.8 | L69: =IFERROR(__xludf.DUMMYFUNCTION("""COMPUTED_VALUE"""),0.0) -> 0 | M69: =IFERROR(__xludf.DUMMYFUNCTION("""COMPUTED_VALUE"""),0.0) -> 0 | N69: =IFERROR(__xludf.DUMMYFUNCTION("""COMPUTED_VALUE"""),"Michigan State Spartans") -> Michigan State Spartans | O69: =IFERROR(__xludf.DUMMYFUNCTION("""COMPUTED_VALUE"""),"Big Ten") -> Big Ten | P69: =IFERROR(__xludf.DUMMYFUNCTION("if(F69="""","""",indeX(split(F69,""-""),1)-J69/100)"),4.598999999999999) -> 4.599
B70: =IFERROR(__xludf.DUMMYFUNCTION("""COMPUTED_VALUE"""),"0-0") -> 0-0 | C70: =IFERROR(__xludf.DUMMYFUNCTION("""COMPUTED_VALUE"""),0.2) -> 0.2 | D70: =IFERROR(__xludf.DUMMYFUNCTION("""COMPUTED_VALUE"""),66.0) -> 66 | E70: =IFERROR(__xludf.DUMMYFUNCTION("""COMPUTED_VALUE"""),"--") -> -- | F70: =IFERROR(__xludf.DUMMYFUNCTION("""COMPUTED_VALUE"""),"5.4-6.6") -> 5.4-6.6 | G70: =IFERROR(__xludf.DUMMYFUNCTION("""COMPUTED_VALUE"""),0.0) -> 0 | H70: =IFERROR(__xludf.DUMMYFUNCTION("""COMPUTED_VALUE"""),46.5) -> 46.5 | I70: =IFERROR(__xludf.DUMMYFUNCTION("""COMPUTED_VALUE"""),0.0) -> 0 | J70: =IFERROR(__xludf.DUMMYFUNCTION("""COMPUTED_VALUE"""),0.7) -> 0.7 | K70: =IFERROR(__xludf.DUMMYFUNCTION("""COMPUTED_VALUE"""),1.4) -> 1.4 | L70: =IFERROR(__xludf.DUMMYFUNCTION("""COMPUTED_VALUE"""),0.0) -> 0 | M70: =IFERROR(__xludf.DUMMYFUNCTION("""COMPUTED_VALUE"""),0.0) -> 0 | N70: =IFERROR(__xludf.DUMMYFUNCTION("""COMPUTED_VALUE"""),"West Virginia Mountaineers") -> West Virginia Mountaineers | O70: =IFERROR(__xludf.DUMMYFUNCTION("""COMPUTED_VALUE"""),"Big 12") -> Big 12 | P70: =IFERROR(__xludf.DUMMYFUNCTION("if(F70="""","""",indeX(split(F70,""-""),1)-J70/100)"),5.393000000000001) -> 5.393
B71: =IFERROR(__xludf.DUMMYFUNCTION("""COMPUTED_VALUE"""),"0-0") -> 0-0 | C71: =IFERROR(__xludf.DUMMYFUNCTION("""COMPUTED_VALUE"""),-0.2) -> -0.2 | D71: =IFERROR(__xludf.DUMMYFUNCTION("""COMPUTED_VALUE"""),67.0) -> 67 | E71: =IFERROR(__xludf.DUMMYFUNCTION("""COMPUTED_VALUE"""),"--") -> -- | F71: =IFERROR(__xludf.DUMMYFUNCTION("""COMPUTED_VALUE"""),"5.1-6.9") -> 5.1-6.9 | G71: =IFERROR(__xludf.DUMMYFUNCTION("""COMPUTED_VALUE"""),0.0) -> 0 | H71: =IFERROR(__xludf.DUMMYFUNCTION("""COMPUTED_VALUE"""),40.6) -> 40.6 | I71: =IFERROR(__xludf.DUMMYFUNCTION("""COMPUTED_VALUE"""),0.0) -> 0 | J71: =IFERROR(__xludf.DUMMYFUNCTION("""COMPUTED_VALUE"""),0.1) -> 0.1 | K71: =IFERROR(__xludf.DUMMYFUNCTION("""COMPUTED_VALUE"""),0.8) -> 0.8 | L71: =IFERROR(__xludf.DUMMYFUNCTION("""COMPUTED_VALUE"""),0.0) -> 0 | M71: =IFERROR(__xludf.DUMMYFUNCTION("""COMPUTED_VALUE"""),0.0) -> 0 | N71: =IFERROR(__xludf.DUMMYFUNCTION("""COMPUTED_VALUE"""),"Rutgers Scarlet Knights") -> Rutgers Scarlet Knights | O71: =IFERROR(__xludf.DUMMYFUNCTION("""COMPUTED_VALUE"""),"Big Ten") -> Big Ten | P71: =IFERROR(__xludf.DUMMYFUNCTION("if(F71="""","""",indeX(split(F71,""-""),1)-J71/100)"),5.098999999999999) -> 5.099
B72: =IFERROR(__xludf.DUMMYFUNCTION("""COMPUTED_VALUE"""),"0-0") -> 0-0 | C72: =IFERROR(__xludf.DUMMYFUNCTION("""COMPUTED_VALUE"""),-0.6) -> -0.6 | D72: =IFERROR(__xludf.DUMMYFUNCTION("""COMPUTED_VALUE"""),68.0) -> 68 | E72: =IFERROR(__xludf.DUMMYFUNCTION("""COMPUTED_VALUE"""),"--") -> -- | F72: =IFERROR(__xludf.DUMMYFUNCTION("""COMPUTED_VALUE"""),"8.0-4.3") -> 8.0-4.3 | G72: =IFERROR(__xludf.DUMMYFUNCTION("""COMPUTED_VALUE"""),0.1) -> 0.1 | H72: =IFERROR(__xludf.DUMMYFUNCTION("""COMPUTED_VALUE"""),88.2) -> 88.2 | I72: =IFERROR(__xludf.DUMMYFUNCTION("""COMPUTED_VALUE"""),0.0) -> 0 | J72: =IFERROR(__xludf.DUMMYFUNCTION("""COMPUTED_VALUE"""),15.9) -> 15.9 | K72: =IFERROR(__xludf.DUMMYFUNCTION("""COMPUTED_VALUE"""),4.7) -> 4.7 | L72: =IFERROR(__xludf.DUMMYFUNCTION("""COMPUTED_VALUE"""),0.0) -> 0 | M72: =IFERROR(__xludf.DUMMYFUNCTION("""COMPUTED_VALUE"""),0.0) -> 0 | N72: =IFERROR(__xludf.DUMMYFUNCTION("""COMPUTED_VALUE"""),"East Carolina Pirates") -> East Carolina Pirates | O72: =IFERROR(__xludf.DUMMYFUNCTION("""COMPUTED_VALUE"""),"American") -> American | P72: =IFERROR(__xludf.DUMMYFUNCTION("if(F72="""","""",indeX(split(F72,""-""),1)-J72/100)"),7.841) -> 7.841
B73: =IFERROR(__xludf.DUMMYFUNCTION("""COMPUTED_VALUE"""),"0-0") -> 0-0 | C73: =IFERROR(__xludf.DUMMYFUNCTION("""COMPUTED_VALUE"""),-0.7) -> -0.7 | D73: =IFERROR(__xludf.DUMMYFUNCTION("""COMPUTED_VALUE"""),69.0) -> 69 | E73: =IFERROR(__xludf.DUMMYFUNCTION("""COMPUTED_VALUE"""),"--") -> -- | F73: =IFERROR(__xludf.DUMMYFUNCTION("""COMPUTED_VALUE"""),"7.9-4.4") -> 7.9-4.4 | G73: =IFERROR(__xludf.DUMMYFUNCTION("""COMPUTED_VALUE"""),0.1) -> 0.1 | H73: =IFERROR(__xludf.DUMMYFUNCTION("""COMPUTED_VALUE"""),86.1) -> 86.1 | I73: =IFERROR(__xludf.DUMMYFUNCTION("""COMPUTED_VALUE"""),0.0) -> 0 | J73: =IFERROR(__xludf.DUMMYFUNCTION("""COMPUTED_VALUE"""),18.9) -> 18.9 | K73: =IFERROR(__xludf.DUMMYFUNCTION("""COMPUTED_VALUE"""),4.7) -> 4.7 | L73: =IFERROR(__xludf.DUMMYFUNCTION("""COMPUTED_VALUE"""),0.0) -> 0 | M73: =IFERROR(__xludf.DUMMYFUNCTION("""COMPUTED_VALUE"""),0.0) -> 0 | N73: =IFERROR(__xludf.DUMMYFUNCTION("""COMPUTED_VALUE"""),"Navy Midshipmen") -> Navy Midshipmen | O73: =IFERROR(__xludf.DUMMYFUNCTION("""COMPUTED_VALUE"""),"American") -> American | P73: =IFERROR(__xludf.DUMMYFUNCTION("if(F73="""","""",indeX(split(F73,""-""),1)-J73/100)"),7.711) -> 7.711
B74: =IFERROR(__xludf.DUMMYFUNCTION("""COMPUTED_VALUE"""),"0-0") -> 0-0 | C74: =IFERROR(__xludf.DUMMYFUNCTION("""COMPUTED_VALUE"""),-0.8) -> -0.8 | D74: =IFERROR(__xludf.DUMMYFUNCTION("""COMPUTED_VALUE"""),70.0) -> 70 | E74: =IFERROR(__xludf.DUMMYFUNCTION("""COMPUTED_VALUE"""),"--") -> -- | F74: =IFERROR(__xludf.DUMMYFUNCTION("""COMPUTED_VALUE"""),"4.8-7.2") -> 4.8-7.2 | G74: =IFERROR(__xludf.DUMMYFUNCTION("""COMPUTED_VALUE"""),0.0) -> 0 | H74: =IFERROR(__xludf.DUMMYFUNCTION("""COMPUTED_VALUE"""),35.0) -> 35 | I74: =IFERROR(__xludf.DUMMYFUNCTION("""COMPUTED_VALUE"""),0.0) -> 0 | J74: =IFERROR(__xludf.DUMMYFUNCTION("""COMPUTED_VALUE"""),0.4) -> 0.4 | K74: =IFERROR(__xludf.DUMMYFUNCTION("""COMPUTED_VALUE"""),0.9) -> 0.9 | L74: =IFERROR(__xludf.DUMMYFUNCTION("""COMPUTED_VALUE"""),0.0) -> 0 | M74: =IFERROR(__xludf.DUMMYFUNCTION("""COMPUTED_VALUE"""),0.0) -> 0 | N74: =IFERROR(__xludf.DUMMYFUNCTION("""COMPUTED_VALUE"""),"Syracuse Orange") -> Syracuse Orange | O74: =IFERROR(__xludf.DUMMYFUNCTION("""COMPUTED_VALUE"""),"ACC") -> ACC | P74: =IFERROR(__xludf.DUMMYFUNCTION("if(F74="""","""",indeX(split(F74,""-""),1)-J74/100)"),4.796) -> 4.796
B75: =IFERROR(__xludf.DUMMYFUNCTION("""COMPUTED_VALUE"""),"0-0") -> 0-0 | C75: =IFERROR(__xludf.DUMMYFUNCTION("""COMPUTED_VALUE"""),-0.9) -> -0.9 | D75: =IFERROR(__xludf.DUMMYFUNCTION("""COMPUTED_VALUE"""),71.0) -> 71 | E75: =IFERROR(__xludf.DUMMYFUNCTION("""COMPUTED_VALUE"""),"--") -> -- | F75: =IFERROR(__xludf.DUMMYFUNCTION("""COMPUTED_VALUE"""),"4.3-7.7") -> 4.3-7.7 | G75: =IFERROR(__xludf.DUMMYFUNCTION("""COMPUTED_VALUE"""),0.0) -> 0 | H75: =IFERROR(__xludf.DUMMYFUNCTION("""COMPUTED_VALUE"""),25.1) -> 25.1 | I75: =IFERROR(__xludf.DUMMYFUNCTION("""COMPUTED_VALUE"""),0.0) -> 0 | J75: =IFERROR(__xludf.DUMMYFUNCTION("""COMPUTED_VALUE"""),0.1) -> 0.1 | K75: =IFERROR(__xludf.DUMMYFUNCTION("""COMPUTED_VALUE"""),0.6) -> 0.6 | L75: =IFERROR(__xludf.DUMMYFUNCTION("""COMPUTED_VALUE"""),0.0) -> 0 | M75: =IFERROR(__xludf.DUMMYFUNCTION("""COMPUTED_VALUE"""),0.0) -> 0 | N75: =IFERROR(__xludf.DUMMYFUNCTION("""COMPUTED_VALUE"""),"Purdue Boilermakers") -> Purdue Boilermakers | O75: =IFERROR(__xludf.DUMMYFUNCTION("""COMPUTED_VALUE"""),"Big Ten") -> Big Ten | P75: =IFERROR(__xludf.DUMMYFUNCTION("if(F75="""","""",indeX(split(F75,""-""),1)-J75/100)"),4.2989999999999995) -> 4.299
B76: =IFERROR(__xludf.DUMMYFUNCTION("""COMPUTED_VALUE"""),"0-0") -> 0-0 | C76: =IFERROR(__xludf.DUMMYFUNCTION("""COMPUTED_VALUE"""),-0.9) -> -0.9 | D76: =IFERROR(__xludf.DUMMYFUNCTION("""COMPUTED_VALUE"""),72.0) -> 72 | E76: =IFERROR(__xludf.DUMMYFUNCTION("""COMPUTED_VALUE"""),"--") -> -- | F76: =IFERROR(__xludf.DUMMYFUNCTION("""COMPUTED_VALUE"""),"5.1-6.9") -> 5.1-6.9 | G76: =IFERROR(__xludf.DUMMYFUNCTION("""COMPUTED_VALUE"""),0.0) -> 0 | H76: =IFERROR(__xludf.DUMMYFUNCTION("""COMPUTED_VALUE"""),41.0) -> 41 | I76: =IFERROR(__xludf.DUMMYFUNCTION("""COMPUTED_VALUE"""),0.0) -> 0 | J76: =IFERROR(__xludf.DUMMYFUNCTION("""COMPUTED_VALUE"""),0.5) -> 0.5 | K76: =IFERROR(__xludf.DUMMYFUNCTION("""COMPUTED_VALUE"""),0.9) -> 0.9 | L76: =IFERROR(__xludf.DUMMYFUNCTION("""COMPUTED_VALUE"""),0.0) -> 0 | M76: =IFERROR(__xludf.DUMMYFUNCTION("""COMPUTED_VALUE"""),0.0) -> 0 | N76: =IFERROR(__xludf.DUMMYFUNCTION("""COMPUTED_VALUE"""),"Iowa State Cyclones") -> Iowa State Cyclones | O76: =IFERROR(__xludf.DUMMYFUNCTION("""COMPUTED_VALUE"""),"Big 12") -> Big 12 | P76: =IFERROR(__xludf.DUMMYFUNCTION("if(F76="""","""",indeX(split(F76,""-""),1)-J76/100)"),5.095) -> 5.095
B77: =IFERROR(__xludf.DUMMYFUNCTION("""COMPUTED_VALUE"""),"0-0") -> 0-0 | C77: =IFERROR(__xludf.DUMMYFUNCTION("""COMPUTED_VALUE"""),-0.9) -> -0.9 | D77: =IFERROR(__xludf.DUMMYFUNCTION("""COMPUTED_VALUE"""),73.0) -> 73 | E77: =IFERROR(__xludf.DUMMYFUNCTION("""COMPUTED_VALUE"""),"--") -> -- | F77: =IFERROR(__xludf.DUMMYFUNCTION("""COMPUTED_VALUE"""),"8.4-3.8") -> 8.4-3.8 | G77: =IFERROR(__xludf.DUMMYFUNCTION("""COMPUTED_VALUE"""),1.0) -> 1 | H77: =IFERROR(__xludf.DUMMYFUNCTION("""COMPUTED_VALUE"""),90.9) -> 90.9 | I77: =IFERROR(__xludf.DUMMYFUNCTION("""COMPUTED_VALUE"""),0.0) -> 0 | J77: =IFERROR(__xludf.DUMMYFUNCTION("""COMPUTED_VALUE"""),12.0) -> 12 | K77: =IFERROR(__xludf.DUMMYFUNCTION("""COMPUTED_VALUE"""),5.1) -> 5.1 | L77: =IFERROR(__xludf.DUMMYFUNCTION("""COMPUTED_VALUE"""),0.0) -> 0 | M77: =IFERROR(__xludf.DUMMYFUNCTION("""COMPUTED_VALUE"""),0.0) -> 0 | N77: =IFERROR(__xludf.DUMMYFUNCTION("""COMPUTED_VALUE"""),"South Florida Bulls") -> South Florida Bulls | O77: =IFERROR(__xludf.DUMMYFUNCTION("""COMPUTED_VALUE"""),"American") -> American | P77: =IFERROR(__xludf.DUMMYFUNCTION("if(F77="""","""",indeX(split(F77,""-""),1)-J77/100)"),8.280000000000001) -> 8.28
B78: =IFERROR(__xludf.DUMMYFUNCTION("""COMPUTED_VALUE"""),"0-0") -> 0-0 | C78: =IFERROR(__xludf.DUMMYFUNCTION("""COMPUTED_VALUE"""),-1.9) -> -1.9 | D78: =IFERROR(__xludf.DUMMYFUNCTION("""COMPUTED_VALUE"""),74.0) -> 74 | E78: =IFERROR(__xludf.DUMMYFUNCTION("""COMPUTED_VALUE"""),"--") -> -- | F78: =IFERROR(__xludf.DUMMYFUNCTION("""COMPUTED_VALUE"""),"7.0-5.2") -> 7.0-5.2 | G78: =IFERROR(__xludf.DUMMYFUNCTION("""COMPUTED_VALUE"""),0.1) -> 0.1 | H78: =IFERROR(__xludf.DUMMYFUNCTION("""COMPUTED_VALUE"""),74.3) -> 74.3 | I78: =IFERROR(__xludf.DUMMYFUNCTION("""COMPUTED_VALUE"""),0.0) -> 0 | J78: =IFERROR(__xludf.DUMMYFUNCTION("""COMPUTED_VALUE"""),9.3) -> 9.3 | K78: =IFERROR(__xludf.DUMMYFUNCTION("""COMPUTED_VALUE"""),3.1) -> 3.1 | L78: =IFERROR(__xludf.DUMMYFUNCTION("""COMPUTED_VALUE"""),0.0) -> 0 | M78: =IFERROR(__xludf.DUMMYFUNCTION("""COMPUTED_VALUE"""),0.0) -> 0 | N78: =IFERROR(__xludf.DUMMYFUNCTION("""COMPUTED_VALUE"""),"Memphis Tigers") -> Memphis Tigers | O78: =IFERROR(__xludf.DUMMYFUNCTION("""COMPUTED_VALUE"""),"American") -> American | P78: =IFERROR(__xludf.DUMMYFUNCTION("if(F78="""","""",indeX(split(F78,""-""),1)-J78/100)"),6.907) -> 6.907
B79: =IFERROR(__xludf.DUMMYFUNCTION("""COMPUTED_VALUE"""),"0-0") -> 0-0 | C79: =IFERROR(__xludf.DUMMYFUNCTION("""COMPUTED_VALUE"""),-2.0) -> -2 | D79: =IFERROR(__xludf.DUMMYFUNCTION("""COMPUTED_VALUE"""),75.0) -> 75 | E79: =IFERROR(__xludf.DUMMYFUNCTION("""COMPUTED_VALUE"""),"--") -> -- | F79: =IFERROR(__xludf.DUMMYFUNCTION("""COMPUTED_VALUE"""),"8.2-4.2") -> 8.2-4.2 | G79: =IFERROR(__xludf.DUMMYFUNCTION("""COMPUTED_VALUE"""),0.6) -> 0.6 | H79: =IFERROR(__xludf.DUMMYFUNCTION("""COMPUTED_VALUE"""),87.1) -> 87.1 | I79: =IFERROR(__xludf.DUMMYFUNCTION("""COMPUTED_VALUE"""),31.9) -> 31.9 | J79: =IFERROR(__xludf.DUMMYFUNCTION("""COMPUTED_VALUE"""),19.9) -> 19.9 | K79: =IFERROR(__xludf.DUMMYFUNCTION("""COMPUTED_VALUE"""),4.3) -> 4.3 | L79: =IFERROR(__xludf.DUMMYFUNCTION("""COMPUTED_VALUE"""),0.0) -> 0 | M79: =IFERROR(__xludf.DUMMYFUNCTION("""COMPUTED_VALUE"""),0.0) -> 0 | N79: =IFERROR(__xludf.DUMMYFUNCTION("""COMPUTED_VALUE"""),"James Madison Dukes") -> James Madison Dukes | O79: =IFERROR(__xludf.DUMMYFUNCTION("""COMPUTED_VALUE"""),"Sun Belt") -> Sun Belt | P79: =IFERROR(__xludf.DUMMYFUNCTION("if(F79="""","""",indeX(split(F79,""-""),1)-J79/100)"),8.001) -> 8.001
B80: =IFERROR(__xludf.DUMMYFUNCTION("""COMPUTED_VALUE"""),"0-0") -> 0-0 | C80: =IFERROR(__xludf.DUMMYFUNCTION("""COMPUTED_VALUE"""),-2.4) -> -2.4 | D80: =IFERROR(__xludf.DUMMYFUNCTION("""COMPUTED_VALUE"""),76.0) -> 76 | E80: =IFERROR(__xludf.DUMMYFUNCTION("""COMPUTED_VALUE"""),"--") -> -- | F80: =IFERROR(__xludf.DUMMYFUNCTION("""COMPUTED_VALUE"""),"7.9-4.5") -> 7.9-4.5 | G80: =IFERROR(__xludf.DUMMYFUNCTION("""COMPUTED_VALUE"""),0.3) -> 0.3 | H80: =IFERROR(__xludf.DUMMYFUNCTION("""COMPUTED_VALUE"""),84.5) -> 84.5 | I80: =IFERROR(__xludf.DUMMYFUNCTION("""COMPUTED_VALUE"""),0.0) -> 0 | J80: =IFERROR(__xludf.DUMMYFUNCTION("""COMPUTED_VALUE"""),22.0) -> 22 | K80: =IFERROR(__xludf.DUMMYFUNCTION("""COMPUTED_VALUE"""),3.5) -> 3.5 | L80: =IFERROR(__xludf.DUMMYFUNCTION("""COMPUTED_VALUE"""),0.0) -> 0 | M80: =IFERROR(__xludf.DUMMYFUNCTION("""COMPUTED_VALUE"""),0.0) -> 0 | N80: =IFERROR(__xludf.DUMMYFUNCTION("""COMPUTED_VALUE"""),"Hawai'i Rainbow Warriors") -> Hawai'i Rainbow Warriors | O80: =IFERROR(__xludf.DUMMYFUNCTION("""COMPUTED_VALUE"""),"Mountain West") -> Mountain West | P80: =IFERROR(__xludf.DUMMYFUNCTION("if(F80="""","""",indeX(split(F80,""-""),1)-J80/100)"),7.680000000000001) -> 7.68
B81: =IFERROR(__xludf.DUMMYFUNCTION("""COMPUTED_VALUE"""),"0-0") -> 0-0 | C81: =IFERROR(__xludf.DUMMYFUNCTION("""COMPUTED_VALUE"""),-2.5) -> -2.5 | D81: =IFERROR(__xludf.DUMMYFUNCTION("""COMPUTED_VALUE"""),77.0) -> 77 | E81: =IFERROR(__xludf.DUMMYFUNCTION("""COMPUTED_VALUE"""),"--") -> -- | F81: =IFERROR(__xludf.DUMMYFUNCTION("""COMPUTED_VALUE"""),"6.2-5.0") -> 6.2-5.0 | G81: =IFERROR(__xludf.DUMMYFUNCTION("""COMPUTED_VALUE"""),0.0) -> 0 | H81: =IFERROR(__xludf.DUMMYFUNCTION("""COMPUTED_VALUE"""),62.3) -> 62.3 | I81: =IFERROR(__xludf.DUMMYFUNCTION("""COMPUTED_VALUE"""),0.0) -> 0 | J81: =IFERROR(__xludf.DUMMYFUNCTION("""COMPUTED_VALUE"""),11.4) -> 11.4 | K81: =IFERROR(__xludf.DUMMYFUNCTION("""COMPUTED_VALUE"""),2.9) -> 2.9 | L81: =IFERROR(__xludf.DUMMYFUNCTION("""COMPUTED_VALUE"""),0.0) -> 0 | M81: =IFERROR(__xludf.DUMMYFUNCTION("""COMPUTED_VALUE"""),0.0) -> 0 | N81: =IFERROR(__xludf.DUMMYFUNCTION("""COMPUTED_VALUE"""),"Fresno State Bulldogs") -> Fresno State Bulldogs | O81: =IFERROR(__xludf.DUMMYFUNCTION("""COMPUTED_VALUE"""),"Pac-12") -> Pac-12 | P81: =IFERROR(__xludf.DUMMYFUNCTION("if(F81="""","""",indeX(split(F81,""-""),1)-J81/100)"),6.086) -> 6.086
B82: =IFERROR(__xludf.DUMMYFUNCTION("""COMPUTED_VALUE"""),"0-0") -> 0-0 | C82: =IFERROR(__xludf.DUMMYFUNCTION("""COMPUTED_VALUE"""),-2.7) -> -2.7 | D82: =IFERROR(__xludf.DUMMYFUNCTION("""COMPUTED_VALUE"""),78.0) -> 78 | E82: =IFERROR(__xludf.DUMMYFUNCTION("""COMPUTED_VALUE"""),"--") -> -- | F82: =IFERROR(__xludf.DUMMYFUNCTION("""COMPUTED_VALUE"""),"4.0-8.1") -> 4.0-8.1 | G82: =IFERROR(__xludf.DUMMYFUNCTION("""COMPUTED_VALUE"""),0.0) -> 0 | H82: =IFERROR(__xludf.DUMMYFUNCTION("""COMPUTED_VALUE"""),19.9) -> 19.9 | I82: =IFERROR(__xludf.DUMMYFUNCTION("""COMPUTED_VALUE"""),0.0) -> 0 | J82: =IFERROR(__xludf.DUMMYFUNCTION("""COMPUTED_VALUE"""),0.1) -> 0.1 | K82: =IFERROR(__xludf.DUMMYFUNCTION("""COMPUTED_VALUE"""),0.4) -> 0.4 | L82: =IFERROR(__xludf.DUMMYFUNCTION("""COMPUTED_VALUE"""),0.0) -> 0 | M82: =IFERROR(__xludf.DUMMYFUNCTION("""COMPUTED_VALUE"""),0.0) -> 0 | N82: =IFERROR(__xludf.DUMMYFUNCTION("""COMPUTED_VALUE"""),"Boston College Eagles") -> Boston College Eagles | O82: =IFERROR(__xludf.DUMMYFUNCTION("""COMPUTED_VALUE"""),"ACC") -> ACC | P82: =IFERROR(__xludf.DUMMYFUNCTION("if(F82="""","""",indeX(split(F82,""-""),1)-J82/100)"),3.999) -> 3.999
B83: =IFERROR(__xludf.DUMMYFUNCTION("""COMPUTED_VALUE"""),"0-0") -> 0-0 | C83: =IFERROR(__xludf.DUMMYFUNCTION("""COMPUTED_VALUE"""),-3.0) -> -3 | D83: =IFERROR(__xludf.DUMMYFUNCTION("""COMPUTED_VALUE"""),79.0) -> 79 | E83: =IFERROR(__xludf.DUMMYFUNCTION("""COMPUTED_VALUE"""),"--") -> -- | F83: =IFERROR(__xludf.DUMMYFUNCTION("""COMPUTED_VALUE"""),"8.5-4.0") -> 8.5-4.0 | G83: =IFERROR(__xludf.DUMMYFUNCTION("""COMPUTED_VALUE"""),1.0) -> 1 | H83: =IFERROR(__xludf.DUMMYFUNCTION("""COMPUTED_VALUE"""),89.7) -> 89.7 | I83: =IFERROR(__xludf.DUMMYFUNCTION("""COMPUTED_VALUE"""),0.0) -> 0 | J83: =IFERROR(__xludf.DUMMYFUNCTION("""COMPUTED_VALUE"""),26.3) -> 26.3 | K83: =IFERROR(__xludf.DUMMYFUNCTION("""COMPUTED_VALUE"""),4.0) -> 4 | L83: =IFERROR(__xludf.DUMMYFUNCTION("""COMPUTED_VALUE"""),0.0) -> 0 | M83: =IFERROR(__xludf.DUMMYFUNCTION("""COMPUTED_VALUE"""),0.0) -> 0 | N83: =IFERROR(__xludf.DUMMYFUNCTION("""COMPUTED_VALUE"""),"Toledo Rockets") -> Toledo Rockets | O83: =IFERROR(__xludf.DUMMYFUNCTION("""COMPUTED_VALUE"""),"MAC") -> MAC | P83: =IFERROR(__xludf.DUMMYFUNCTION("if(F83="""","""",indeX(split(F83,""-""),1)-J83/100)"),8.237) -> 8.237
B84: =IFERROR(__xludf.DUMMYFUNCTION("""COMPUTED_VALUE"""),"0-0") -> 0-0 | C84: =IFERROR(__xludf.DUMMYFUNCTION("""COMPUTED_VALUE"""),-3.3) -> -3.3 | D84: =IFERROR(__xludf.DUMMYFUNCTION("""COMPUTED_VALUE"""),80.0) -> 80 | E84: =IFERROR(__xludf.DUMMYFUNCTION("""COMPUTED_VALUE"""),"--") -> -- | F84: =IFERROR(__xludf.DUMMYFUNCTION("""COMPUTED_VALUE"""),"3.9-8.1") -> 3.9-8.1 | G84: =IFERROR(__xludf.DUMMYFUNCTION("""COMPUTED_VALUE"""),0.0) -> 0 | H84: =IFERROR(__xludf.DUMMYFUNCTION("""COMPUTED_VALUE"""),18.9) -> 18.9 | I84: =IFERROR(__xludf.DUMMYFUNCTION("""COMPUTED_VALUE"""),0.0) -> 0 | J84: =IFERROR(__xludf.DUMMYFUNCTION("""COMPUTED_VALUE"""),0.1) -> 0.1 | K84: =IFERROR(__xludf.DUMMYFUNCTION("""COMPUTED_VALUE"""),0.2) -> 0.2 | L84: =IFERROR(__xludf.DUMMYFUNCTION("""COMPUTED_VALUE"""),0.0) -> 0 | M84: =IFERROR(__xludf.DUMMYFUNCTION("""COMPUTED_VALUE"""),0.0) -> 0 | N84: =IFERROR(__xludf.DUMMYFUNCTION("""COMPUTED_VALUE"""),"Stanford Cardinal") -> Stanford Cardinal | O84: =IFERROR(__xludf.DUMMYFUNCTION("""COMPUTED_VALUE"""),"ACC") -> ACC | P84: =IFERROR(__xludf.DUMMYFUNCTION("if(F84="""","""",indeX(split(F84,""-""),1)-J84/100)"),3.899) -> 3.899
B85: =IFERROR(__xludf.DUMMYFUNCTION("""COMPUTED_VALUE"""),"0-0") -> 0-0 | C85: =IFERROR(__xludf.DUMMYFUNCTION("""COMPUTED_VALUE"""),-3.5) -> -3.5 | D85: =IFERROR(__xludf.DUMMYFUNCTION("""COMPUTED_VALUE"""),81.0) -> 81 | E85: =IFERROR(__xludf.DUMMYFUNCTION("""COMPUTED_VALUE"""),"--") -> -- | F85: =IFERROR(__xludf.DUMMYFUNCTION("""COMPUTED_VALUE"""),"7.7-4.7") -> 7.7-4.7 | G85: =IFERROR(__xludf.DUMMYFUNCTION("""COMPUTED_VALUE"""),0.1) -> 0.1 | H85: =IFERROR(__xludf.DUMMYFUNCTION("""COMPUTED_VALUE"""),83.8) -> 83.8 | I85: =IFERROR(__xludf.DUMMYFUNCTION("""COMPUTED_VALUE"""),0.0) -> 0 | J85: =IFERROR(__xludf.DUMMYFUNCTION("""COMPUTED_VALUE"""),16.5) -> 16.5 | K85: =IFERROR(__xludf.DUMMYFUNCTION("""COMPUTED_VALUE"""),2.9) -> 2.9 | L85: =IFERROR(__xludf.DUMMYFUNCTION("""COMPUTED_VALUE"""),0.0) -> 0 | M85: =IFERROR(__xludf.DUMMYFUNCTION("""COMPUTED_VALUE"""),0.0) -> 0 | N85: =IFERROR(__xludf.DUMMYFUNCTION("""COMPUTED_VALUE"""),"New Mexico Lobos") -> New Mexico Lobos | O85: =IFERROR(__xludf.DUMMYFUNCTION("""COMPUTED_VALUE"""),"Mountain West") -> Mountain West | P85: =IFERROR(__xludf.DUMMYFUNCTION("if(F85="""","""",indeX(split(F85,""-""),1)-J85/100)"),7.535) -> 7.535
B86: =IFERROR(__xludf.DUMMYFUNCTION("""COMPUTED_VALUE"""),"0-0") -> 0-0 | C86: =IFERROR(__xludf.DUMMYFUNCTION("""COMPUTED_VALUE"""),-4.0) -> -4 | D86: =IFERROR(__xludf.DUMMYFUNCTION("""COMPUTED_VALUE"""),82.0) -> 82 | E86: =IFERROR(__xludf.DUMMYFUNCTION("""COMPUTED_VALUE"""),"--") -> -- | F86: =IFERROR(__xludf.DUMMYFUNCTION("""COMPUTED_VALUE"""),"7.7-4.6") -> 7.7-4.6 | G86: =IFERROR(__xludf.DUMMYFUNCTION("""COMPUTED_VALUE"""),0.1) -> 0.1 | H86: =IFERROR(__xludf.DUMMYFUNCTION("""COMPUTED_VALUE"""),84.4) -> 84.4 | I86: =IFERROR(__xludf.DUMMYFUNCTION("""COMPUTED_VALUE"""),0.0) -> 0 | J86: =IFERROR(__xludf.DUMMYFUNCTION("""COMPUTED_VALUE"""),21.6) -> 21.6 | K86: =IFERROR(__xludf.DUMMYFUNCTION("""COMPUTED_VALUE"""),2.6) -> 2.6 | L86: =IFERROR(__xludf.DUMMYFUNCTION("""COMPUTED_VALUE"""),0.0) -> 0 | M86: =IFERROR(__xludf.DUMMYFUNCTION("""COMPUTED_VALUE"""),0.0) -> 0 | N86: =IFERROR(__xludf.DUMMYFUNCTION("""COMPUTED_VALUE"""),"Western Michigan Broncos") -> Western Michigan Broncos | O86: =IFERROR(__xludf.DUMMYFUNCTION("""COMPUTED_VALUE"""),"MAC") -> MAC | P86: =IFERROR(__xludf.DUMMYFUNCTION("if(F86="""","""",indeX(split(F86,""-""),1)-J86/100)"),7.484) -> 7.484
B87: =IFERROR(__xludf.DUMMYFUNCTION("""COMPUTED_VALUE"""),"0-0") -> 0-0 | C87: =IFERROR(__xludf.DUMMYFUNCTION("""COMPUTED_VALUE"""),-4.1) -> -4.1 | D87: =IFERROR(__xludf.DUMMYFUNCTION("""COMPUTED_VALUE"""),83.0) -> 83 | E87: =IFERROR(__xludf.DUMMYFUNCTION("""COMPUTED_VALUE"""),"--") -> -- | F87: =IFERROR(__xludf.DUMMYFUNCTION("""COMPUTED_VALUE"""),"5.1-6.1") -> 5.1-6.1 | G87: =IFERROR(__xludf.DUMMYFUNCTION("""COMPUTED_VALUE"""),0.0) -> 0 | H87: =IFERROR(__xludf.DUMMYFUNCTION("""COMPUTED_VALUE"""),39.3) -> 39.3 | I87: =IFERROR(__xludf.DUMMYFUNCTION("""COMPUTED_VALUE"""),0.0) -> 0 | J87: =IFERROR(__xludf.DUMMYFUNCTION("""COMPUTED_VALUE"""),8.3) -> 8.3 | K87: =IFERROR(__xludf.DUMMYFUNCTION("""COMPUTED_VALUE"""),1.4) -> 1.4 | L87: =IFERROR(__xludf.DUMMYFUNCTION("""COMPUTED_VALUE"""),0.0) -> 0 | M87: =IFERROR(__xludf.DUMMYFUNCTION("""COMPUTED_VALUE"""),0.0) -> 0 | N87: =IFERROR(__xludf.DUMMYFUNCTION("""COMPUTED_VALUE"""),"Washington State Cougars") -> Washington State Cougars | O87: =IFERROR(__xludf.DUMMYFUNCTION("""COMPUTED_VALUE"""),"Pac-12") -> Pac-12 | P87: =IFERROR(__xludf.DUMMYFUNCTION("if(F87="""","""",indeX(split(F87,""-""),1)-J87/100)"),5.0169999999999995) -> 5.017
B88: =IFERROR(__xludf.DUMMYFUNCTION("""COMPUTED_VALUE"""),"0-0") -> 0-0 | C88: =IFERROR(__xludf.DUMMYFUNCTION("""COMPUTED_VALUE"""),-4.3) -> -4.3 | D88: =IFERROR(__xludf.DUMMYFUNCTION("""COMPUTED_VALUE"""),84.0) -> 84 | E88: =IFERROR(__xludf.DUMMYFUNCTION("""COMPUTED_VALUE"""),"--") -> -- | F88: =IFERROR(__xludf.DUMMYFUNCTION("""COMPUTED_VALUE"""),"5.6-5.6") -> 5.6-5.6 | G88: =IFERROR(__xludf.DUMMYFUNCTION("""COMPUTED_VALUE"""),0.0) -> 0 | H88: =IFERROR(__xludf.DUMMYFUNCTION("""COMPUTED_VALUE"""),52.2) -> 52.2 | I88: =IFERROR(__xludf.DUMMYFUNCTION("""COMPUTED_VALUE"""),0.0) -> 0 | J88: =IFERROR(__xludf.DUMMYFUNCTION("""COMPUTED_VALUE"""),8.6) -> 8.6 | K88: =IFERROR(__xludf.DUMMYFUNCTION("""COMPUTED_VALUE"""),1.9) -> 1.9 | L88: =IFERROR(__xludf.DUMMYFUNCTION("""COMPUTED_VALUE"""),0.0) -> 0 | M88: =IFERROR(__xludf.DUMMYFUNCTION("""COMPUTED_VALUE"""),0.0) -> 0 | N88: =IFERROR(__xludf.DUMMYFUNCTION("""COMPUTED_VALUE"""),"Texas State Bobcats") -> Texas State Bobcats | O88: =IFERROR(__xludf.DUMMYFUNCTION("""COMPUTED_VALUE"""),"Pac-12") -> Pac-12 | P88: =IFERROR(__xludf.DUMMYFUNCTION("if(F88="""","""",indeX(split(F88,""-""),1)-J88/100)"),5.513999999999999) -> 5.514
B89: =IFERROR(__xludf.DUMMYFUNCTION("""COMPUTED_VALUE"""),"0-0") -> 0-0 | C89: =IFERROR(__xludf.DUMMYFUNCTION("""COMPUTED_VALUE"""),-4.4) -> -4.4 | D89: =IFERROR(__xludf.DUMMYFUNCTION("""COMPUTED_VALUE"""),85.0) -> 85 | E89: =IFERROR(__xludf.DUMMYFUNCTION("""COMPUTED_VALUE"""),"--") -> -- | F89: =IFERROR(__xludf.DUMMYFUNCTION("""COMPUTED_VALUE"""),"7.3-5.0") -> 7.3-5.0 | G89: =IFERROR(__xludf.DUMMYFUNCTION("""COMPUTED_VALUE"""),0.1) -> 0.1 | H89: =IFERROR(__xludf.DUMMYFUNCTION("""COMPUTED_VALUE"""),76.7) -> 76.7 | I89: =IFERROR(__xludf.DUMMYFUNCTION("""COMPUTED_VALUE"""),24.0) -> 24 | J89: =IFERROR(__xludf.DUMMYFUNCTION("""COMPUTED_VALUE"""),14.0) -> 14 | K89: =IFERROR(__xludf.DUMMYFUNCTION("""COMPUTED_VALUE"""),2.2) -> 2.2 | L89: =IFERROR(__xludf.DUMMYFUNCTION("""COMPUTED_VALUE"""),0.0) -> 0 | M89: =IFERROR(__xludf.DUMMYFUNCTION("""COMPUTED_VALUE"""),0.0) -> 0 | N89: =IFERROR(__xludf.DUMMYFUNCTION("""COMPUTED_VALUE"""),"Old Dominion Monarchs") -> Old Dominion Monarchs | O89: =IFERROR(__xludf.DUMMYFUNCTION("""COMPUTED_VALUE"""),"Sun Belt") -> Sun Belt | P89: =IFERROR(__xludf.DUMMYFUNCTION("if(F89="""","""",indeX(split(F89,""-""),1)-J89/100)"),7.16) -> 7.16
B90: =IFERROR(__xludf.DUMMYFUNCTION("""COMPUTED_VALUE"""),"0-0") -> 0-0 | C90: =IFERROR(__xludf.DUMMYFUNCTION("""COMPUTED_VALUE"""),-4.9) -> -4.9 | D90: =IFERROR(__xludf.DUMMYFUNCTION("""COMPUTED_VALUE"""),86.0) -> 86 | E90: =IFERROR(__xludf.DUMMYFUNCTION("""COMPUTED_VALUE"""),"--") -> -- | F90: =IFERROR(__xludf.DUMMYFUNCTION("""COMPUTED_VALUE"""),"7.1-5.3") -> 7.1-5.3 | G90: =IFERROR(__xludf.DUMMYFUNCTION("""COMPUTED_VALUE"""),0.0) -> 0 | H90: =IFERROR(__xludf.DUMMYFUNCTION("""COMPUTED_VALUE"""),77.1) -> 77.1 | I90: =IFERROR(__xludf.DUMMYFUNCTION("""COMPUTED_VALUE"""),0.0) -> 0 | J90: =IFERROR(__xludf.DUMMYFUNCTION("""COMPUTED_VALUE"""),24.8) -> 24.8 | K90: =IFERROR(__xludf.DUMMYFUNCTION("""COMPUTED_VALUE"""),1.9) -> 1.9 | L90: =IFERROR(__xludf.DUMMYFUNCTION("""COMPUTED_VALUE"""),0.0) -> 0 | M90: =IFERROR(__xludf.DUMMYFUNCTION("""COMPUTED_VALUE"""),0.0) -> 0 | N90: =IFERROR(__xludf.DUMMYFUNCTION("""COMPUTED_VALUE"""),"Western Kentucky Hilltoppers") -> Western Kentucky Hilltoppers | O90: =IFERROR(__xludf.DUMMYFUNCTION("""COMPUTED_VALUE"""),"CUSA") -> CUSA | P90: =IFERROR(__xludf.DUMMYFUNCTION("if(F90="""","""",indeX(split(F90,""-""),1)-J90/100)"),6.851999999999999) -> 6.852
B91: =IFERROR(__xludf.DUMMYFUNCTION("""COMPUTED_VALUE"""),"0-0") -> 0-0 | C91: =IFERROR(__xludf.DUMMYFUNCTION("""COMPUTED_VALUE"""),-5.1) -> -5.1 | D91: =IFERROR(__xludf.DUMMYFUNCTION("""COMPUTED_VALUE"""),87.0) -> 87 | E91: =IFERROR(__xludf.DUMMYFUNCTION("""COMPUTED_VALUE"""),"--") -> -- | F91: =IFERROR(__xludf.DUMMYFUNCTION("""COMPUTED_VALUE"""),"6.9-5.3") -> 6.9-5.3 | G91: =IFERROR(__xludf.DUMMYFUNCTION("""COMPUTED_VALUE"""),0.0) -> 0 | H91: =IFERROR(__xludf.DUMMYFUNCTION("""COMPUTED_VALUE"""),73.5) -> 73.5 | I91: =IFERROR(__xludf.DUMMYFUNCTION("""COMPUTED_VALUE"""),24.5) -> 24.5 | J91: =IFERROR(__xludf.DUMMYFUNCTION("""COMPUTED_VALUE"""),12.6) -> 12.6 | K91: =IFERROR(__xludf.DUMMYFUNCTION("""COMPUTED_VALUE"""),1.6) -> 1.6 | L91: =IFERROR(__xludf.DUMMYFUNCTION("""COMPUTED_VALUE"""),0.0) -> 0 | M91: =IFERROR(__xludf.DUMMYFUNCTION("""COMPUTED_VALUE"""),0.0) -> 0 | N91: =IFERROR(__xludf.DUMMYFUNCTION("""COMPUTED_VALUE"""),"Southern Miss Golden Eagles") -> Southern Miss Golden Eagles | O91: =IFERROR(__xludf.DUMMYFUNCTION("""COMPUTED_VALUE"""),"Sun Belt") -> Sun Belt | P91: =IFERROR(__xludf.DUMMYFUNCTION("if(F91="""","""",indeX(split(F91,""-""),1)-J91/100)"),6.774) -> 6.774
B92: =IFERROR(__xludf.DUMMYFUNCTION("""COMPUTED_VALUE"""),"0-0") -> 0-0 | C92: =IFERROR(__xludf.DUMMYFUNCTION("""COMPUTED_VALUE"""),-5.3) -> -5.3 | D92: =IFERROR(__xludf.DUMMYFUNCTION("""COMPUTED_VALUE"""),88.0) -> 88 | E92: =IFERROR(__xludf.DUMMYFUNCTION("""COMPUTED_VALUE"""),"--") -> -- | F92: =IFERROR(__xludf.DUMMYFUNCTION("""COMPUTED_VALUE"""),"6.4-5.7") -> 6.4-5.7 | G92: =IFERROR(__xludf.DUMMYFUNCTION("""COMPUTED_VALUE"""),0.0) -> 0 | H92: =IFERROR(__xludf.DUMMYFUNCTION("""COMPUTED_VALUE"""),66.5) -> 66.5 | I92: =IFERROR(__xludf.DUMMYFUNCTION("""COMPUTED_VALUE"""),0.0) -> 0 | J92: =IFERROR(__xludf.DUMMYFUNCTION("""COMPUTED_VALUE"""),5.9) -> 5.9 | K92: =IFERROR(__xludf.DUMMYFUNCTION("""COMPUTED_VALUE"""),1.5) -> 1.5 | L92: =IFERROR(__xludf.DUMMYFUNCTION("""COMPUTED_VALUE"""),0.0) -> 0 | M92: =IFERROR(__xludf.DUMMYFUNCTION("""COMPUTED_VALUE"""),0.0) -> 0 | N92: =IFERROR(__xludf.DUMMYFUNCTION("""COMPUTED_VALUE"""),"UTSA Roadrunners") -> UTSA Roadrunners | O92: =IFERROR(__xludf.DUMMYFUNCTION("""COMPUTED_VALUE"""),"American") -> American | P92: =IFERROR(__xludf.DUMMYFUNCTION("if(F92="""","""",indeX(split(F92,""-""),1)-J92/100)"),6.341) -> 6.341
B93: =IFERROR(__xludf.DUMMYFUNCTION("""COMPUTED_VALUE"""),"0-0") -> 0-0 | C93: =IFERROR(__xludf.DUMMYFUNCTION("""COMPUTED_VALUE"""),-5.6) -> -5.6 | D93: =IFERROR(__xludf.DUMMYFUNCTION("""COMPUTED_VALUE"""),89.0) -> 89 | E93: =IFERROR(__xludf.DUMMYFUNCTION("""COMPUTED_VALUE"""),"--") -> -- | F93: =IFERROR(__xludf.DUMMYFUNCTION("""COMPUTED_VALUE"""),"6.4-5.7") -> 6.4-5.7 | G93: =IFERROR(__xludf.DUMMYFUNCTION("""COMPUTED_VALUE"""),0.0) -> 0 | H93: =IFERROR(__xludf.DUMMYFUNCTION("""COMPUTED_VALUE"""),64.3) -> 64.3 | I93: =IFERROR(__xludf.DUMMYFUNCTION("""COMPUTED_VALUE"""),0.0) -> 0 | J93: =IFERROR(__xludf.DUMMYFUNCTION("""COMPUTED_VALUE"""),5.0) -> 5 | K93: =IFERROR(__xludf.DUMMYFUNCTION("""COMPUTED_VALUE"""),1.4) -> 1.4 | L93: =IFERROR(__xludf.DUMMYFUNCTION("""COMPUTED_VALUE"""),0.0) -> 0 | M93: =IFERROR(__xludf.DUMMYFUNCTION("""COMPUTED_VALUE"""),0.0) -> 0 | N93: =IFERROR(__xludf.DUMMYFUNCTION("""COMPUTED_VALUE"""),"Army Black Knights") -> Army Black Knights | O93: =IFERROR(__xludf.DUMMYFUNCTION("""COMPUTED_VALUE"""),"American") -> American | P93: =IFERROR(__xludf.DUMMYFUNCTION("if(F93="""","""",indeX(split(F93,""-""),1)-J93/100)"),6.3500000000000005) -> 6.35
B94: =IFERROR(__xludf.DUMMYFUNCTION("""COMPUTED_VALUE"""),"0-0") -> 0-0 | C94: =IFERROR(__xludf.DUMMYFUNCTION("""COMPUTED_VALUE"""),-6.4) -> -6.4 | D94: =IFERROR(__xludf.DUMMYFUNCTION("""COMPUTED_VALUE"""),90.0) -> 90 | E94: =IFERROR(__xludf.DUMMYFUNCTION("""COMPUTED_VALUE"""),"--") -> -- | F94: =IFERROR(__xludf.DUMMYFUNCTION("""COMPUTED_VALUE"""),"6.2-5.9") -> 6.2-5.9 | G94: =IFERROR(__xludf.DUMMYFUNCTION("""COMPUTED_VALUE"""),0.0) -> 0 | H94: =IFERROR(__xludf.DUMMYFUNCTION("""COMPUTED_VALUE"""),62.6) -> 62.6 | I94: =IFERROR(__xludf.DUMMYFUNCTION("""COMPUTED_VALUE"""),0.0) -> 0 | J94: =IFERROR(__xludf.DUMMYFUNCTION("""COMPUTED_VALUE"""),4.5) -> 4.5 | K94: =IFERROR(__xludf.DUMMYFUNCTION("""COMPUTED_VALUE"""),1.0) -> 1 | L94: =IFERROR(__xludf.DUMMYFUNCTION("""COMPUTED_VALUE"""),0.0) -> 0 | M94: =IFERROR(__xludf.DUMMYFUNCTION("""COMPUTED_VALUE"""),0.0) -> 0 | N94: =IFERROR(__xludf.DUMMYFUNCTION("""COMPUTED_VALUE"""),"North Texas Mean Green") -> North Texas Mean Green | O94: =IFERROR(__xludf.DUMMYFUNCTION("""COMPUTED_VALUE"""),"American") -> American | P94: =IFERROR(__xludf.DUMMYFUNCTION("if(F94="""","""",indeX(split(F94,""-""),1)-J94/100)"),6.155) -> 6.155
B95: =IFERROR(__xludf.DUMMYFUNCTION("""COMPUTED_VALUE"""),"0-0") -> 0-0 | C95: =IFERROR(__xludf.DUMMYFUNCTION("""COMPUTED_VALUE"""),-6.6) -> -6.6 | D95: =IFERROR(__xludf.DUMMYFUNCTION("""COMPUTED_VALUE"""),91.0) -> 91 | E95: =IFERROR(__xludf.DUMMYFUNCTION("""COMPUTED_VALUE"""),"--") -> -- | F95: =IFERROR(__xludf.DUMMYFUNCTION("""COMPUTED_VALUE"""),"6.9-5.5") -> 6.9-5.5 | G95: =IFERROR(__xludf.DUMMYFUNCTION("""COMPUTED_VALUE"""),0.0) -> 0 | H95: =IFERROR(__xludf.DUMMYFUNCTION("""COMPUTED_VALUE"""),71.8) -> 71.8 | I95: =IFERROR(__xludf.DUMMYFUNCTION("""COMPUTED_VALUE"""),0.0) -> 0 | J95: =IFERROR(__xludf.DUMMYFUNCTION("""COMPUTED_VALUE"""),16.8) -> 16.8 | K95: =IFERROR(__xludf.DUMMYFUNCTION("""COMPUTED_VALUE"""),1.3) -> 1.3 | L95: =IFERROR(__xludf.DUMMYFUNCTION("""COMPUTED_VALUE"""),0.0) -> 0 | M95: =IFERROR(__xludf.DUMMYFUNCTION("""COMPUTED_VALUE"""),0.0) -> 0 | N95: =IFERROR(__xludf.DUMMYFUNCTION("""COMPUTED_VALUE"""),"Delaware Blue Hens") -> Delaware Blue Hens | O95: =IFERROR(__xludf.DUMMYFUNCTION("""COMPUTED_VALUE"""),"CUSA") -> CUSA | P95: =IFERROR(__xludf.DUMMYFUNCTION("if(F95="""","""",indeX(split(F95,""-""),1)-J95/100)"),6.732) -> 6.732
B96: =IFERROR(__xludf.DUMMYFUNCTION("""COMPUTED_VALUE"""),"0-0") -> 0-0 | C96: =IFERROR(__xludf.DUMMYFUNCTION("""COMPUTED_VALUE"""),-6.7) -> -6.7 | D96: =IFERROR(__xludf.DUMMYFUNCTION("""COMPUTED_VALUE"""),92.0) -> 92 | E96: =IFERROR(__xludf.DUMMYFUNCTION("""COMPUTED_VALUE"""),"--") -> -- | F96: =IFERROR(__xludf.DUMMYFUNCTION("""COMPUTED_VALUE"""),"4.7-6.4") -> 4.7-6.4 | G96: =IFERROR(__xludf.DUMMYFUNCTION("""COMPUTED_VALUE"""),0.0) -> 0 | H96: =IFERROR(__xludf.DUMMYFUNCTION("""COMPUTED_VALUE"""),33.2) -> 33.2 | I96: =IFERROR(__xludf.DUMMYFUNCTION("""COMPUTED_VALUE"""),0.0) -> 0 | J96: =IFERROR(__xludf.DUMMYFUNCTION("""COMPUTED_VALUE"""),4.7) -> 4.7 | K96: =IFERROR(__xludf.DUMMYFUNCTION("""COMPUTED_VALUE"""),0.7) -> 0.7 | L96: =IFERROR(__xludf.DUMMYFUNCTION("""COMPUTED_VALUE"""),0.0) -> 0 | M96: =IFERROR(__xludf.DUMMYFUNCTION("""COMPUTED_VALUE"""),0.0) -> 0 | N96: =IFERROR(__xludf.DUMMYFUNCTION("""COMPUTED_VALUE"""),"Utah State Aggies") -> Utah State Aggies | O96: =IFERROR(__xludf.DUMMYFUNCTION("""COMPUTED_VALUE"""),"Pac-12") -> Pac-12 | P96: =IFERROR(__xludf.DUMMYFUNCTION("if(F96="""","""",indeX(split(F96,""-""),1)-J96/100)"),4.6530000000000005) -> 4.653
B97: =IFERROR(__xludf.DUMMYFUNCTION("""COMPUTED_VALUE"""),"0-0") -> 0-0 | C97: =IFERROR(__xludf.DUMMYFUNCTION("""COMPUTED_VALUE"""),-6.8) -> -6.8 | D97: =IFERROR(__xludf.DUMMYFUNCTION("""COMPUTED_VALUE"""),93.0) -> 93 | E97: =IFERROR(__xludf.DUMMYFUNCTION("""COMPUTED_VALUE"""),"--") -> -- | F97: =IFERROR(__xludf.DUMMYFUNCTION("""COMPUTED_VALUE"""),"7.2-5.1") -> 7.2-5.1 | G97: =IFERROR(__xludf.DUMMYFUNCTION("""COMPUTED_VALUE"""),0.1) -> 0.1 | H97: =IFERROR(__xludf.DUMMYFUNCTION("""COMPUTED_VALUE"""),75.7) -> 75.7 | I97: =IFERROR(__xludf.DUMMYFUNCTION("""COMPUTED_VALUE"""),0.0) -> 0 | J97: =IFERROR(__xludf.DUMMYFUNCTION("""COMPUTED_VALUE"""),10.0) -> 10 | K97: =IFERROR(__xludf.DUMMYFUNCTION("""COMPUTED_VALUE"""),1.5) -> 1.5 | L97: =IFERROR(__xludf.DUMMYFUNCTION("""COMPUTED_VALUE"""),0.0) -> 0 | M97: =IFERROR(__xludf.DUMMYFUNCTION("""COMPUTED_VALUE"""),0.0) -> 0 | N97: =IFERROR(__xludf.DUMMYFUNCTION("""COMPUTED_VALUE"""),"Air Force Falcons") -> Air Force Falcons | O97: =IFERROR(__xludf.DUMMYFUNCTION("""COMPUTED_VALUE"""),"Mountain West") -> Mountain West | P97: =IFERROR(__xludf.DUMMYFUNCTION("if(F97="""","""",indeX(split(F97,""-""),1)-J97/100)"),7.1000000000000005) -> 7.1
B98: =IFERROR(__xludf.DUMMYFUNCTION("""COMPUTED_VALUE"""),"0-0") -> 0-0 | C98: =IFERROR(__xludf.DUMMYFUNCTION("""COMPUTED_VALUE"""),-7.0) -> -7 | D98: =IFERROR(__xludf.DUMMYFUNCTION("""COMPUTED_VALUE"""),94.0) -> 94 | E98: =IFERROR(__xludf.DUMMYFUNCTION("""COMPUTED_VALUE"""),"--") -> -- | F98: =IFERROR(__xludf.DUMMYFUNCTION("""COMPUTED_VALUE"""),"7.2-5.1") -> 7.2-5.1 | G98: =IFERROR(__xludf.DUMMYFUNCTION("""COMPUTED_VALUE"""),0.0) -> 0 | H98: =IFERROR(__xludf.DUMMYFUNCTION("""COMPUTED_VALUE"""),77.0) -> 77 | I98: =IFERROR(__xludf.DUMMYFUNCTION("""COMPUTED_VALUE"""),0.0) -> 0 | J98: =IFERROR(__xludf.DUMMYFUNCTION("""COMPUTED_VALUE"""),13.8) -> 13.8 | K98: =IFERROR(__xludf.DUMMYFUNCTION("""COMPUTED_VALUE"""),1.1) -> 1.1 | L98: =IFERROR(__xludf.DUMMYFUNCTION("""COMPUTED_VALUE"""),0.0) -> 0 | M98: =IFERROR(__xludf.DUMMYFUNCTION("""COMPUTED_VALUE"""),0.0) -> 0 | N98: =IFERROR(__xludf.DUMMYFUNCTION("""COMPUTED_VALUE"""),"Miami (OH) RedHawks") -> Miami (OH) RedHawks | O98: =IFERROR(__xludf.DUMMYFUNCTION("""COMPUTED_VALUE"""),"MAC") -> MAC | P98: =IFERROR(__xludf.DUMMYFUNCTION("if(F98="""","""",indeX(split(F98,""-""),1)-J98/100)"),7.062) -> 7.062
B99: =IFERROR(__xludf.DUMMYFUNCTION("""COMPUTED_VALUE"""),"0-0") -> 0-0 | C99: =IFERROR(__xludf.DUMMYFUNCTION("""COMPUTED_VALUE"""),-7.4) -> -7.4 | D99: =IFERROR(__xludf.DUMMYFUNCTION("""COMPUTED_VALUE"""),95.0) -> 95 | E99: =IFERROR(__xludf.DUMMYFUNCTION("""COMPUTED_VALUE"""),"--") -> -- | F99: =IFERROR(__xludf.DUMMYFUNCTION("""COMPUTED_VALUE"""),"6.6-5.6") -> 6.6-5.6 | G99: =IFERROR(__xludf.DUMMYFUNCTION("""COMPUTED_VALUE"""),0.0) -> 0 | H99: =IFERROR(__xludf.DUMMYFUNCTION("""COMPUTED_VALUE"""),68.2) -> 68.2 | I99: =IFERROR(__xludf.DUMMYFUNCTION("""COMPUTED_VALUE"""),17.1) -> 17.1 | J99: =IFERROR(__xludf.DUMMYFUNCTION("""COMPUTED_VALUE"""),8.2) -> 8.2 | K99: =IFERROR(__xludf.DUMMYFUNCTION("""COMPUTED_VALUE"""),1.0) -> 1 | L99: =IFERROR(__xludf.DUMMYFUNCTION("""COMPUTED_VALUE"""),0.0) -> 0 | M99: =IFERROR(__xludf.DUMMYFUNCTION("""COMPUTED_VALUE"""),0.0) -> 0 | N99: =IFERROR(__xludf.DUMMYFUNCTION("""COMPUTED_VALUE"""),"Troy Trojans") -> Troy Trojans | O99: =IFERROR(__xludf.DUMMYFUNCTION("""COMPUTED_VALUE"""),"Sun Belt") -> Sun Belt | P99: =IFERROR(__xludf.DUMMYFUNCTION("if(F99="""","""",indeX(split(F99,""-""),1)-J99/100)"),6.518) -> 6.518
B100: =IFERROR(__xludf.DUMMYFUNCTION("""COMPUTED_VALUE"""),"0-0") -> 0-0 | C100: =IFERROR(__xludf.DUMMYFUNCTION("""COMPUTED_VALUE"""),-7.7) -> -7.7 | D100: =IFERROR(__xludf.DUMMYFUNCTION("""COMPUTED_VALUE"""),96.0) -> 96 | E100: =IFERROR(__xludf.DUMMYFUNCTION("""COMPUTED_VALUE"""),"--") -> -- | F100: =IFERROR(__xludf.DUMMYFUNCTION("""COMPUTED_VALUE"""),"7.4-4.9") -> 7.4-4.9 | G100: =IFERROR(__xludf.DUMMYFUNCTION("""COMPUTED_VALUE"""),0.2) -> 0.2 | H100: =IFERROR(__xludf.DUMMYFUNCTION("""COMPUTED_VALUE"""),77.9) -> 77.9 | I100: =IFERROR(__xludf.DUMMYFUNCTION("""COMPUTED_VALUE"""),0.0) -> 0 | J100: =IFERROR(__xludf.DUMMYFUNCTION("""COMPUTED_VALUE"""),14.8) -> 14.8 | K100: =IFERROR(__xludf.DUMMYFUNCTION("""COMPUTED_VALUE"""),1.3) -> 1.3 | L100: =IFERROR(__xludf.DUMMYFUNCTION("""COMPUTED_VALUE"""),0.0) -> 0 | M100: =IFERROR(__xludf.DUMMYFUNCTION("""COMPUTED_VALUE"""),0.0) -> 0 | N100: =IFERROR(__xludf.DUMMYFUNCTION("""COMPUTED_VALUE"""),"Liberty Flames") -> Liberty Flames | O100: =IFERROR(__xludf.DUMMYFUNCTION("""COMPUTED_VALUE"""),"CUSA") -> CUSA | P100: =IFERROR(__xludf.DUMMYFUNCTION("if(F100="""","""",indeX(split(F100,""-""),1)-J100/100)"),7.252000000000001) -> 7.252
