Workbook

Sheet Teams-Conference
A1: Players | B1: 10 | C1: Players | D1: 11 | E1: Players | F1: 12 | G1: Players | H1: 13
A2: Cincinnati | B2: AAC | C2: Cincinnati | D2: AAC | E2: Cincinnati | F2: AAC | G2: Cincinnati | H2: AAC
A3: UConn | B3: AAC | C3: UConn | D3: AAC | E3: UConn | F3: AAC | G3: UConn | H3: AAC
A4: East Carolina | B4: AAC | C4: East Carolina | D4: AAC | E4: East Carolina | F4: AAC | G4: East Carolina | H4: AAC
A5: Houston | B5: AAC | C5: Houston | D5: AAC | E5: Houston | F5: AAC | G5: Houston | H5: AAC
A6: Memphis | B6: AAC | C6: Memphis | D6: AAC | E6: Memphis | F6: AAC | G6: Memphis | H6: AAC
A7: Navy | B7: AAC | C7: Navy | D7: AAC | E7: Navy | F7: AAC | G7: Navy | H7: AAC
A8: SMU | B8: AAC | C8: SMU | D8: AAC | E8: SMU | F8: AAC | G8: SMU | H8: AAC
A9: South Florida | B9: AAC | C9: South Florida | D9: AAC | E9: South Florida | F9: AAC | G9: South Florida | H9: AAC
A10: Temple | B10: AAC | C10: Temple | D10: AAC | E10: Temple | F10: AAC | G10: Temple | H10: AAC
A11: Tulane | B11: AAC | C11: Tulane | D11: AAC | E11: Tulane | F11: AAC | G11: Tulane | H11: AAC
A12: Tulsa | B12: AAC | C12: Tulsa | D12: AAC | E12: Tulsa | F12: AAC | G12: Tulsa | H12: AAC
A13: UCF | B13: AAC | C13: UCF | D13: AAC | E13: UCF | F13: AAC | G13: UCF | H13: AAC
... A131: UMASS | B131: Independent | C131: UMASS | D131: Independent | E131: UMASS | F131: Independent | G131: Arkansas | H131: Sun Belt

Sheet Draft Order
B1: Player | C1: Order Rnd()
A2: =A1+1 -> 1 | B2: DavEmily | C2: =RAND() -> 0.88456628
A3: =A2+1 -> 2 | B3: Nick A. | C3: =RAND() -> 0.33083735
A4: =A3+1 -> 3 | B4: Gary | C4: =RAND() -> 0.1875828
A5: =A4+1 -> 4 | B5: Janice/Mike | C5: =RAND() -> 0.41252181
A6: =A5+1 -> 5 | B6: Nico | C6: =RAND() -> 0.071142071
A7: =A6+1 -> 6 | B7: Jeannine | C7: =RAND() -> 0.86464284
A8: =A7+1 -> 7 | B8: Justin | C8: =RAND() -> 0.13947819
A9: =A8+1 -> 8 | B9: Adam | C9: =RAND() -> 0.46390222
A10: =A9+1 -> 9 | B10: Vu | C10: =RAND() -> 0.8328657
A11: =A10+1 -> 10 | B11: Josh R. | C11: =RAND() -> 0.80585336
A12: =A11+1 -> 11 | B12: Brad | C12: =RAND() -> 0.21031979
A13: 12 | B13: Nick G.

Sheet DraftTracker
A1: draft | B1: rnd | C1: pick | D1: player | E1: conf | F1: team | G1: Error Check | H1: Same confs picked within 10 after | I1: Same confs picked within 20 after | J1: Same confs picked within 10 before | K1: Same confs picked within 20 before | L1: wins | M1: picks_better_than | N1: no_teams_slept_on | O1: W | P1: L | Q1: matchup | R1: Status (Time ET) | S1: opponent | T1: network | U1: Opening Spread | V1: Spread | W1: Current Total | X1: Total | Y1: PF | Z1: PA | AA1: wins_missed | AB1: picks_better_than | AC1: no_teams_slept_on | AD1: bestpick | AE1: wins_gained | AF1: teams_slept_on | AG1: wins_missed_conf | AH1: picks_better_than_conf | AI1: no_teams_slept_on_conf | AJ1: bestpick_conf | AK1: wins_gained_conf | AL1: teams_slept_on_conf | AM1: confs_avail | AN1: wins_missed_confs_avail | AO1: picks_better_than_confs_avail | AP1: no_teams_slept_on_confs_avail | AQ1: bestpick_confs_avail | AR1: wins_gained_confs_avail | AS1: teams_slept_on_confs_avail
A2: 1 | B2: 1 | C2: 1 | D2: ='Draft Order'!B2 -> DavEmily | E2: =if(F2<>"",VLOOKUP(F2,offset('Teams-Conference'!A:B,0,(counta('Draft Order'!B$2:B129)-10)*2),2,0),"") -> SEC | F2: Alabama | H2: =countif(E3:E12,E2) -> 1 | I2: =countif(E3:E24,E2) -> 1 | L2: {=iferror(VLOOKUP(F2:F129,'Current Week'!C:D,2,0),"")} | M2: =IFERROR(__xludf.DUMMYFUNCTION("counta(iferror(filter(L1:L$2,E1:E$2=E2,L1:L$2<L2)))"),0.0) -> 0 | N2: =IFERROR(__xludf.DUMMYFUNCTION("counta(iferror(filter(L3:L$129,E3:E$129=E2,L3:L$131>L2)))"),0.0) -> 0 | O2: {=XLOOKUP(F2,'Current Week'!B:B,'Current Week'!C:N)} -> 10 | P2: 2 | Q2: ESPN | R2: BYE | T2: bye | U2: bye | W2: 9999 | AA2: =$O2-max($O2:$O$392) -> -2 | AB2: =countif($O1:$O$2,"<"&$O2) -> 0 | AC2: =IFERROR(__xludf.DUMMYFUNCTION("iferror(COUNT(filter($O3:$O$392,$O3:$O$392>$O2)))"),10.0) -> 10 | AD2: =if(AA2=0,1,0) -> 0 | AE2: =$O2-min($O$2:$O2) -> 0 | AF2: =IFERROR(__xludf.DUMMYFUNCTION("iferror(join("","",index(sort(filter($F3:$F$392,$O3:$O$392>$O2),2,false),0,1)))"),"Clemson,Boise State,Georgia,Oklahoma,Appalachian State,Memphis,Ohio State,Utah,LSU,Baylor") -> Clemson,Boise State,Georgia,Oklahoma,Appalachian State,Memphis,Ohio State,Utah,LSU,Baylor | AG2: =IFERROR(__xludf.DUMMYFUNCTION("iferror($O2-max(filter($O2:$O$392,$E2:$E$392=$E$2)))"),-2.0) -> -2 | AH2: =countifs($O1:$O$2,"<"&$O2,$E1:$E$2,$E$2) -> 0 | AI2: =IFERROR(__xludf.DUMMYFUNCTION("iferror(COUNT(filter($O3:$O$392,$O3:$O$392>$O2,$E2:$E$392=$E$2)))"),0.0) -> 0 | AJ2: =if(AG2=0,1,0) -> 0 | AK2: =IFERROR(__xludf.DUMMYFUNCTION("iferror($O2-min(filter($O2:$O$392,$E2:$E$392=$E$2)))"),8.0) -> 8 | AL2: =IFERROR(__xludf.DUMMYFUNCTION("iferror(join("","",index(sort(filter($F3:$F$392,$O3:$O$392>$O2,$E3:$E$392=$E$2),2,false),0,1)))"),"Georgia,LSU") -> Georgia,LSU | AM2: =IFERROR(__xludf.DUMMYFUNCTION("REGEXREPLACE(join("","",unique({let(conf_picked,filter(E$1:E1,D$1:D1=D2), byrow(unique(TRANSPOSe(Teams!$1:$1)),lambda(rw,if(ISERROR(match(rw,conf_picked,0)),rw,))));iferror(if(#REF!,,transpose(split(#REF!,"","",1,1))))})), ""^,"", """")"),"AAC,ACC,Big 12,Big Ten,CUSA,MAC,MWC,Pac12,SEC,Sun Belt,Independent,") -> AAC,ACC,Big 12,Big Ten,CUSA,MAC,MWC,Pac12,SEC,Sun Belt,Independent, | AN2: =IFERROR(__xludf.DUMMYFUNCTION("iferror($O2-max(filter($O2:$O$392,arrayformula(isnumber(FIND($E2:$E$392,AM2))))))"),-2.0) -> -2 | AO2: {=countifs($O1:$O$2,"<"&$O2,isnumber(FIND($E1:$E$2,AM2)),TRUE)} -> 0 | AP2: =IFERROR(__xludf.DUMMYFUNCTION("iferror(COUNT(filter($O3:$O$392,$O3:$O$392>$O2,arrayformula(isnumber(FIND($E3:$E$392,AM2))))))"),10.0) -> 10 | AQ2: =if(AN2=0,1,0) -> 0 | AR2: =IFERROR(__xludf.DUMMYFUNCTION("iferror($O2-min(filter($O2:$O$392,arrayformula(isnumber(FIND($E2:$E$392,AM2))))))"),10.0) -> 10 | AS2: =IFERROR(__xludf.DUMMYFUNCTION("iferror(join("","",index(sort(filter($F3:$F$392,$O3:$O$392>$O2,arrayformula(isnumber(FIND($E3:$E$392,AM2)))),2,false),0,1)))"),"Clemson,Boise State,Georgia,Oklahoma,Appalachian State,Memphis,Ohio State,Utah,LSU,Baylor") -> Clemson,Boise State,Georgia,Oklahoma,Appalachian State,Memphis,Ohio State,Utah,LSU,Baylor
A3: =A2+1 -> 2 | B3: 1 | C3: 2 | D3: ='Draft Order'!B3 -> Nick A. | E3: =if(F3<>"",VLOOKUP(F3,offset('Teams-Conference'!A:B,0,(counta('Draft Order'!B$2:B129)-10)*2),2,0),"") -> ACC | F3: Clemson | H3: =countif(E4:E13,E3) -> 0 | I3: =countif(E4:E25,E3) -> 0 | M3: =IFERROR(__xludf.DUMMYFUNCTION("counta(iferror(filter(L2:L$2,E2:E$2=E3,L2:L$2<L3)))"),0.0) -> 0 | N3: =IFERROR(__xludf.DUMMYFUNCTION("counta(iferror(filter(L4:L$129,E4:E$129=E3,L4:L$131>L3)))"),0.0) -> 0 | O3: {=XLOOKUP(F3,'Current Week'!B:B,'Current Week'!C:N)} -> 12 | P3: 0 | Q3: ABC | R3: (22) Virginia at (3) Clemson | S3: SAT, DEC 7 7:30 PM ET | T3: -29 | U3: 54 | V3: Jeannine | W3: SAT, DEC 7 7:30 PM ET | AA3: =$O3-max($O3:$O$392) -> 0 | AB3: =countif($O2:$O$2,"<"&$O3) -> 1 | AC3: =IFERROR(__xludf.DUMMYFUNCTION("iferror(COUNT(filter($O4:$O$392,$O4:$O$392>$O3)))"),0.0) -> 0 | AD3: =if(AA3=0,1,0) -> 1 | AE3: =$O3-min($O$2:$O3) -> 2 | AF3: =IFERROR(__xludf.DUMMYFUNCTION("iferror(join("","",index(sort(filter($F4:$F$393,$O4:$O$393>$O3),2,false),0,1)))"),"") | AG3: =IFERROR(__xludf.DUMMYFUNCTION("iferror($O3-max(filter($O3:$O$392,$E3:$E$392=$E$2)))"),0.0) -> 0 | AH3: =countifs($O2:$O$2,"<"&$O3,$E2:$E$2,$E$2) -> 1 | AI3: =IFERROR(__xludf.DUMMYFUNCTION("iferror(COUNT(filter($O4:$O$392,$O4:$O$392>$O3,$E3:$E$392=$E$2)))"),0.0) -> 0 | AJ3: =if(AG3=0,1,0) -> 1 | AK3: =IFERROR(__xludf.DUMMYFUNCTION("iferror($O3-min(filter($O3:$O$392,$E3:$E$392=$E$2)))"),10.0) -> 10 | AL3: =IFERROR(__xludf.DUMMYFUNCTION("iferror(join("","",index(sort(filter($F4:$F$392,$O4:$O$392>$O3,$E4:$E$392=$E$2),2,false),0,1)))"),"") | AM3: =IFERROR(__xludf.DUMMYFUNCTION("REGEXREPLACE(join("","",unique({let(conf_picked,filter(E$1:E2,D$1:D2=D3), byrow(unique(TRANSPOSe(Teams!$1:$1)),lambda(rw,if(ISERROR(match(rw,conf_picked,0)),rw,))));iferror(if(#REF!,,transpose(split(#REF!,"","",1,1))))})), ""^,"", """")"),"AAC,ACC,Big 12,Big Ten,CUSA,MAC,MWC,Pac12,SEC,Sun Belt,Independent,") -> AAC,ACC,Big 12,Big Ten,CUSA,MAC,MWC,Pac12,SEC,Sun Belt,Independent, | AN3: =IFERROR(__xludf.DUMMYFUNCTION("iferror($O3-max(filter($O3:$O$392,arrayformula(isnumber(FIND($E3:$E$392,AM3))))))"),0.0) -> 0 | AO3: {=countifs($O2:$O$2,"<"&$O3,isnumber(FIND($E2:$E$2,AM3)),TRUE)} -> 1 | AP3: =IFERROR(__xludf.DUMMYFUNCTION("iferror(COUNT(filter($O4:$O$392,$O4:$O$392>$O3,arrayformula(isnumber(FIND($E4:$E$392,AM3))))))"),0.0) -> 0 | AQ3: =if(AN3=0,1,0) -> 1 | AR3: =IFERROR(__xludf.DUMMYFUNCTION("iferror($O3-min(filter($O3:$O$392,arrayformula(isnumber(FIND($E3:$E$392,AM3))))))"),12.0) -> 12 | AS3: =IFERROR(__xludf.DUMMYFUNCTION("iferror(join("","",index(sort(filter($F4:$F$392,$O4:$O$392>$O3,arrayformula(isnumber(FIND($E4:$E$392,AM3)))),2,false),0,1)))"),"")
A4: =A3+1 -> 3 | B4: 1 | C4: 3 | D4: ='Draft Order'!B4 -> Gary | E4: =if(F4<>"",VLOOKUP(F4,offset('Teams-Conference'!A:B,0,(counta('Draft Order'!B$2:B129)-10)*2),2,0),"") -> MAC | F4: Ohio | H4: =countif(E5:E14,E4) -> 0 | I4: =countif(E5:E26,E4) -> 2 | M4: =IFERROR(__xludf.DUMMYFUNCTION("counta(iferror(filter(L$2:L3,E$2:E3=E4,L$2:L3<L4)))"),0.0) -> 0 | N4: =IFERROR(__xludf.DUMMYFUNCTION("counta(iferror(filter(L5:L$129,E5:E$129=E4,L5:L$131>L4)))"),0.0) -> 0 | O4: {=XLOOKUP(F4,'Current Week'!B:B,'Current Week'!C:N)} -> 6 | P4: 6 | Q4: ESPN2 | R4: BYE | T4: bye | U4: bye | W4: 9999 | AA4: =$O4-max($O4:$O$392) -> -6 | AB4: =countif($O3:$O$2,"<"&$O4) -> 0 | AC4: =IFERROR(__xludf.DUMMYFUNCTION("iferror(COUNT(filter($O5:$O$392,$O5:$O$392>$O4)))"),60.0) -> 60 | AD4: =if(AA4=0,1,0) -> 0 | AE4: =$O4-min($O$2:$O4) -> 0 | AF4: =IFERROR(__xludf.DUMMYFUNCTION("iferror(join("","",index(sort(filter($F5:$F$393,$O5:$O$393>$O4),2,false),0,1)))"),"Boise State,Georgia,Oklahoma,Appalachian State,UCF,Washington,Memphis,Ohio State,Utah,Michigan,Texas,Oregon,Western Michigan,Georgia Southern,Notre Dame,San Diego State,Utah State,Air Force,Cincinnati,Nevada,Florida Atlantic,Wyoming,Temple,Hawaii,Buffalo,"&"SMU,Miami-OH,Navy,Iowa State,Virginia Tech,LSU,Marshall,Wisconsin,Penn State,Georgia State,USC,Oklahoma State,Auburn,Louisiana Tech,Southern Mississippi,Florida,Baylor,UAB,Arizona State,California,BYU,Iowa,Texas A&M,Minnesota,Kansas State,Indiana,Wake For"&"est,Western Kentucky,Virginia,Charlotte,Pittsburgh,Tennessee,Kentucky,Central Michigan,Louisville") -> Boise State,Georgia,Oklahoma,Appalachian State,UCF,Washington,Memphis,Ohio State,Utah,Michigan,Texas,Oregon,Western Michigan,Georgia Southern,Notre Dame,San Diego State,Utah State,Air Force,Cincinnati,Nevada,Florida Atlantic,Wyoming,Temple,Hawaii,Buffalo,SMU,Miami-OH,Navy,Iowa State,Virginia Tech,LSU,Marshall,Wisconsin,Penn State,Georgia State,USC,Oklahoma State,Auburn,Louisiana Tech,Southern Mississippi,Florida,Baylor,UAB,Arizona State,California,BYU,Iowa,Texas A&M,Minnesota,Kansas State,Indiana,Wake Forest,Western Kentucky,Virginia,Charlotte,Pittsburgh,Tennessee,Kentucky,Central Michigan,Louisville | AG4: =IFERROR(__xludf.DUMMYFUNCTION("iferror($O4-max(filter($O4:$O$392,$E4:$E$392=$E$2)))"),-6.0) -> -6 | AH4: =countifs($O3:$O$2,"<"&$O4,$E3:$E$2,$E$2) -> 0 | AI4: =IFERROR(__xludf.DUMMYFUNCTION("iferror(COUNT(filter($O5:$O$392,$O5:$O$392>$O4,$E4:$E$392=$E$2)))"),0.0) -> 0 | AJ4: =if(AG4=0,1,0) -> 0 | AK4: =IFERROR(__xludf.DUMMYFUNCTION("iferror($O4-min(filter($O4:$O$392,$E4:$E$392=$E$2)))"),4.0) -> 4 | AL4: =IFERROR(__xludf.DUMMYFUNCTION("iferror(join("","",index(sort(filter($F5:$F$392,$O5:$O$392>$O4,$E5:$E$392=$E$2),2,false),0,1)))"),"Georgia,LSU,Auburn,Florida,Texas A&M,Tennessee,Kentucky") -> Georgia,LSU,Auburn,Florida,Texas A&M,Tennessee,Kentucky | AM4: =IFERROR(__xludf.DUMMYFUNCTION("REGEXREPLACE(join("","",unique({let(conf_picked,filter(E$1:E3,D$1:D3=D4), byrow(unique(TRANSPOSe(Teams!$1:$1)),lambda(rw,if(ISERROR(match(rw,conf_picked,0)),rw,))));iferror(if(#REF!,,transpose(split(#REF!,"","",1,1))))})), ""^,"", """")"),"AAC,ACC,Big 12,Big Ten,CUSA,MAC,MWC,Pac12,SEC,Sun Belt,Independent,") -> AAC,ACC,Big 12,Big Ten,CUSA,MAC,MWC,Pac12,SEC,Sun Belt,Independent, | AN4: =IFERROR(__xludf.DUMMYFUNCTION("iferror($O4-max(filter($O4:$O$392,arrayformula(isnumber(FIND($E4:$E$392,AM4))))))"),-6.0) -> -6 | AO4: {=countifs($O$2:$O3,"<"&$O4,isnumber(FIND($E$2:$E3,AM4)),TRUE)} -> 0 | AP4: =IFERROR(__xludf.DUMMYFUNCTION("iferror(COUNT(filter($O5:$O$392,$O5:$O$392>$O4,arrayformula(isnumber(FIND($E5:$E$392,AM4))))))"),60.0) -> 60 | AQ4: =if(AN4=0,1,0) -> 0 | AR4: =IFERROR(__xludf.DUMMYFUNCTION("iferror($O4-min(filter($O4:$O$392,arrayformula(isnumber(FIND($E4:$E$392,AM4))))))"),6.0) -> 6 | AS4: =IFERROR(__xludf.DUMMYFUNCTION("iferror(join("","",index(sort(filter($F5:$F$392,$O5:$O$392>$O4,arrayformula(isnumber(FIND($E5:$E$392,AM4)))),2,false),0,1)))"),"Boise State,Georgia,Oklahoma,Appalachian State,UCF,Washington,Memphis,Ohio State,Utah,Michigan,Texas,Oregon,Western Michigan,Georgia Southern,Notre Dame,San Diego State,Utah State,Air Force,Cincinnati,Nevada,Florida Atlantic,Wyoming,Temple,Hawaii,Buffalo,"&"SMU,Miami-OH,Navy,Iowa State,Virginia Tech,LSU,Marshall,Wisconsin,Penn State,Georgia State,USC,Oklahoma State,Auburn,Louisiana Tech,Southern Mississippi,Florida,Baylor,UAB,Arizona State,California,BYU,Iowa,Texas A&M,Minnesota,Kansas State,Indiana,Wake For"&"est,Western Kentucky,Virginia,Charlotte,Pittsburgh,Tennessee,Kentucky,Central Michigan,Louisville") -> Boise State,Georgia,Oklahoma,Appalachian State,UCF,Washington,Memphis,Ohio State,Utah,Michigan,Texas,Oregon,Western Michigan,Georgia Southern,Notre Dame,San Diego State,Utah State,Air Force,Cincinnati,Nevada,Florida Atlantic,Wyoming,Temple,Hawaii,Buffalo,SMU,Miami-OH,Navy,Iowa State,Virginia Tech,LSU,Marshall,Wisconsin,Penn State,Georgia State,USC,Oklahoma State,Auburn,Louisiana Tech,Southern Mississippi,Florida,Baylor,UAB,Arizona State,California,BYU,Iowa,Texas A&M,Minnesota,Kansas State,Indiana,Wake Forest,Western Kentucky,Virginia,Charlotte,Pittsburgh,Tennessee,Kentucky,Central Michigan,Louisville
A5: =A4+1 -> 4 | B5: 1 | C5: 4 | D5: ='Draft Order'!B5 -> Janice/Mike | E5: =if(F5<>"",VLOOKUP(F5,offset('Teams-Conference'!A:B,0,(counta('Draft Order'!B$2:B129)-10)*2),2,0),"") -> MWC | F5: Boise State | H5: =countif(E6:E15,E5) -> 0 | I5: =countif(E6:E27,E5) -> 2 | M5: =IFERROR(__xludf.DUMMYFUNCTION("counta(iferror(filter(L$2:L4,E$2:E4=E5,L$2:L4<L5)))"),0.0) -> 0 | N5: =IFERROR(__xludf.DUMMYFUNCTION("counta(iferror(filter(L6:L$129,E6:E$129=E5,L6:L$131>L5)))"),0.0) -> 0 | O5: {=XLOOKUP(F5,'Current Week'!B:B,'Current Week'!C:N)} -> 11 | P5: 1 | Q5: ESPN2 | R5: Hawaii at (17) Boise State | S5: SAT, DEC 7 4:00 PM ET | T5: -13½ | U5: 64 | V5: Vu | W5: SAT, DEC 7 4:00 PM ET | AA5: =$O5-max($O5:$O$392) -> -1 | AB5: =countif($O4:$O$2,"<"&$O5) -> 2 | AC5: =IFERROR(__xludf.DUMMYFUNCTION("iferror(COUNT(filter($O6:$O$392,$O6:$O$392>$O5)))"),2.0) -> 2 | AD5: =if(AA5=0,1,0) -> 0 | AE5: =$O5-min($O$2:$O5) -> 5 | AF5: =IFERROR(__xludf.DUMMYFUNCTION("iferror(join("","",index(sort(filter($F6:$F$393,$O6:$O$393>$O5),2,false),0,1)))"),"Ohio State,LSU") -> Ohio State,LSU | AG5: =IFERROR(__xludf.DUMMYFUNCTION("iferror($O5-max(filter($O5:$O$392,$E5:$E$392=$E$2)))"),-1.0) -> -1 | AH5: =countifs($O4:$O$2,"<"&$O5,$E4:$E$2,$E$2) -> 1 | AI5: =IFERROR(__xludf.DUMMYFUNCTION("iferror(COUNT(filter($O6:$O$392,$O6:$O$392>$O5,$E5:$E$392=$E$2)))"),0.0) -> 0 | AJ5: =if(AG5=0,1,0) -> 0 | AK5: =IFERROR(__xludf.DUMMYFUNCTION("iferror($O5-min(filter($O5:$O$392,$E5:$E$392=$E$2)))"),9.0) -> 9 | AL5: =IFERROR(__xludf.DUMMYFUNCTION("iferror(join("","",index(sort(filter($F6:$F$392,$O6:$O$392>$O5,$E6:$E$392=$E$2),2,false),0,1)))"),"LSU") -> LSU | AM5: =IFERROR(__xludf.DUMMYFUNCTION("REGEXREPLACE(join("","",unique({let(conf_picked,filter(E$1:E4,D$1:D4=D5), byrow(unique(TRANSPOSe(Teams!$1:$1)),lambda(rw,if(ISERROR(match(rw,conf_picked,0)),rw,))));iferror(if(#REF!,,transpose(split(#REF!,"","",1,1))))})), ""^,"", """")"),"AAC,ACC,Big 12,Big Ten,CUSA,MAC,MWC,Pac12,SEC,Sun Belt,Independent,") -> AAC,ACC,Big 12,Big Ten,CUSA,MAC,MWC,Pac12,SEC,Sun Belt,Independent, | AN5: =IFERROR(__xludf.DUMMYFUNCTION("iferror($O5-max(filter($O5:$O$392,arrayformula(isnumber(FIND($E5:$E$392,AM5))))))"),-1.0) -> -1 | AO5: {=countifs($O$2:$O4,"<"&$O5,isnumber(FIND($E$2:$E4,AM5)),TRUE)} -> 2 | AP5: =IFERROR(__xludf.DUMMYFUNCTION("iferror(COUNT(filter($O6:$O$392,$O6:$O$392>$O5,arrayformula(isnumber(FIND($E6:$E$392,AM5))))))"),2.0) -> 2 | AQ5: =if(AN5=0,1,0) -> 0 | AR5: =IFERROR(__xludf.DUMMYFUNCTION("iferror($O5-min(filter($O5:$O$392,arrayformula(isnumber(FIND($E5:$E$392,AM5))))))"),11.0) -> 11 | AS5: =IFERROR(__xludf.DUMMYFUNCTION("iferror(join("","",index(sort(filter($F6:$F$392,$O6:$O$392>$O5,arrayformula(isnumber(FIND($E6:$E$392,AM5)))),2,false),0,1)))"),"Ohio State,LSU") -> Ohio State,LSU
A6: =A5+1 -> 5 | B6: 1 | C6: 5 | D6: ='Draft Order'!B6 -> Nico | E6: =if(F6<>"",VLOOKUP(F6,offset('Teams-Conference'!A:B,0,(counta('Draft Order'!B$2:B129)-10)*2),2,0),"") -> SEC | F6: Georgia | H6: =countif(E7:E16,E6) -> 0 | I6: =countif(E7:E28,E6) -> 0 | M6: =IFERROR(__xludf.DUMMYFUNCTION("counta(iferror(filter(L$2:L5,E$2:E5=E6,L$2:L5<L6)))"),0.0) -> 0 | N6: =IFERROR(__xludf.DUMMYFUNCTION("counta(iferror(filter(L7:L$129,E7:E$129=E6,L7:L$131>L6)))"),0.0) -> 0 | O6: {=XLOOKUP(F6,'Current Week'!B:B,'Current Week'!C:N)} -> 11 | P6: 1 | Q6: CBS | R6: (4) Georgia at (1) LSU | S6: SAT, DEC 7 4:00 PM ET | T6: 7½ +0 | U6: 54½ | V6: Nick A. | W6: SAT, DEC 7 4:00 PM ET | AA6: =$O6-max($O6:$O$392) -> -1 | AB6: =countif($O5:$O$2,"<"&$O6) -> 2 | AC6: =IFERROR(__xludf.DUMMYFUNCTION("iferror(COUNT(filter($O7:$O$392,$O7:$O$392>$O6)))"),2.0) -> 2 | AD6: =if(AA6=0,1,0) -> 0 | AE6: =$O6-min($O$2:$O6) -> 5 | AF6: =IFERROR(__xludf.DUMMYFUNCTION("iferror(join("","",index(sort(filter($F7:$F$393,$O7:$O$393>$O6),2,false),0,1)))"),"Ohio State,LSU") -> Ohio State,LSU | AG6: =IFERROR(__xludf.DUMMYFUNCTION("iferror($O6-max(filter($O6:$O$392,$E6:$E$392=$E$2)))"),-1.0) -> -1 | AH6: =countifs($O5:$O$2,"<"&$O6,$E5:$E$2,$E$2) -> 1 | AI6: =IFERROR(__xludf.DUMMYFUNCTION("iferror(COUNT(filter($O7:$O$392,$O7:$O$392>$O6,$E6:$E$392=$E$2)))"),0.0) -> 0 | AJ6: =if(AG6=0,1,0) -> 0 | AK6: =IFERROR(__xludf.DUMMYFUNCTION("iferror($O6-min(filter($O6:$O$392,$E6:$E$392=$E$2)))"),9.0) -> 9 | AL6: =IFERROR(__xludf.DUMMYFUNCTION("iferror(join("","",index(sort(filter($F7:$F$392,$O7:$O$392>$O6,$E7:$E$392=$E$2),2,false),0,1)))"),"LSU") -> LSU | AM6: =IFERROR(__xludf.DUMMYFUNCTION("REGEXREPLACE(join("","",unique({let(conf_picked,filter(E$1:E5,D$1:D5=D6), byrow(unique(TRANSPOSe(Teams!$1:$1)),lambda(rw,if(ISERROR(match(rw,conf_picked,0)),rw,))));iferror(if(#REF!,,transpose(split(#REF!,"","",1,1))))})), ""^,"", """")"),"AAC,ACC,Big 12,Big Ten,CUSA,MAC,MWC,Pac12,SEC,Sun Belt,Independent,") -> AAC,ACC,Big 12,Big Ten,CUSA,MAC,MWC,Pac12,SEC,Sun Belt,Independent, | AN6: =IFERROR(__xludf.DUMMYFUNCTION("iferror($O6-max(filter($O6:$O$392,arrayformula(isnumber(FIND($E6:$E$392,AM6))))))"),-1.0) -> -1 | AO6: {=countifs($O$2:$O5,"<"&$O6,isnumber(FIND($E$2:$E5,AM6)),TRUE)} -> 2 | AP6: =IFERROR(__xludf.DUMMYFUNCTION("iferror(COUNT(filter($O7:$O$392,$O7:$O$392>$O6,arrayformula(isnumber(FIND($E7:$E$392,AM6))))))"),2.0) -> 2 | AQ6: =if(AN6=0,1,0) -> 0 | AR6: =IFERROR(__xludf.DUMMYFUNCTION("iferror($O6-min(filter($O6:$O$392,arrayformula(isnumber(FIND($E6:$E$392,AM6))))))"),11.0) -> 11 | AS6: =IFERROR(__xludf.DUMMYFUNCTION("iferror(join("","",index(sort(filter($F7:$F$392,$O7:$O$392>$O6,arrayformula(isnumber(FIND($E7:$E$392,AM6)))),2,false),0,1)))"),"Ohio State,LSU") -> Ohio State,LSU
A7: =A6+1 -> 6 | B7: 1 | C7: 6 | D7: ='Draft Order'!B7 -> Jeannine | E7: =if(F7<>"",VLOOKUP(F7,offset('Teams-Conference'!A:B,0,(counta('Draft Order'!B$2:B129)-10)*2),2,0),"") -> Big 12 | F7: Oklahoma | H7: =countif(E8:E17,E7) -> 0 | I7: =countif(E8:E29,E7) -> 2 | M7: =IFERROR(__xludf.DUMMYFUNCTION("counta(iferror(filter(L$2:L6,E$2:E6=E7,L$2:L6<L7)))"),0.0) -> 0 | N7: =IFERROR(__xludf.DUMMYFUNCTION("counta(iferror(filter(L8:L$129,E8:E$129=E7,L8:L$131>L7)))"),0.0) -> 0 | O7: {=XLOOKUP(F7,'Current Week'!B:B,'Current Week'!C:N)} -> 11 | P7: 1 | Q7: ABC | R7: (8) Baylor at (6) Oklahoma | S7: SAT, DEC 7 12:00 PM ET | T7: -9 | U7: 62½ | V7: Justin | W7: SAT, DEC 7 12:00 PM ET | AA7: =$O7-max($O7:$O$392) -> -1 | AB7: =countif($O6:$O$2,"<"&$O7) -> 2 | AC7: =IFERROR(__xludf.DUMMYFUNCTION("iferror(COUNT(filter($O8:$O$392,$O8:$O$392>$O7)))"),2.0) -> 2 | AD7: =if(AA7=0,1,0) -> 0 | AE7: =$O7-min($O$2:$O7) -> 5 | AF7: =IFERROR(__xludf.DUMMYFUNCTION("iferror(join("","",index(sort(filter($F8:$F$393,$O8:$O$393>$O7),2,false),0,1)))"),"Ohio State,LSU") -> Ohio State,LSU | AG7: =IFERROR(__xludf.DUMMYFUNCTION("iferror($O7-max(filter($O7:$O$392,$E7:$E$392=$E$2)))"),-1.0) -> -1 | AH7: =countifs($O6:$O$2,"<"&$O7,$E6:$E$2,$E$2) -> 1 | AI7: =IFERROR(__xludf.DUMMYFUNCTION("iferror(COUNT(filter($O8:$O$392,$O8:$O$392>$O7,$E7:$E$392=$E$2)))"),0.0) -> 0 | AJ7: =if(AG7=0,1,0) -> 0 | AK7: =IFERROR(__xludf.DUMMYFUNCTION("iferror($O7-min(filter($O7:$O$392,$E7:$E$392=$E$2)))"),9.0) -> 9 | AL7: =IFERROR(__xludf.DUMMYFUNCTION("iferror(join("","",index(sort(filter($F8:$F$392,$O8:$O$392>$O7,$E8:$E$392=$E$2),2,false),0,1)))"),"LSU") -> LSU | AM7: =IFERROR(__xludf.DUMMYFUNCTION("REGEXREPLACE(join("","",unique({let(conf_picked,filter(E$1:E6,D$1:D6=D7), byrow(unique(TRANSPOSe(Teams!$1:$1)),lambda(rw,if(ISERROR(match(rw,conf_picked,0)),rw,))));iferror(if(#REF!,,transpose(split(#REF!,"","",1,1))))})), ""^,"", """")"),"AAC,ACC,Big 12,Big Ten,CUSA,MAC,MWC,Pac12,SEC,Sun Belt,Independent,") -> AAC,ACC,Big 12,Big Ten,CUSA,MAC,MWC,Pac12,SEC,Sun Belt,Independent, | AN7: =IFERROR(__xludf.DUMMYFUNCTION("iferror($O7-max(filter($O7:$O$392,arrayformula(isnumber(FIND($E7:$E$392,AM7))))))"),-1.0) -> -1 | AO7: {=countifs($O$2:$O6,"<"&$O7,isnumber(FIND($E$2:$E6,AM7)),TRUE)} -> 2 | AP7: =IFERROR(__xludf.DUMMYFUNCTION("iferror(COUNT(filter($O8:$O$392,$O8:$O$392>$O7,arrayformula(isnumber(FIND($E8:$E$392,AM7))))))"),2.0) -> 2 | AQ7: =if(AN7=0,1,0) -> 0 | AR7: =IFERROR(__xludf.DUMMYFUNCTION("iferror($O7-min(filter($O7:$O$392,arrayformula(isnumber(FIND($E7:$E$392,AM7))))))"),11.0) -> 11 | AS7: =IFERROR(__xludf.DUMMYFUNCTION("iferror(join("","",index(sort(filter($F8:$F$392,$O8:$O$392>$O7,arrayformula(isnumber(FIND($E8:$E$392,AM7)))),2,false),0,1)))"),"Ohio State,LSU") -> Ohio State,LSU
A8: =A7+1 -> 7 | B8: 1 | C8: 7 | D8: ='Draft Order'!B8 -> Justin | E8: =if(F8<>"",VLOOKUP(F8,offset('Teams-Conference'!A:B,0,(counta('Draft Order'!B$2:B129)-10)*2),2,0),"") -> Sun Belt | F8: Appalachian State | H8: =countif(E9:E18,E8) -> 2 | I8: =countif(E9:E30,E8) -> 5 | M8: =IFERROR(__xludf.DUMMYFUNCTION("counta(iferror(filter(L$2:L7,E$2:E7=E8,L$2:L7<L8)))"),0.0) -> 0 | N8: =IFERROR(__xludf.DUMMYFUNCTION("counta(iferror(filter(L9:L$129,E9:E$129=E8,L9:L$131>L8)))"),0.0) -> 0 | O8: {=XLOOKUP(F8,'Current Week'!B:B,'Current Week'!C:N)} -> 11 | P8: 1 | Q8: ESPNU | R8: UL Lafayette at (20) Appalachian State | S8: SAT, DEC 7 12:00 PM ET | T8: -6½ | U8: 56 | V8: Gary | W8: SAT, DEC 7 12:00 PM ET | AA8: =$O8-max($O8:$O$392) -> -1 | AB8: =countif($O7:$O$2,"<"&$O8) -> 2 | AC8: =IFERROR(__xludf.DUMMYFUNCTION("iferror(COUNT(filter($O9:$O$392,$O9:$O$392>$O8)))"),2.0) -> 2 | AD8: =if(AA8=0,1,0) -> 0 | AE8: =$O8-min($O$2:$O8) -> 5 | AF8: =IFERROR(__xludf.DUMMYFUNCTION("iferror(join("","",index(sort(filter($F9:$F$393,$O9:$O$393>$O8),2,false),0,1)))"),"Ohio State,LSU") -> Ohio State,LSU | AG8: =IFERROR(__xludf.DUMMYFUNCTION("iferror($O8-max(filter($O8:$O$392,$E8:$E$392=$E$2)))"),-1.0) -> -1 | AH8: =countifs($O7:$O$2,"<"&$O8,$E7:$E$2,$E$2) -> 1 | AI8: =IFERROR(__xludf.DUMMYFUNCTION("iferror(COUNT(filter($O9:$O$392,$O9:$O$392>$O8,$E8:$E$392=$E$2)))"),0.0) -> 0 | AJ8: =if(AG8=0,1,0) -> 0 | AK8: =IFERROR(__xludf.DUMMYFUNCTION("iferror($O8-min(filter($O8:$O$392,$E8:$E$392=$E$2)))"),9.0) -> 9 | AL8: =IFERROR(__xludf.DUMMYFUNCTION("iferror(join("","",index(sort(filter($F9:$F$392,$O9:$O$392>$O8,$E9:$E$392=$E$2),2,false),0,1)))"),"LSU") -> LSU | AM8: =IFERROR(__xludf.DUMMYFUNCTION("REGEXREPLACE(join("","",unique({let(conf_picked,filter(E$1:E7,D$1:D7=D8), byrow(unique(TRANSPOSe(Teams!$1:$1)),lambda(rw,if(ISERROR(match(rw,conf_picked,0)),rw,))));iferror(if(#REF!,,transpose(split(#REF!,"","",1,1))))})), ""^,"", """")"),"AAC,ACC,Big 12,Big Ten,CUSA,MAC,MWC,Pac12,SEC,Sun Belt,Independent,") -> AAC,ACC,Big 12,Big Ten,CUSA,MAC,MWC,Pac12,SEC,Sun Belt,Independent, | AN8: =IFERROR(__xludf.DUMMYFUNCTION("iferror($O8-max(filter($O8:$O$392,arrayformula(isnumber(FIND($E8:$E$392,AM8))))))"),-1.0) -> -1 | AO8: {=countifs($O$2:$O7,"<"&$O8,isnumber(FIND($E$2:$E7,AM8)),TRUE)} -> 2 | AP8: =IFERROR(__xludf.DUMMYFUNCTION("iferror(COUNT(filter($O9:$O$392,$O9:$O$392>$O8,arrayformula(isnumber(FIND($E9:$E$392,AM8))))))"),2.0) -> 2 | AQ8: =if(AN8=0,1,0) -> 0 | AR8: =IFERROR(__xludf.DUMMYFUNCTION("iferror($O8-min(filter($O8:$O$392,arrayformula(isnumber(FIND($E8:$E$392,AM8))))))"),11.0) -> 11 | AS8: =IFERROR(__xludf.DUMMYFUNCTION("iferror(join("","",index(sort(filter($F9:$F$392,$O9:$O$392>$O8,arrayformula(isnumber(FIND($E9:$E$392,AM8)))),2,false),0,1)))"),"Ohio State,LSU") -> Ohio State,LSU
A9: =A8+1 -> 8 | B9: 1 | C9: 8 | D9: ='Draft Order'!B9 -> Adam | E9: =if(F9<>"",VLOOKUP(F9,offset('Teams-Conference'!A:B,0,(counta('Draft Order'!B$2:B129)-10)*2),2,0),"") -> AAC | F9: UCF | H9: =countif(E10:E19,E9) -> 1 | I9: =countif(E10:E31,E9) -> 2 | M9: =IFERROR(__xludf.DUMMYFUNCTION("counta(iferror(filter(L$2:L8,E$2:E8=E9,L$2:L8<L9)))"),0.0) -> 0 | N9: =IFERROR(__xludf.DUMMYFUNCTION("counta(iferror(filter(L10:L$129,E10:E$129=E9,L10:L$131>L9)))"),0.0) -> 0 | O9: {=XLOOKUP(F9,'Current Week'!B:B,'Current Week'!C:N)} -> 9 | P9: 3 | Q9: NA | R9: BYE | T9: bye | U9: bye | W9: 9999 | AA9: =$O9-max($O9:$O$392) -> -3 | AB9: =countif($O8:$O$2,"<"&$O9) -> 1 | AC9: =IFERROR(__xludf.DUMMYFUNCTION("iferror(COUNT(filter($O10:$O$392,$O10:$O$392>$O9)))"),15.0) -> 15 | AD9: =if(AA9=0,1,0) -> 0 | AE9: =$O9-min($O$2:$O9) -> 3 | AF9: =IFERROR(__xludf.DUMMYFUNCTION("iferror(join("","",index(sort(filter($F10:$F$393,$O10:$O$393>$O9),2,false),0,1)))"),"Memphis,Ohio State,Utah,Oregon,Notre Dame,Air Force,Cincinnati,SMU,Navy,LSU,Wisconsin,Penn State,Florida,Baylor,Minnesota") -> Memphis,Ohio State,Utah,Oregon,Notre Dame,Air Force,Cincinnati,SMU,Navy,LSU,Wisconsin,Penn State,Florida,Baylor,Minnesota | AG9: =IFERROR(__xludf.DUMMYFUNCTION("iferror($O9-max(filter($O9:$O$392,$E9:$E$392=$E$2)))"),-3.0) -> -3 | AH9: =countifs($O8:$O$2,"<"&$O9,$E8:$E$2,$E$2) -> 0 | AI9: =IFERROR(__xludf.DUMMYFUNCTION("iferror(COUNT(filter($O10:$O$392,$O10:$O$392>$O9,$E9:$E$392=$E$2)))"),0.0) -> 0 | AJ9: =if(AG9=0,1,0) -> 0 | AK9: =IFERROR(__xludf.DUMMYFUNCTION("iferror($O9-min(filter($O9:$O$392,$E9:$E$392=$E$2)))"),7.0) -> 7 | AL9: =IFERROR(__xludf.DUMMYFUNCTION("iferror(join("","",index(sort(filter($F10:$F$392,$O10:$O$392>$O9,$E10:$E$392=$E$2),2,false),0,1)))"),"LSU,Florida") -> LSU,Florida | AM9: =IFERROR(__xludf.DUMMYFUNCTION("REGEXREPLACE(join("","",unique({let(conf_picked,filter(E$1:E8,D$1:D8=D9), byrow(unique(TRANSPOSe(Teams!$1:$1)),lambda(rw,if(ISERROR(match(rw,conf_picked,0)),rw,))));iferror(if(#REF!,,transpose(split(#REF!,"","",1,1))))})), ""^,"", """")"),"AAC,ACC,Big 12,Big Ten,CUSA,MAC,MWC,Pac12,SEC,Sun Belt,Independent,") -> AAC,ACC,Big 12,Big Ten,CUSA,MAC,MWC,Pac12,SEC,Sun Belt,Independent, | AN9: =IFERROR(__xludf.DUMMYFUNCTION("iferror($O9-max(filter($O9:$O$392,arrayformula(isnumber(FIND($E9:$E$392,AM9))))))"),-3.0) -> -3 | AO9: {=countifs($O$2:$O8,"<"&$O9,isnumber(FIND($E$2:$E8,AM9)),TRUE)} -> 1 | AP9: =IFERROR(__xludf.DUMMYFUNCTION("iferror(COUNT(filter($O10:$O$392,$O10:$O$392>$O9,arrayformula(isnumber(FIND($E10:$E$392,AM9))))))"),15.0) -> 15 | AQ9: =if(AN9=0,1,0) -> 0 | AR9: =IFERROR(__xludf.DUMMYFUNCTION("iferror($O9-min(filter($O9:$O$392,arrayformula(isnumber(FIND($E9:$E$392,AM9))))))"),9.0) -> 9 | AS9: =IFERROR(__xludf.DUMMYFUNCTION("iferror(join("","",index(sort(filter($F10:$F$392,$O10:$O$392>$O9,arrayformula(isnumber(FIND($E10:$E$392,AM9)))),2,false),0,1)))"),"Memphis,Ohio State,Utah,Oregon,Notre Dame,Air Force,Cincinnati,SMU,Navy,LSU,Wisconsin,Penn State,Florida,Baylor,Minnesota") -> Memphis,Ohio State,Utah,Oregon,Notre Dame,Air Force,Cincinnati,SMU,Navy,LSU,Wisconsin,Penn State,Florida,Baylor,Minnesota
A10: =A9+1 -> 9 | B10: 1 | C10: 9 | D10: ='Draft Order'!B10 -> Vu | E10: =if(F10<>"",VLOOKUP(F10,offset('Teams-Conference'!A:B,0,(counta('Draft Order'!B$2:B129)-10)*2),2,0),"") -> Pac12 | F10: Washington | H10: =countif(E11:E20,E10) -> 2 | I10: =countif(E11:E32,E10) -> 3 | M10: =IFERROR(__xludf.DUMMYFUNCTION("counta(iferror(filter(L$2:L10,E$2:E10=E10,L$2:L10<L10)))"),0.0) -> 0 | N10: =IFERROR(__xludf.DUMMYFUNCTION("counta(iferror(filter(L11:L$129,E11:E$129=E10,L11:L$131>L10)))"),0.0) -> 0 | O10: {=XLOOKUP(F10,'Current Week'!B:B,'Current Week'!C:N)} -> 7 | P10: 5 | Q10: NA | R10: BYE | T10: bye | U10: bye | W10: 9999 | AA10: =$O10-max($O10:$O$392) -> -5 | AB10: =countif($O9:$O$2,"<"&$O10) -> 1 | AC10: =IFERROR(__xludf.DUMMYFUNCTION("iferror(COUNT(filter($O11:$O$392,$O11:$O$392>$O10)))"),35.0) -> 35 | AD10: =if(AA10=0,1,0) -> 0 | AE10: =$O10-min($O$2:$O10) -> 1 | AF10: =IFERROR(__xludf.DUMMYFUNCTION("iferror(join("","",index(sort(filter($F11:$F$393,$O11:$O$393>$O10),2,false),0,1)))"),"Memphis,Ohio State,Utah,Michigan,Oregon,Notre Dame,San Diego State,Air Force,Cincinnati,Florida Atlantic,Temple,Hawaii,SMU,Navy,Virginia Tech,LSU,Marshall,Wisconsin,Penn State,USC,Oklahoma State,Auburn,Louisiana Tech,Florida,Baylor,UAB,Iowa,Minnesota,Kans"&"as State,Indiana,Wake Forest,Western Kentucky,Virginia,Central Michigan,Louisville") -> Memphis,Ohio State,Utah,Michigan,Oregon,Notre Dame,San Diego State,Air Force,Cincinnati,Florida Atlantic,Temple,Hawaii,SMU,Navy,Virginia Tech,LSU,Marshall,Wisconsin,Penn State,USC,Oklahoma State,Auburn,Louisiana Tech,Florida,Baylor,UAB,Iowa,Minnesota,Kansas State,Indiana,Wake Forest,Western Kentucky,Virginia,Central Michigan,Louisville | AG10: =IFERROR(__xludf.DUMMYFUNCTION("iferror($O10-max(filter($O10:$O$392,$E10:$E$392=$E$2)))"),-5.0) -> -5 | AH10: =countifs($O9:$O$2,"<"&$O10,$E9:$E$2,$E$2) -> 0 | AI10: =IFERROR(__xludf.DUMMYFUNCTION("iferror(COUNT(filter($O11:$O$392,$O11:$O$392>$O10,$E10:$E$392=$E$2)))"),0.0) -> 0 | AJ10: =if(AG10=0,1,0) -> 0 | AK10: =IFERROR(__xludf.DUMMYFUNCTION("iferror($O10-min(filter($O10:$O$392,$E10:$E$392=$E$2)))"),5.0) -> 5 | AL10: =IFERROR(__xludf.DUMMYFUNCTION("iferror(join("","",index(sort(filter($F11:$F$392,$O11:$O$392>$O10,$E11:$E$392=$E$2),2,false),0,1)))"),"LSU,Auburn,Florida") -> LSU,Auburn,Florida | AM10: =IFERROR(__xludf.DUMMYFUNCTION("REGEXREPLACE(join("","",unique({let(conf_picked,filter(E$1:E9,D$1:D9=D10), byrow(unique(TRANSPOSe(Teams!$1:$1)),lambda(rw,if(ISERROR(match(rw,conf_picked,0)),rw,))));iferror(if(#REF!,,transpose(split(#REF!,"","",1,1))))})), ""^,"", """")"),"AAC,ACC,Big 12,Big Ten,CUSA,MAC,MWC,Pac12,SEC,Sun Belt,Independent,") -> AAC,ACC,Big 12,Big Ten,CUSA,MAC,MWC,Pac12,SEC,Sun Belt,Independent, | AN10: =IFERROR(__xludf.DUMMYFUNCTION("iferror($O10-max(filter($O10:$O$392,arrayformula(isnumber(FIND($E10:$E$392,AM10))))))"),-5.0) -> -5 | AO10: {=countifs($O$2:$O9,"<"&$O10,isnumber(FIND($E$2:$E9,AM10)),TRUE)} -> 1 | AP10: =IFERROR(__xludf.DUMMYFUNCTION("iferror(COUNT(filter($O11:$O$392,$O11:$O$392>$O10,arrayformula(isnumber(FIND($E11:$E$392,AM10))))))"),35.0) -> 35 | AQ10: =if(AN10=0,1,0) -> 0 | AR10: =IFERROR(__xludf.DUMMYFUNCTION("iferror($O10-min(filter($O10:$O$392,arrayformula(isnumber(FIND($E10:$E$392,AM10))))))"),7.0) -> 7 | AS10: =IFERROR(__xludf.DUMMYFUNCTION("iferror(join("","",index(sort(filter($F11:$F$392,$O11:$O$392>$O10,arrayformula(isnumber(FIND($E11:$E$392,AM10)))),2,false),0,1)))"),"Memphis,Ohio State,Utah,Michigan,Oregon,Notre Dame,San Diego State,Air Force,Cincinnati,Florida Atlantic,Temple,Hawaii,SMU,Navy,Virginia Tech,LSU,Marshall,Wisconsin,Penn State,USC,Oklahoma State,Auburn,Louisiana Tech,Florida,Baylor,UAB,Iowa,Minnesota,Kans"&"as State,Indiana,Wake Forest,Western Kentucky,Virginia,Central Michigan,Louisville") -> Memphis,Ohio State,Utah,Michigan,Oregon,Notre Dame,San Diego State,Air Force,Cincinnati,Florida Atlantic,Temple,Hawaii,SMU,Navy,Virginia Tech,LSU,Marshall,Wisconsin,Penn State,USC,Oklahoma State,Auburn,Louisiana Tech,Florida,Baylor,UAB,Iowa,Minnesota,Kansas State,Indiana,Wake Forest,Western Kentucky,Virginia,Central Michigan,Louisville
A11: =A10+1 -> 10 | B11: 1 | C11: 10 | D11: ='Draft Order'!B11 -> Josh R. | E11: =if(F11<>"",VLOOKUP(F11,offset('Teams-Conference'!A:B,0,(counta('Draft Order'!B$2:B129)-10)*2),2,0),"") -> Sun Belt | F11: Army | H11: =countif(E12:E21,E11) -> 2 | I11: =countif(E12:E33,E11) -> 5 | M11: =IFERROR(__xludf.DUMMYFUNCTION("counta(iferror(filter(L$2:L10,E$2:E10=E11,L$2:L10<L11)))"),0.0) -> 0 | N11: =IFERROR(__xludf.DUMMYFUNCTION("counta(iferror(filter(L12:L$129,E12:E$129=E11,L12:L$131>L11)))"),0.0) -> 0 | O11: {=XLOOKUP(F11,'Current Week'!B:B,'Current Week'!C:N)} -> 5 | P11: 8 | Q11: CBSSN | R11: Army at (23) Navy | S11: SAT, DEC 14 3:00 PM ET | T11: bye | U11: bye | V11: Janice/Mike | W11: SAT, DEC 14 3:00 PM ET | AA11: =$O11-max($O11:$O$392) -> -7 | AB11: =countif($O10:$O$2,"<"&$O11) -> 0 | AC11: =IFERROR(__xludf.DUMMYFUNCTION("iferror(COUNT(filter($O12:$O$392,$O12:$O$392>$O11)))"),68.0) -> 68 | AD11: =if(AA11=0,1,0) -> 0 | AE11: =$O11-min($O$2:$O11) -> 0 | AF11: =IFERROR(__xludf.DUMMYFUNCTION("iferror(join("","",index(sort(filter($F12:$F$393,$O12:$O$393>$O11),2,false),0,1)))"),"Memphis,Ohio State,Utah,Toledo,Michigan,Texas,Oregon,Western Michigan,Georgia Southern,Washington State,Notre Dame,San Diego State,Utah State,Air Force,Cincinnati,Nevada,Miami,Florida Atlantic,Wyoming,EMU,Temple,Hawaii,Florida Intl,Buffalo,SMU,Miami-OH,Na"&"vy,Tulane,Iowa State,Virginia Tech,LSU,Marshall,Wisconsin,Penn State,Georgia State,USC,Oklahoma State,Auburn,Louisiana Tech,Southern Mississippi,Florida,Baylor,UAB,Arizona State,California,Michigan State,BYU,Iowa,Texas A&M,Minnesota,Kansas State,Indiana,F"&"lorida State,Wake Forest,Western Kentucky,Virginia,Charlotte,Pittsburgh,Missouri,Boston College,Mississippi State,Tennessee,Kent State,Kentucky,Central Michigan,North Carolina,Louisville,Illinois") -> Memphis,Ohio State,Utah,Toledo,Michigan,Texas,Oregon,Western Michigan,Georgia Southern,Washington State,Notre Dame,San Diego State,Utah State,Air Force,Cincinnati,Nevada,Miami,Florida Atlantic,Wyoming,EMU,Temple,Hawaii,Florida Intl,Buffalo,SMU,Miami-OH,Navy,Tulane,Iowa State,Virginia Tech,LSU,Marshall,Wisconsin,Penn State,Georgia State,USC,Oklahoma State,Auburn,Louisiana Tech,Southern Mississippi,Florida,Baylor,UAB,Arizona State,California,Michigan State,BYU,Iowa,Texas A&M,Minnesota,Kansas State,Indiana,Florida State,Wake Forest,Western Kentucky,Virginia,Charlotte,Pittsburgh,Missouri,Boston College,Mississippi State,Tennessee,Kent State,Kentucky,Central Michigan,North Carolina,Louisville,Illinois | AG11: =IFERROR(__xludf.DUMMYFUNCTION("iferror($O11-max(filter($O11:$O$392,$E11:$E$392=$E$2)))"),-7.0) -> -7 | AH11: =countifs($O10:$O$2,"<"&$O11,$E10:$E$2,$E$2) -> 0 | AI11: =IFERROR(__xludf.DUMMYFUNCTION("iferror(COUNT(filter($O12:$O$392,$O12:$O$392>$O11,$E11:$E$392=$E$2)))"),0.0) -> 0 | AJ11: =if(AG11=0,1,0) -> 0 | AK11: =IFERROR(__xludf.DUMMYFUNCTION("iferror($O11-min(filter($O11:$O$392,$E11:$E$392=$E$2)))"),3.0) -> 3 | AL11: =IFERROR(__xludf.DUMMYFUNCTION("iferror(join("","",index(sort(filter($F12:$F$392,$O12:$O$392>$O11,$E12:$E$392=$E$2),2,false),0,1)))"),"LSU,Auburn,Florida,Texas A&M,Missouri,Mississippi State,Tennessee,Kentucky") -> LSU,Auburn,Florida,Texas A&M,Missouri,Mississippi State,Tennessee,Kentucky | AM11: =IFERROR(__xludf.DUMMYFUNCTION("REGEXREPLACE(join("","",unique({let(conf_picked,filter(E$1:E10,D$1:D10=D11), byrow(unique(TRANSPOSe(Teams!$1:$1)),lambda(rw,if(ISERROR(match(rw,conf_picked,0)),rw,))));iferror(if(#REF!,,transpose(split(#REF!,"","",1,1))))})), ""^,"", """")"),"AAC,ACC,Big 12,Big Ten,CUSA,MAC,MWC,Pac12,SEC,Sun Belt,Independent,") -> AAC,ACC,Big 12,Big Ten,CUSA,MAC,MWC,Pac12,SEC,Sun Belt,Independent, | AN11: =IFERROR(__xludf.DUMMYFUNCTION("iferror($O11-max(filter($O11:$O$392,arrayformula(isnumber(FIND($E11:$E$392,AM11))))))"),-7.0) -> -7 | AO11: {=countifs($O$2:$O10,"<"&$O11,isnumber(FIND($E$2:$E10,AM11)),TRUE)} -> 0 | AP11: =IFERROR(__xludf.DUMMYFUNCTION("iferror(COUNT(filter($O12:$O$392,$O12:$O$392>$O11,arrayformula(isnumber(FIND($E12:$E$392,AM11))))))"),68.0) -> 68 | AQ11: =if(AN11=0,1,0) -> 0 | AR11: =IFERROR(__xludf.DUMMYFUNCTION("iferror($O11-min(filter($O11:$O$392,arrayformula(isnumber(FIND($E11:$E$392,AM11))))))"),5.0) -> 5 | AS11: =IFERROR(__xludf.DUMMYFUNCTION("iferror(join("","",index(sort(filter($F12:$F$392,$O12:$O$392>$O11,arrayformula(isnumber(FIND($E12:$E$392,AM11)))),2,false),0,1)))"),"Memphis,Ohio State,Utah,Toledo,Michigan,Texas,Oregon,Western Michigan,Georgia Southern,Washington State,Notre Dame,San Diego State,Utah State,Air Force,Cincinnati,Nevada,Miami,Florida Atlantic,Wyoming,EMU,Temple,Hawaii,Florida Intl,Buffalo,SMU,Miami-OH,Na"&"vy,Tulane,Iowa State,Virginia Tech,LSU,Marshall,Wisconsin,Penn State,Georgia State,USC,Oklahoma State,Auburn,Louisiana Tech,Southern Mississippi,Florida,Baylor,UAB,Arizona State,California,Michigan State,BYU,Iowa,Texas A&M,Minnesota,Kansas State,Indiana,F"&"lorida State,Wake Forest,Western Kentucky,Virginia,Charlotte,Pittsburgh,Missouri,Boston College,Mississippi State,Tennessee,Kent State,Kentucky,Central Michigan,North Carolina,Louisville,Illinois") -> Memphis,Ohio State,Utah,Toledo,Michigan,Texas,Oregon,Western Michigan,Georgia Southern,Washington State,Notre Dame,San Diego State,Utah State,Air Force,Cincinnati,Nevada,Miami,Florida Atlantic,Wyoming,EMU,Temple,Hawaii,Florida Intl,Buffalo,SMU,Miami-OH,Navy,Tulane,Iowa State,Virginia Tech,LSU,Marshall,Wisconsin,Penn State,Georgia State,USC,Oklahoma State,Auburn,Louisiana Tech,Southern Mississippi,Florida,Baylor,UAB,Arizona State,California,Michigan State,BYU,Iowa,Texas A&M,Minnesota,Kansas State,Indiana,Florida State,Wake Forest,Western Kentucky,Virginia,Charlotte,Pittsburgh,Missouri,Boston College,Mississippi State,Tennessee,Kent State,Kentucky,Central Michigan,North Carolina,Louisville,Illinois
A12: =A11+1 -> 11 | B12: 1 | C12: 11 | D12: ='Draft Order'!B12 -> Brad | E12: =if(F12<>"",VLOOKUP(F12,offset('Teams-Conference'!A:B,0,(counta('Draft Order'!B$2:B129)-10)*2),2,0),"") -> AAC | F12: Memphis | H12: =countif(E13:E22,E12) -> 0 | I12: =countif(E13:E34,E12) -> 3 | J12: =countif(E2:E11,E12) -> 1 | M12: =IFERROR(__xludf.DUMMYFUNCTION("counta(iferror(filter(L$2:L11,E$2:E11=E12,L$2:L11<L12)))"),0.0) -> 0 | N12: =IFERROR(__xludf.DUMMYFUNCTION("counta(iferror(filter(L13:L$129,E13:E$129=E12,L13:L$131>L12)))"),0.0) -> 0 | O12: {=XLOOKUP(F12,'Current Week'!B:B,'Current Week'!C:N)} -> 11 | P12: 1 | Q12: ESPN2 | R12: (21) Cincinnati at (16) Memphis | S12: SAT, DEC 7 3:30 PM ET | T12: -9½ | U12: 57½ | V12: Vu | W12: SAT, DEC 7 3:30 PM ET | AA12: =$O12-max($O12:$O$392) -> -1 | AB12: =countif($O11:$O$2,"<"&$O12) -> 5 | AC12: =IFERROR(__xludf.DUMMYFUNCTION("iferror(COUNT(filter($O13:$O$392,$O13:$O$392>$O12)))"),2.0) -> 2 | AD12: =if(AA12=0,1,0) -> 0 | AE12: =$O12-min($O$2:$O12) -> 6 | AF12: =IFERROR(__xludf.DUMMYFUNCTION("iferror(join("","",index(sort(filter($F13:$F$393,$O13:$O$393>$O12),2,false),0,1)))"),"Ohio State,LSU") -> Ohio State,LSU | AG12: =IFERROR(__xludf.DUMMYFUNCTION("iferror($O12-max(filter($O12:$O$392,$E12:$E$392=$E$2)))"),-1.0) -> -1 | AH12: =countifs($O11:$O$2,"<"&$O12,$E11:$E$2,$E$2) -> 1 | AI12: =IFERROR(__xludf.DUMMYFUNCTION("iferror(COUNT(filter($O13:$O$392,$O13:$O$392>$O12,$E12:$E$392=$E$2)))"),0.0) -> 0 | AJ12: =if(AG12=0,1,0) -> 0 | AK12: =IFERROR(__xludf.DUMMYFUNCTION("iferror($O12-min(filter($O12:$O$392,$E12:$E$392=$E$2)))"),9.0) -> 9 | AL12: =IFERROR(__xludf.DUMMYFUNCTION("iferror(join("","",index(sort(filter($F13:$F$392,$O13:$O$392>$O12,$E13:$E$392=$E$2),2,false),0,1)))"),"LSU") -> LSU | AM12: =IFERROR(__xludf.DUMMYFUNCTION("REGEXREPLACE(join("","",unique({let(conf_picked,filter(E$1:E11,D$1:D11=D12), byrow(unique(TRANSPOSe(Teams!$1:$1)),lambda(rw,if(ISERROR(match(rw,conf_picked,0)),rw,))));iferror(if(#REF!,,transpose(split(#REF!,"","",1,1))))})), ""^,"", """")"),"AAC,ACC,Big 12,Big Ten,CUSA,MAC,MWC,Pac12,SEC,Sun Belt,Independent,") -> AAC,ACC,Big 12,Big Ten,CUSA,MAC,MWC,Pac12,SEC,Sun Belt,Independent, | AN12: =IFERROR(__xludf.DUMMYFUNCTION("iferror($O12-max(filter($O12:$O$392,arrayformula(isnumber(FIND($E12:$E$392,AM12))))))"),-1.0) -> -1 | AO12: {=countifs($O$2:$O11,"<"&$O12,isnumber(FIND($E$2:$E11,AM12)),TRUE)} -> 5 | AP12: =IFERROR(__xludf.DUMMYFUNCTION("iferror(COUNT(filter($O13:$O$392,$O13:$O$392>$O12,arrayformula(isnumber(FIND($E13:$E$392,AM12))))))"),2.0) -> 2 | AQ12: =if(AN12=0,1,0) -> 0 | AR12: =IFERROR(__xludf.DUMMYFUNCTION("iferror($O12-min(filter($O12:$O$392,arrayformula(isnumber(FIND($E12:$E$392,AM12))))))"),11.0) -> 11 | AS12: =IFERROR(__xludf.DUMMYFUNCTION("iferror(join("","",index(sort(filter($F13:$F$392,$O13:$O$392>$O12,arrayformula(isnumber(FIND($E13:$E$392,AM12)))),2,false),0,1)))"),"Ohio State,LSU") -> Ohio State,LSU
A13: =A12+1 -> 12 | B13: 1 | C13: 12 | D13: ='Draft Order'!B13 -> Nick G. | E13: =if(F13<>"",VLOOKUP(F13,offset('Teams-Conference'!A:B,0,(counta('Draft Order'!B$2:B129)-10)*2),2,0),"") -> Big Ten | F13: Ohio State | H13: =countif(E14:E23,E13) -> 1 | I13: =countif(E14:E35,E13) -> 1 | J13: =countif(E3:E12,E13) -> 0 | M13: =IFERROR(__xludf.DUMMYFUNCTION("counta(iferror(filter(L$2:L12,E$2:E12=E13,L$2:L12<L13)))"),0.0) -> 0 | N13: =IFERROR(__xludf.DUMMYFUNCTION("counta(iferror(filter(L14:L$129,E14:E$129=E13,L14:L$131>L13)))"),0.0) -> 0 | O13: {=XLOOKUP(F13,'Current Week'!B:B,'Current Week'!C:N)} -> 12 | P13: 0 | Q13: BTN | R13: (2) Ohio State at (10) Wisconsin | S13: SAT, DEC 7 8:00 PM ET | T13: -15½ | U13: 56½ | V13: Janice/Mike | W13: SAT, DEC 7 8:00 PM ET | AA13: =$O13-max($O13:$O$392) -> 0 | AB13: =countif($O12:$O$2,"<"&$O13) -> 10 | AC13: =IFERROR(__xludf.DUMMYFUNCTION("iferror(COUNT(filter($O14:$O$392,$O14:$O$392>$O13)))"),0.0) -> 0 | AD13: =if(AA13=0,1,0) -> 1 | AE13: =$O13-min($O$2:$O13) -> 7 | AF13: =IFERROR(__xludf.DUMMYFUNCTION("iferror(join("","",index(sort(filter($F14:$F$393,$O14:$O$393>$O13),2,false),0,1)))"),"") | AG13: =IFERROR(__xludf.DUMMYFUNCTION("iferror($O13-max(filter($O13:$O$392,$E13:$E$392=$E$2)))"),0.0) -> 0 | AH13: =countifs($O12:$O$2,"<"&$O13,$E12:$E$2,$E$2) -> 2 | AI13: =IFERROR(__xludf.DUMMYFUNCTION("iferror(COUNT(filter($O14:$O$392,$O14:$O$392>$O13,$E13:$E$392=$E$2)))"),0.0) -> 0 | AJ13: =if(AG13=0,1,0) -> 1 | AK13: =IFERROR(__xludf.DUMMYFUNCTION("iferror($O13-min(filter($O13:$O$392,$E13:$E$392=$E$2)))"),10.0) -> 10 | AL13: =IFERROR(__xludf.DUMMYFUNCTION("iferror(join("","",index(sort(filter($F14:$F$392,$O14:$O$392>$O13,$E14:$E$392=$E$2),2,false),0,1)))"),"") | AM13: =IFERROR(__xludf.DUMMYFUNCTION("REGEXREPLACE(join("","",unique({let(conf_picked,filter(E$1:E12,D$1:D12=D13), byrow(unique(TRANSPOSe(Teams!$1:$1)),lambda(rw,if(ISERROR(match(rw,conf_picked,0)),rw,))));iferror(if(#REF!,,transpose(split(#REF!,"","",1,1))))})), ""^,"", """")"),"AAC,ACC,Big 12,Big Ten,CUSA,MAC,MWC,Pac12,SEC,Sun Belt,Independent,") -> AAC,ACC,Big 12,Big Ten,CUSA,MAC,MWC,Pac12,SEC,Sun Belt,Independent, | AN13: =IFERROR(__xludf.DUMMYFUNCTION("iferror($O13-max(filter($O13:$O$392,arrayformula(isnumber(FIND($E13:$E$392,AM13))))))"),0.0) -> 0 | AO13: {=countifs($O$2:$O12,"<"&$O13,isnumber(FIND($E$2:$E12,AM13)),TRUE)} -> 10 | AP13: =IFERROR(__xludf.DUMMYFUNCTION("iferror(COUNT(filter($O14:$O$392,$O14:$O$392>$O13,arrayformula(isnumber(FIND($E14:$E$392,AM13))))))"),0.0) -> 0 | AQ13: =if(AN13=0,1,0) -> 1 | AR13: =IFERROR(__xludf.DUMMYFUNCTION("iferror($O13-min(filter($O13:$O$392,arrayformula(isnumber(FIND($E13:$E$392,AM13))))))"),12.0) -> 12 | AS13: =IFERROR(__xludf.DUMMYFUNCTION("iferror(join("","",index(sort(filter($F14:$F$392,$O14:$O$392>$O13,arrayformula(isnumber(FIND($E14:$E$392,AM13)))),2,false),0,1)))"),"")
A14: =A13+1 -> 13 | B14: =B2+1 -> 2 | C14: 1 | D14: =D13 -> Nick G. | E14: =if(F14<>"",VLOOKUP(F14,offset('Teams-Conference'!A:B,0,(counta('Draft Order'!B$2:B129)-10)*2),2,0),"") -> Sun Belt | F14: Troy | H14: =countif(E15:E24,E14) -> 3 | I14: =countif(E15:E36,E14) -> 4 | J14: =countif(E4:E13,E14) -> 2 | M14: =IFERROR(__xludf.DUMMYFUNCTION("counta(iferror(filter(L$2:L13,E$2:E13=E14,L$2:L13<L14)))"),0.0) -> 0 | N14: =IFERROR(__xludf.DUMMYFUNCTION("counta(iferror(filter(L15:L$129,E15:E$129=E14,L15:L$131>L14)))"),0.0) -> 0 | O14: {=XLOOKUP(F14,'Current Week'!B:B,'Current Week'!C:N)} -> 5 | P14: 7 | Q14: espn3 Video | R14: BYE | T14: bye | U14: bye | W14: 9999 | AA14: =$O14-max($O14:$O$392) -> -7 | AB14: =countif($O13:$O$2,"<"&$O14) -> 0 | AC14: =IFERROR(__xludf.DUMMYFUNCTION("iferror(COUNT(filter($O15:$O$392,$O15:$O$392>$O14)))"),66.0) -> 66 | AD14: =if(AA14=0,1,0) -> 0 | AE14: =$O14-min($O$2:$O14) -> 0 | AF14: =IFERROR(__xludf.DUMMYFUNCTION("iferror(join("","",index(sort(filter($F15:$F$393,$O15:$O$393>$O14),2,false),0,1)))"),"Utah,Toledo,Michigan,Texas,Oregon,Western Michigan,Georgia Southern,Washington State,Notre Dame,San Diego State,Utah State,Air Force,Cincinnati,Nevada,Miami,Florida Atlantic,Wyoming,EMU,Temple,Hawaii,Florida Intl,Buffalo,SMU,Miami-OH,Navy,Tulane,Iowa Stat"&"e,Virginia Tech,LSU,Marshall,Wisconsin,Penn State,Georgia State,USC,Oklahoma State,Auburn,Louisiana Tech,Southern Mississippi,Florida,Baylor,UAB,Arizona State,California,Michigan State,BYU,Iowa,Texas A&M,Minnesota,Kansas State,Indiana,Florida State,Wake F"&"orest,Western Kentucky,Virginia,Charlotte,Pittsburgh,Missouri,Boston College,Mississippi State,Tennessee,Kent State,Kentucky,Central Michigan,North Carolina,Louisville,Illinois") -> Utah,Toledo,Michigan,Texas,Oregon,Western Michigan,Georgia Southern,Washington State,Notre Dame,San Diego State,Utah State,Air Force,Cincinnati,Nevada,Miami,Florida Atlantic,Wyoming,EMU,Temple,Hawaii,Florida Intl,Buffalo,SMU,Miami-OH,Navy,Tulane,Iowa State,Virginia Tech,LSU,Marshall,Wisconsin,Penn State,Georgia State,USC,Oklahoma State,Auburn,Louisiana Tech,Southern Mississippi,Florida,Baylor,UAB,Arizona State,California,Michigan State,BYU,Iowa,Texas A&M,Minnesota,Kansas State,Indiana,Florida State,Wake Forest,Western Kentucky,Virginia,Charlotte,Pittsburgh,Missouri,Boston College,Mississippi State,Tennessee,Kent State,Kentucky,Central Michigan,North Carolina,Louisville,Illinois | AG14: =IFERROR(__xludf.DUMMYFUNCTION("iferror($O14-max(filter($O14:$O$392,$E14:$E$392=$E$2)))"),-7.0) -> -7 | AH14: =countifs($O13:$O$2,"<"&$O14,$E13:$E$2,$E$2) -> 0 | AI14: =IFERROR(__xludf.DUMMYFUNCTION("iferror(COUNT(filter($O15:$O$392,$O15:$O$392>$O14,$E14:$E$392=$E$2)))"),0.0) -> 0 | AJ14: =if(AG14=0,1,0) -> 0 | AK14: =IFERROR(__xludf.DUMMYFUNCTION("iferror($O14-min(filter($O14:$O$392,$E14:$E$392=$E$2)))"),3.0) -> 3 | AL14: =IFERROR(__xludf.DUMMYFUNCTION("iferror(join("","",index(sort(filter($F15:$F$392,$O15:$O$392>$O14,$E15:$E$392=$E$2),2,false),0,1)))"),"LSU,Auburn,Florida,Texas A&M,Missouri,Mississippi State,Tennessee,Kentucky") -> LSU,Auburn,Florida,Texas A&M,Missouri,Mississippi State,Tennessee,Kentucky | AM14: =IFERROR(__xludf.DUMMYFUNCTION("REGEXREPLACE(join("","",unique({let(conf_picked,filter(E$1:E13,D$1:D13=D14), byrow(unique(TRANSPOSe(Teams!$1:$1)),lambda(rw,if(ISERROR(match(rw,conf_picked,0)),rw,))));iferror(if(#REF!,,transpose(split(#REF!,"","",1,1))))})), ""^,"", """")"),"AAC,ACC,Big 12,,CUSA,MAC,MWC,Pac12,SEC,Sun Belt,Independent") -> AAC,ACC,Big 12,,CUSA,MAC,MWC,Pac12,SEC,Sun Belt,Independent | AN14: =IFERROR(__xludf.DUMMYFUNCTION("iferror($O14-max(filter($O14:$O$392,arrayformula(isnumber(FIND($E14:$E$392,AM14))))))"),-7.0) -> -7 | AO14: {=countifs($O$2:$O13,"<"&$O14,isnumber(FIND($E$2:$E13,AM14)),TRUE)} -> 0 | AP14: =IFERROR(__xludf.DUMMYFUNCTION("iferror(COUNT(filter($O15:$O$392,$O15:$O$392>$O14,arrayformula(isnumber(FIND($E15:$E$392,AM14))))))"),58.0) -> 58 | AQ14: =if(AN14=0,1,0) -> 0 | AR14: =IFERROR(__xludf.DUMMYFUNCTION("iferror($O14-min(filter($O14:$O$392,arrayformula(isnumber(FIND($E14:$E$392,AM14))))))"),5.0) -> 5 | AS14: =IFERROR(__xludf.DUMMYFUNCTION("iferror(join("","",index(sort(filter($F15:$F$392,$O15:$O$392>$O14,arrayformula(isnumber(FIND($E15:$E$392,AM14)))),2,false),0,1)))"),"Utah,Toledo,Texas,Oregon,Western Michigan,Georgia Southern,Washington State,Notre Dame,San Diego State,Utah State,Air Force,Cincinnati,Nevada,Miami,Florida Atlantic,Wyoming,EMU,Temple,Hawaii,Florida Intl,Buffalo,SMU,Miami-OH,Navy,Tulane,Iowa State,Virgini"&"a Tech,LSU,Marshall,Georgia State,USC,Oklahoma State,Auburn,Louisiana Tech,Southern Mississippi,Florida,Baylor,UAB,Arizona State,California,BYU,Texas A&M,Kansas State,Florida State,Wake Forest,Western Kentucky,Virginia,Charlotte,Pittsburgh,Missouri,Boston"&" College,Mississippi State,Tennessee,Kent State,Kentucky,Central Michigan,North Carolina,Louisville") -> Utah,Toledo,Texas,Oregon,Western Michigan,Georgia Southern,Washington State,Notre Dame,San Diego State,Utah State,Air Force,Cincinnati,Nevada,Miami,Florida Atlantic,Wyoming,EMU,Temple,Hawaii,Florida Intl,Buffalo,SMU,Miami-OH,Navy,Tulane,Iowa State,Virginia Tech,LSU,Marshall,Georgia State,USC,Oklahoma State,Auburn,Louisiana Tech,Southern Mississippi,Florida,Baylor,UAB,Arizona State,California,BYU,Texas A&M,Kansas State,Florida State,Wake Forest,Western Kentucky,Virginia,Charlotte,Pittsburgh,Missouri,Boston College,Mississippi State,Tennessee,Kent State,Kentucky,Central Michigan,North Carolina,Louisville
A15: =A14+1 -> 14 | B15: =B3+1 -> 2 | C15: 2 | D15: =D12 -> Brad | E15: =if(F15<>"",VLOOKUP(F15,offset('Teams-Conference'!A:B,0,(counta('Draft Order'!B$2:B129)-10)*2),2,0),"") -> Pac12 | F15: Utah | H15: =countif(E16:E25,E15) -> 2 | I15: =countif(E16:E37,E15) -> 2 | J15: =countif(E5:E14,E15) -> 1 | M15: =IFERROR(__xludf.DUMMYFUNCTION("counta(iferror(filter(L$2:L14,E$2:E14=E15,L$2:L14<L15)))"),0.0) -> 0 | N15: =IFERROR(__xludf.DUMMYFUNCTION("counta(iferror(filter(L16:L$129,E16:E$129=E15,L16:L$131>L15)))"),0.0) -> 0 | O15: {=XLOOKUP(F15,'Current Week'!B:B,'Current Week'!C:N)} -> 11 | P15: 1 | Q15: FOX | R15: (5) Utah at (13) Oregon | S15: FRI, DEC 6 8:00 PM ET | T15: -6½ | U15: 47½ | V15: Justin | W15: FRI, DEC 6 8:00 PM ET | AA15: =$O15-max($O15:$O$392) -> -1 | AB15: =countif($O14:$O$2,"<"&$O15) -> 6 | AC15: =IFERROR(__xludf.DUMMYFUNCTION("iferror(COUNT(filter($O16:$O$392,$O16:$O$392>$O15)))"),1.0) -> 1 | AD15: =if(AA15=0,1,0) -> 0 | AE15: =$O15-min($O$2:$O15) -> 6 | AF15: =IFERROR(__xludf.DUMMYFUNCTION("iferror(join("","",index(sort(filter($F16:$F$393,$O16:$O$393>$O15),2,false),0,1)))"),"LSU") -> LSU | AG15: =IFERROR(__xludf.DUMMYFUNCTION("iferror($O15-max(filter($O15:$O$392,$E15:$E$392=$E$2)))"),-1.0) -> -1 | AH15: =countifs($O14:$O$2,"<"&$O15,$E14:$E$2,$E$2) -> 1 | AI15: =IFERROR(__xludf.DUMMYFUNCTION("iferror(COUNT(filter($O16:$O$392,$O16:$O$392>$O15,$E15:$E$392=$E$2)))"),0.0) -> 0 | AJ15: =if(AG15=0,1,0) -> 0 | AK15: =IFERROR(__xludf.DUMMYFUNCTION("iferror($O15-min(filter($O15:$O$392,$E15:$E$392=$E$2)))"),9.0) -> 9 | AL15: =IFERROR(__xludf.DUMMYFUNCTION("iferror(join("","",index(sort(filter($F16:$F$392,$O16:$O$392>$O15,$E16:$E$392=$E$2),2,false),0,1)))"),"LSU") -> LSU | AM15: =IFERROR(__xludf.DUMMYFUNCTION("REGEXREPLACE(join("","",unique({let(conf_picked,filter(E$1:E14,D$1:D14=D15), byrow(unique(TRANSPOSe(Teams!$1:$1)),lambda(rw,if(ISERROR(match(rw,conf_picked,0)),rw,))));iferror(if(#REF!,,transpose(split(#REF!,"","",1,1))))})), ""^,"", """")"),"ACC,Big 12,Big Ten,CUSA,MAC,MWC,Pac12,SEC,Sun Belt,Independent") -> ACC,Big 12,Big Ten,CUSA,MAC,MWC,Pac12,SEC,Sun Belt,Independent | AN15: =IFERROR(__xludf.DUMMYFUNCTION("iferror($O15-max(filter($O15:$O$392,arrayformula(isnumber(FIND($E15:$E$392,AM15))))))"),-1.0) -> -1 | AO15: {=countifs($O$2:$O14,"<"&$O15,isnumber(FIND($E$2:$E14,AM15)),TRUE)} -> 5 | AP15: =IFERROR(__xludf.DUMMYFUNCTION("iferror(COUNT(filter($O16:$O$392,$O16:$O$392>$O15,arrayformula(isnumber(FIND($E16:$E$392,AM15))))))"),1.0) -> 1 | AQ15: =if(AN15=0,1,0) -> 0 | AR15: =IFERROR(__xludf.DUMMYFUNCTION("iferror($O15-min(filter($O15:$O$392,arrayformula(isnumber(FIND($E15:$E$392,AM15))))))"),11.0) -> 11 | AS15: =IFERROR(__xludf.DUMMYFUNCTION("iferror(join("","",index(sort(filter($F16:$F$392,$O16:$O$392>$O15,arrayformula(isnumber(FIND($E16:$E$392,AM15)))),2,false),0,1)))"),"LSU") -> LSU
A16: =A15+1 -> 15 | B16: =B4+1 -> 2 | C16: 3 | D16: =D11 -> Josh R. | E16: =if(F16<>"",VLOOKUP(F16,offset('Teams-Conference'!A:B,0,(counta('Draft Order'!B$2:B129)-10)*2),2,0),"") -> MAC | F16: Toledo | H16: =countif(E17:E26,E16) -> 1 | I16: =countif(E17:E38,E16) -> 2 | J16: =countif(E6:E15,E16) -> 0 | M16: =IFERROR(__xludf.DUMMYFUNCTION("counta(iferror(filter(L$2:L15,E$2:E15=E16,L$2:L15<L16)))"),0.0) -> 0 | N16: =IFERROR(__xludf.DUMMYFUNCTION("counta(iferror(filter(L17:L$129,E17:E$129=E16,L17:L$131>L16)))"),0.0) -> 0 | O16: {=XLOOKUP(F16,'Current Week'!B:B,'Current Week'!C:N)} -> 6 | P16: 6 | Q16: ESPNU | R16: BYE | T16: bye | U16: bye | W16: 9999 | AA16: =$O16-max($O16:$O$392) -> -6 | AB16: =countif($O15:$O$2,"<"&$O16) -> 2 | AC16: =IFERROR(__xludf.DUMMYFUNCTION("iferror(COUNT(filter($O17:$O$392,$O17:$O$392>$O16)))"),51.0) -> 51 | AD16: =if(AA16=0,1,0) -> 0 | AE16: =$O16-min($O$2:$O16) -> 1 | AF16: =IFERROR(__xludf.DUMMYFUNCTION("iferror(join("","",index(sort(filter($F17:$F$393,$O17:$O$393>$O16),2,false),0,1)))"),"Michigan,Texas,Oregon,Western Michigan,Georgia Southern,Notre Dame,San Diego State,Utah State,Air Force,Cincinnati,Nevada,Florida Atlantic,Wyoming,Temple,Hawaii,Buffalo,SMU,Miami-OH,Navy,Iowa State,Virginia Tech,LSU,Marshall,Wisconsin,Penn State,Georgia S"&"tate,USC,Oklahoma State,Auburn,Louisiana Tech,Southern Mississippi,Florida,Baylor,UAB,Arizona State,California,BYU,Iowa,Texas A&M,Minnesota,Kansas State,Indiana,Wake Forest,Western Kentucky,Virginia,Charlotte,Pittsburgh,Tennessee,Kentucky,Central Michigan"&",Louisville") -> Michigan,Texas,Oregon,Western Michigan,Georgia Southern,Notre Dame,San Diego State,Utah State,Air Force,Cincinnati,Nevada,Florida Atlantic,Wyoming,Temple,Hawaii,Buffalo,SMU,Miami-OH,Navy,Iowa State,Virginia Tech,LSU,Marshall,Wisconsin,Penn State,Georgia State,USC,Oklahoma State,Auburn,Louisiana Tech,Southern Mississippi,Florida,Baylor,UAB,Arizona State,California,BYU,Iowa,Texas A&M,Minnesota,Kansas State,Indiana,Wake Forest,Western Kentucky,Virginia,Charlotte,Pittsburgh,Tennessee,Kentucky,Central Michigan,Louisville | AG16: =IFERROR(__xludf.DUMMYFUNCTION("iferror($O16-max(filter($O16:$O$392,$E16:$E$392=$E$2)))"),-6.0) -> -6 | AH16: =countifs($O15:$O$2,"<"&$O16,$E15:$E$2,$E$2) -> 0 | AI16: =IFERROR(__xludf.DUMMYFUNCTION("iferror(COUNT(filter($O17:$O$392,$O17:$O$392>$O16,$E16:$E$392=$E$2)))"),0.0) -> 0 | AJ16: =if(AG16=0,1,0) -> 0 | AK16: =IFERROR(__xludf.DUMMYFUNCTION("iferror($O16-min(filter($O16:$O$392,$E16:$E$392=$E$2)))"),4.0) -> 4 | AL16: =IFERROR(__xludf.DUMMYFUNCTION("iferror(join("","",index(sort(filter($F17:$F$392,$O17:$O$392>$O16,$E17:$E$392=$E$2),2,false),0,1)))"),"LSU,Auburn,Florida,Texas A&M,Tennessee,Kentucky") -> LSU,Auburn,Florida,Texas A&M,Tennessee,Kentucky | AM16: =IFERROR(__xludf.DUMMYFUNCTION("REGEXREPLACE(join("","",unique({let(conf_picked,filter(E$1:E15,D$1:D15=D16), byrow(unique(TRANSPOSe(Teams!$1:$1)),lambda(rw,if(ISERROR(match(rw,conf_picked,0)),rw,))));iferror(if(#REF!,,transpose(split(#REF!,"","",1,1))))})), ""^,"", """")"),"AAC,ACC,Big 12,Big Ten,CUSA,MAC,MWC,Pac12,SEC,,Independent") -> AAC,ACC,Big 12,Big Ten,CUSA,MAC,MWC,Pac12,SEC,,Independent | AN16: =IFERROR(__xludf.DUMMYFUNCTION("iferror($O16-max(filter($O16:$O$392,arrayformula(isnumber(FIND($E16:$E$392,AM16))))))"),-6.0) -> -6 | AO16: {=countifs($O$2:$O15,"<"&$O16,isnumber(FIND($E$2:$E15,AM16)),TRUE)} -> 0 | AP16: =IFERROR(__xludf.DUMMYFUNCTION("iferror(COUNT(filter($O17:$O$392,$O17:$O$392>$O16,arrayformula(isnumber(FIND($E17:$E$392,AM16))))))"),49.0) -> 49 | AQ16: =if(AN16=0,1,0) -> 0 | AR16: =IFERROR(__xludf.DUMMYFUNCTION("iferror($O16-min(filter($O16:$O$392,arrayformula(isnumber(FIND($E16:$E$392,AM16))))))"),6.0) -> 6 | AS16: =IFERROR(__xludf.DUMMYFUNCTION("iferror(join("","",index(sort(filter($F17:$F$392,$O17:$O$392>$O16,arrayformula(isnumber(FIND($E17:$E$392,AM16)))),2,false),0,1)))"),"Michigan,Texas,Oregon,Western Michigan,Notre Dame,San Diego State,Utah State,Air Force,Cincinnati,Nevada,Florida Atlantic,Wyoming,Temple,Hawaii,Buffalo,SMU,Miami-OH,Navy,Iowa State,Virginia Tech,LSU,Marshall,Wisconsin,Penn State,USC,Oklahoma State,Auburn,"&"Louisiana Tech,Southern Mississippi,Florida,Baylor,UAB,Arizona State,California,BYU,Iowa,Texas A&M,Minnesota,Kansas State,Indiana,Wake Forest,Western Kentucky,Virginia,Charlotte,Pittsburgh,Tennessee,Kentucky,Central Michigan,Louisville") -> Michigan,Texas,Oregon,Western Michigan,Notre Dame,San Diego State,Utah State,Air Force,Cincinnati,Nevada,Florida Atlantic,Wyoming,Temple,Hawaii,Buffalo,SMU,Miami-OH,Navy,Iowa State,Virginia Tech,LSU,Marshall,Wisconsin,Penn State,USC,Oklahoma State,Auburn,Louisiana Tech,Southern Mississippi,Florida,Baylor,UAB,Arizona State,California,BYU,Iowa,Texas A&M,Minnesota,Kansas State,Indiana,Wake Forest,Western Kentucky,Virginia,Charlotte,Pittsburgh,Tennessee,Kentucky,Central Michigan,Louisville
A17: =A16+1 -> 16 | B17: =B5+1 -> 2 | C17: 4 | D17: =D10 -> Vu | E17: =if(F17<>"",VLOOKUP(F17,offset('Teams-Conference'!A:B,0,(counta('Draft Order'!B$2:B129)-10)*2),2,0),"") -> Big Ten | F17: Michigan | H17: =countif(E18:E27,E17) -> 0 | I17: =countif(E18:E39,E17) -> 0 | J17: =countif(E7:E16,E17) -> 1 | M17: =IFERROR(__xludf.DUMMYFUNCTION("counta(iferror(filter(L$2:L16,E$2:E16=E17,L$2:L16<L17)))"),0.0) -> 0 | N17: =IFERROR(__xludf.DUMMYFUNCTION("counta(iferror(filter(L18:L$129,E18:E$129=E17,L18:L$131>L17)))"),0.0) -> 0 | O17: {=XLOOKUP(F17,'Current Week'!B:B,'Current Week'!C:N)} -> 9 | P17: 3 | Q17: FOX | R17: BYE | T17: bye | U17: bye | W17: 9999 | AA17: =$O17-max($O17:$O$392) -> -3 | AB17: =countif($O16:$O$2,"<"&$O17) -> 5 | AC17: =IFERROR(__xludf.DUMMYFUNCTION("iferror(COUNT(filter($O18:$O$392,$O18:$O$392>$O17)))"),12.0) -> 12 | AD17: =if(AA17=0,1,0) -> 0 | AE17: =$O17-min($O$2:$O17) -> 4 | AF17: =IFERROR(__xludf.DUMMYFUNCTION("iferror(join("","",index(sort(filter($F18:$F$393,$O18:$O$393>$O17),2,false),0,1)))"),"Oregon,Notre Dame,Air Force,Cincinnati,SMU,Navy,LSU,Wisconsin,Penn State,Florida,Baylor,Minnesota") -> Oregon,Notre Dame,Air Force,Cincinnati,SMU,Navy,LSU,Wisconsin,Penn State,Florida,Baylor,Minnesota | AG17: =IFERROR(__xludf.DUMMYFUNCTION("iferror($O17-max(filter($O17:$O$392,$E17:$E$392=$E$2)))"),-3.0) -> -3 | AH17: =countifs($O16:$O$2,"<"&$O17,$E16:$E$2,$E$2) -> 0 | AI17: =IFERROR(__xludf.DUMMYFUNCTION("iferror(COUNT(filter($O18:$O$392,$O18:$O$392>$O17,$E17:$E$392=$E$2)))"),0.0) -> 0 | AJ17: =if(AG17=0,1,0) -> 0 | AK17: =IFERROR(__xludf.DUMMYFUNCTION("iferror($O17-min(filter($O17:$O$392,$E17:$E$392=$E$2)))"),7.0) -> 7 | AL17: =IFERROR(__xludf.DUMMYFUNCTION("iferror(join("","",index(sort(filter($F18:$F$392,$O18:$O$392>$O17,$E18:$E$392=$E$2),2,false),0,1)))"),"LSU,Florida") -> LSU,Florida | AM17: =IFERROR(__xludf.DUMMYFUNCTION("REGEXREPLACE(join("","",unique({let(conf_picked,filter(E$1:E16,D$1:D16=D17), byrow(unique(TRANSPOSe(Teams!$1:$1)),lambda(rw,if(ISERROR(match(rw,conf_picked,0)),rw,))));iferror(if(#REF!,,transpose(split(#REF!,"","",1,1))))})), ""^,"", """")"),"AAC,ACC,Big 12,Big Ten,CUSA,MAC,MWC,,SEC,Sun Belt,Independent") -> AAC,ACC,Big 12,Big Ten,CUSA,MAC,MWC,,SEC,Sun Belt,Independent | AN17: =IFERROR(__xludf.DUMMYFUNCTION("iferror($O17-max(filter($O17:$O$392,arrayformula(isnumber(FIND($E17:$E$392,AM17))))))"),-3.0) -> -3 | AO17: {=countifs($O$2:$O16,"<"&$O17,isnumber(FIND($E$2:$E16,AM17)),TRUE)} -> 4 | AP17: =IFERROR(__xludf.DUMMYFUNCTION("iferror(COUNT(filter($O18:$O$392,$O18:$O$392>$O17,arrayformula(isnumber(FIND($E18:$E$392,AM17))))))"),11.0) -> 11 | AQ17: =if(AN17=0,1,0) -> 0 | AR17: =IFERROR(__xludf.DUMMYFUNCTION("iferror($O17-min(filter($O17:$O$392,arrayformula(isnumber(FIND($E17:$E$392,AM17))))))"),9.0) -> 9 | AS17: =IFERROR(__xludf.DUMMYFUNCTION("iferror(join("","",index(sort(filter($F18:$F$392,$O18:$O$392>$O17,arrayformula(isnumber(FIND($E18:$E$392,AM17)))),2,false),0,1)))"),"Notre Dame,Air Force,Cincinnati,SMU,Navy,LSU,Wisconsin,Penn State,Florida,Baylor,Minnesota") -> Notre Dame,Air Force,Cincinnati,SMU,Navy,LSU,Wisconsin,Penn State,Florida,Baylor,Minnesota
A18: =A17+1 -> 17 | B18: =B6+1 -> 2 | C18: 5 | D18: =D9 -> Adam | E18: =if(F18<>"",VLOOKUP(F18,offset('Teams-Conference'!A:B,0,(counta('Draft Order'!B$2:B129)-10)*2),2,0),"") -> Big 12 | F18: Texas | H18: =countif(E19:E28,E18) -> 1 | I18: =countif(E19:E40,E18) -> 1 | J18: =countif(E8:E17,E18) -> 0 | M18: =IFERROR(__xludf.DUMMYFUNCTION("counta(iferror(filter(L$2:L17,E$2:E17=E18,L$2:L17<L18)))"),0.0) -> 0 | N18: =IFERROR(__xludf.DUMMYFUNCTION("counta(iferror(filter(L19:L$129,E19:E$129=E18,L19:L$131>L18)))"),0.0) -> 0 | O18: {=XLOOKUP(F18,'Current Week'!B:B,'Current Week'!C:N)} -> 7 | P18: 5 | Q18: FS1 | R18: BYE | T18: bye | U18: bye | W18: 9999 | AA18: =$O18-max($O18:$O$392) -> -5 | AB18: =countif($O17:$O$2,"<"&$O18) -> 4 | AC18: =IFERROR(__xludf.DUMMYFUNCTION("iferror(COUNT(filter($O19:$O$392,$O19:$O$392>$O18)))"),31.0) -> 31 | AD18: =if(AA18=0,1,0) -> 0 | AE18: =$O18-min($O$2:$O18) -> 2 | AF18: =IFERROR(__xludf.DUMMYFUNCTION("iferror(join("","",index(sort(filter($F19:$F$393,$O19:$O$393>$O18),2,false),0,1)))"),"Oregon,Notre Dame,San Diego State,Air Force,Cincinnati,Florida Atlantic,Temple,Hawaii,SMU,Navy,Virginia Tech,LSU,Marshall,Wisconsin,Penn State,USC,Oklahoma State,Auburn,Louisiana Tech,Florida,Baylor,UAB,Iowa,Minnesota,Kansas State,Indiana,Wake Forest,West"&"ern Kentucky,Virginia,Central Michigan,Louisville") -> Oregon,Notre Dame,San Diego State,Air Force,Cincinnati,Florida Atlantic,Temple,Hawaii,SMU,Navy,Virginia Tech,LSU,Marshall,Wisconsin,Penn State,USC,Oklahoma State,Auburn,Louisiana Tech,Florida,Baylor,UAB,Iowa,Minnesota,Kansas State,Indiana,Wake Forest,Western Kentucky,Virginia,Central Michigan,Louisville | AG18: =IFERROR(__xludf.DUMMYFUNCTION("iferror($O18-max(filter($O18:$O$392,$E18:$E$392=$E$2)))"),-5.0) -> -5 | AH18: =countifs($O17:$O$2,"<"&$O18,$E17:$E$2,$E$2) -> 0 | AI18: =IFERROR(__xludf.DUMMYFUNCTION("iferror(COUNT(filter($O19:$O$392,$O19:$O$392>$O18,$E18:$E$392=$E$2)))"),0.0) -> 0 | AJ18: =if(AG18=0,1,0) -> 0 | AK18: =IFERROR(__xludf.DUMMYFUNCTION("iferror($O18-min(filter($O18:$O$392,$E18:$E$392=$E$2)))"),5.0) -> 5 | AL18: =IFERROR(__xludf.DUMMYFUNCTION("iferror(join("","",index(sort(filter($F19:$F$392,$O19:$O$392>$O18,$E19:$E$392=$E$2),2,false),0,1)))"),"LSU,Auburn,Florida") -> LSU,Auburn,Florida | AM18: =IFERROR(__xludf.DUMMYFUNCTION("REGEXREPLACE(join("","",unique({let(conf_picked,filter(E$1:E17,D$1:D17=D18), byrow(unique(TRANSPOSe(Teams!$1:$1)),lambda(rw,if(ISERROR(match(rw,conf_picked,0)),rw,))));iferror(if(#REF!,,transpose(split(#REF!,"","",1,1))))})), ""^,"", """")"),"ACC,Big 12,Big Ten,CUSA,MAC,MWC,Pac12,SEC,Sun Belt,Independent") -> ACC,Big 12,Big Ten,CUSA,MAC,MWC,Pac12,SEC,Sun Belt,Independent | AN18: =IFERROR(__xludf.DUMMYFUNCTION("iferror($O18-max(filter($O18:$O$392,arrayformula(isnumber(FIND($E18:$E$392,AM18))))))"),-5.0) -> -5 | AO18: {=countifs($O$2:$O17,"<"&$O18,isnumber(FIND($E$2:$E17,AM18)),TRUE)} -> 4 | AP18: =IFERROR(__xludf.DUMMYFUNCTION("iferror(COUNT(filter($O19:$O$392,$O19:$O$392>$O18,arrayformula(isnumber(FIND($E19:$E$392,AM18))))))"),27.0) -> 27 | AQ18: =if(AN18=0,1,0) -> 0 | AR18: =IFERROR(__xludf.DUMMYFUNCTION("iferror($O18-min(filter($O18:$O$392,arrayformula(isnumber(FIND($E18:$E$392,AM18))))))"),7.0) -> 7 | AS18: =IFERROR(__xludf.DUMMYFUNCTION("iferror(join("","",index(sort(filter($F19:$F$392,$O19:$O$392>$O18,arrayformula(isnumber(FIND($E19:$E$392,AM18)))),2,false),0,1)))"),"Oregon,Notre Dame,San Diego State,Air Force,Florida Atlantic,Hawaii,Virginia Tech,LSU,Marshall,Wisconsin,Penn State,USC,Oklahoma State,Auburn,Louisiana Tech,Florida,Baylor,UAB,Iowa,Minnesota,Kansas State,Indiana,Wake Forest,Western Kentucky,Virginia,Centr"&"al Michigan,Louisville") -> Oregon,Notre Dame,San Diego State,Air Force,Florida Atlantic,Hawaii,Virginia Tech,LSU,Marshall,Wisconsin,Penn State,USC,Oklahoma State,Auburn,Louisiana Tech,Florida,Baylor,UAB,Iowa,Minnesota,Kansas State,Indiana,Wake Forest,Western Kentucky,Virginia,Central Michigan,Louisville
A19: =A18+1 -> 18 | B19: =B7+1 -> 2 | C19: 6 | D19: =D8 -> Justin | E19: =if(F19<>"",VLOOKUP(F19,offset('Teams-Conference'!A:B,0,(counta('Draft Order'!B$2:B129)-10)*2),2,0),"") -> Pac12 | F19: Oregon | H19: =countif(E20:E29,E19) -> 1 | I19: =countif(E20:E41,E19) -> 1 | J19: =countif(E9:E18,E19) -> 2 | M19: =IFERROR(__xludf.DUMMYFUNCTION("counta(iferror(filter(L$2:L18,E$2:E18=E19,L$2:L18<L19)))"),0.0) -> 0 | N19: =IFERROR(__xludf.DUMMYFUNCTION("counta(iferror(filter(L20:L$129,E20:E$129=E19,L20:L$131>L19)))"),0.0) -> 0 | O19: {=XLOOKUP(F19,'Current Week'!B:B,'Current Week'!C:N)} -> 10 | P19: 2 | Q19: ESPN | R19: (5) Utah at (13) Oregon | S19: FRI, DEC 6 8:00 PM ET | T19: 6½ | U19: 47½ | V19: Brad | W19: FRI, DEC 6 8:00 PM ET | AA19: =$O19-max($O19:$O$392) -> -2 | AB19: =countif($O18:$O$2,"<"&$O19) -> 8 | AC19: =IFERROR(__xludf.DUMMYFUNCTION("iferror(COUNT(filter($O20:$O$392,$O20:$O$392>$O19)))"),2.0) -> 2 | AD19: =if(AA19=0,1,0) -> 0 | AE19: =$O19-min($O$2:$O19) -> 5 | AF19: =IFERROR(__xludf.DUMMYFUNCTION("iferror(join("","",index(sort(filter($F20:$F$393,$O20:$O$393>$O19),2,false),0,1)))"),"LSU,Baylor") -> LSU,Baylor | AG19: =IFERROR(__xludf.DUMMYFUNCTION("iferror($O19-max(filter($O19:$O$392,$E19:$E$392=$E$2)))"),-2.0) -> -2 | AH19: =countifs($O18:$O$2,"<"&$O19,$E18:$E$2,$E$2) -> 0 | AI19: =IFERROR(__xludf.DUMMYFUNCTION("iferror(COUNT(filter($O20:$O$392,$O20:$O$392>$O19,$E19:$E$392=$E$2)))"),0.0) -> 0 | AJ19: =if(AG19=0,1,0) -> 0 | AK19: =IFERROR(__xludf.DUMMYFUNCTION("iferror($O19-min(filter($O19:$O$392,$E19:$E$392=$E$2)))"),8.0) -> 8 | AL19: =IFERROR(__xludf.DUMMYFUNCTION("iferror(join("","",index(sort(filter($F20:$F$392,$O20:$O$392>$O19,$E20:$E$392=$E$2),2,false),0,1)))"),"LSU") -> LSU | AM19: =IFERROR(__xludf.DUMMYFUNCTION("REGEXREPLACE(join("","",unique({let(conf_picked,filter(E$1:E18,D$1:D18=D19), byrow(unique(TRANSPOSe(Teams!$1:$1)),lambda(rw,if(ISERROR(match(rw,conf_picked,0)),rw,))));iferror(if(#REF!,,transpose(split(#REF!,"","",1,1))))})), ""^,"", """")"),"AAC,ACC,Big 12,Big Ten,CUSA,MAC,MWC,Pac12,SEC,,Independent") -> AAC,ACC,Big 12,Big Ten,CUSA,MAC,MWC,Pac12,SEC,,Independent | AN19: =IFERROR(__xludf.DUMMYFUNCTION("iferror($O19-max(filter($O19:$O$392,arrayformula(isnumber(FIND($E19:$E$392,AM19))))))"),-2.0) -> -2 | AO19: {=countifs($O$2:$O18,"<"&$O19,isnumber(FIND($E$2:$E18,AM19)),TRUE)} -> 6 | AP19: =IFERROR(__xludf.DUMMYFUNCTION("iferror(COUNT(filter($O20:$O$392,$O20:$O$392>$O19,arrayformula(isnumber(FIND($E20:$E$392,AM19))))))"),2.0) -> 2 | AQ19: =if(AN19=0,1,0) -> 0 | AR19: =IFERROR(__xludf.DUMMYFUNCTION("iferror($O19-min(filter($O19:$O$392,arrayformula(isnumber(FIND($E19:$E$392,AM19))))))"),10.0) -> 10 | AS19: =IFERROR(__xludf.DUMMYFUNCTION("iferror(join("","",index(sort(filter($F20:$F$392,$O20:$O$392>$O19,arrayformula(isnumber(FIND($E20:$E$392,AM19)))),2,false),0,1)))"),"LSU,Baylor") -> LSU,Baylor
A20: =A19+1 -> 19 | B20: =B8+1 -> 2 | C20: 7 | D20: =D7 -> Jeannine | E20: =if(F20<>"",VLOOKUP(F20,offset('Teams-Conference'!A:B,0,(counta('Draft Order'!B$2:B129)-10)*2),2,0),"") -> MAC | F20: Western Michigan | H20: =countif(E21:E30,E20) -> 1 | I20: =countif(E21:E42,E20) -> 2 | J20: =countif(E10:E19,E20) -> 1 | M20: =IFERROR(__xludf.DUMMYFUNCTION("counta(iferror(filter(L$2:L19,E$2:E19=E20,L$2:L19<L20)))"),0.0) -> 0 | N20: =IFERROR(__xludf.DUMMYFUNCTION("counta(iferror(filter(L21:L$129,E21:E$129=E20,L21:L$131>L20)))"),0.0) -> 0 | O20: {=XLOOKUP(F20,'Current Week'!B:B,'Current Week'!C:N)} -> 7 | P20: 5 | Q20: ESPN2 | R20: BYE | T20: bye | U20: bye | W20: 9999 | AA20: =$O20-max($O20:$O$392) -> -5 | AB20: =countif($O19:$O$2,"<"&$O20) -> 4 | AC20: =IFERROR(__xludf.DUMMYFUNCTION("iferror(COUNT(filter($O21:$O$392,$O21:$O$392>$O20)))"),30.0) -> 30 | AD20: =if(AA20=0,1,0) -> 0 | AE20: =$O20-min($O$2:$O20) -> 2 | AF20: =IFERROR(__xludf.DUMMYFUNCTION("iferror(join("","",index(sort(filter($F21:$F$393,$O21:$O$393>$O20),2,false),0,1)))"),"Notre Dame,San Diego State,Air Force,Cincinnati,Florida Atlantic,Temple,Hawaii,SMU,Navy,Virginia Tech,LSU,Marshall,Wisconsin,Penn State,USC,Oklahoma State,Auburn,Louisiana Tech,Florida,Baylor,UAB,Iowa,Minnesota,Kansas State,Indiana,Wake Forest,Western Ken"&"tucky,Virginia,Central Michigan,Louisville") -> Notre Dame,San Diego State,Air Force,Cincinnati,Florida Atlantic,Temple,Hawaii,SMU,Navy,Virginia Tech,LSU,Marshall,Wisconsin,Penn State,USC,Oklahoma State,Auburn,Louisiana Tech,Florida,Baylor,UAB,Iowa,Minnesota,Kansas State,Indiana,Wake Forest,Western Kentucky,Virginia,Central Michigan,Louisville | AG20: =IFERROR(__xludf.DUMMYFUNCTION("iferror($O20-max(filter($O20:$O$392,$E20:$E$392=$E$2)))"),-5.0) -> -5 | AH20: =countifs($O19:$O$2,"<"&$O20,$E19:$E$2,$E$2) -> 0 | AI20: =IFERROR(__xludf.DUMMYFUNCTION("iferror(COUNT(filter($O21:$O$392,$O21:$O$392>$O20,$E20:$E$392=$E$2)))"),0.0) -> 0 | AJ20: =if(AG20=0,1,0) -> 0 | AK20: =IFERROR(__xludf.DUMMYFUNCTION("iferror($O20-min(filter($O20:$O$392,$E20:$E$392=$E$2)))"),5.0) -> 5 | AL20: =IFERROR(__xludf.DUMMYFUNCTION("iferror(join("","",index(sort(filter($F21:$F$392,$O21:$O$392>$O20,$E21:$E$392=$E$2),2,false),0,1)))"),"LSU,Auburn,Florida") -> LSU,Auburn,Florida | AM20: =IFERROR(__xludf.DUMMYFUNCTION("REGEXREPLACE(join("","",unique({let(conf_picked,filter(E$1:E19,D$1:D19=D20), byrow(unique(TRANSPOSe(Teams!$1:$1)),lambda(rw,if(ISERROR(match(rw,conf_picked,0)),rw,))));iferror(if(#REF!,,transpose(split(#REF!,"","",1,1))))})), ""^,"", """")"),"AAC,ACC,,Big Ten,CUSA,MAC,MWC,Pac12,SEC,Sun Belt,Independent") -> AAC,ACC,,Big Ten,CUSA,MAC,MWC,Pac12,SEC,Sun Belt,Independent | AN20: =IFERROR(__xludf.DUMMYFUNCTION("iferror($O20-max(filter($O20:$O$392,arrayformula(isnumber(FIND($E20:$E$392,AM20))))))"),-5.0) -> -5 | AO20: {=countifs($O$2:$O19,"<"&$O20,isnumber(FIND($E$2:$E19,AM20)),TRUE)} -> 4 | AP20: =IFERROR(__xludf.DUMMYFUNCTION("iferror(COUNT(filter($O21:$O$392,$O21:$O$392>$O20,arrayformula(isnumber(FIND($E21:$E$392,AM20))))))"),26.0) -> 26 | AQ20: =if(AN20=0,1,0) -> 0 | AR20: =IFERROR(__xludf.DUMMYFUNCTION("iferror($O20-min(filter($O20:$O$392,arrayformula(isnumber(FIND($E20:$E$392,AM20))))))"),7.0) -> 7 | AS20: =IFERROR(__xludf.DUMMYFUNCTION("iferror(join("","",index(sort(filter($F21:$F$392,$O21:$O$392>$O20,arrayformula(isnumber(FIND($E21:$E$392,AM20)))),2,false),0,1)))"),"San Diego State,Air Force,Cincinnati,Florida Atlantic,Temple,Hawaii,SMU,Navy,Virginia Tech,LSU,Marshall,Wisconsin,Penn State,USC,Auburn,Louisiana Tech,Florida,UAB,Iowa,Minnesota,Indiana,Wake Forest,Western Kentucky,Virginia,Central Michigan,Louisville") -> San Diego State,Air Force,Cincinnati,Florida Atlantic,Temple,Hawaii,SMU,Navy,Virginia Tech,LSU,Marshall,Wisconsin,Penn State,USC,Auburn,Louisiana Tech,Florida,UAB,Iowa,Minnesota,Indiana,Wake Forest,Western Kentucky,Virginia,Central Michigan,Louisville
A21: =A20+1 -> 20 | B21: =B9+1 -> 2 | C21: 8 | D21: =D6 -> Nico | E21: =if(F21<>"",VLOOKUP(F21,offset('Teams-Conference'!A:B,0,(counta('Draft Order'!B$2:B129)-10)*2),2,0),"") -> Sun Belt | F21: Arkansas State | H21: =countif(E22:E31,E21) -> 3 | I21: =countif(E22:E43,E21) -> 3 | J21: =countif(E11:E20,E21) -> 2 | M21: =IFERROR(__xludf.DUMMYFUNCTION("counta(iferror(filter(L$2:L20,E$2:E20=E21,L$2:L20<L21)))"),0.0) -> 0 | N21: =IFERROR(__xludf.DUMMYFUNCTION("counta(iferror(filter(L22:L$129,E22:E$129=E21,L22:L$131>L21)))"),0.0) -> 0 | O21: {=XLOOKUP(F21,'Current Week'!B:B,'Current Week'!C:N)} -> 2 | P21: 2 | Q21: espn+ Video | R21: BYE | T21: bye | U21: bye | W21: 9999 | AA21: =$O21-max($O21:$O$392) -> -10 | AB21: =countif($O20:$O$2,"<"&$O21) -> 0 | AC21: =IFERROR(__xludf.DUMMYFUNCTION("iferror(COUNT(filter($O22:$O$392,$O22:$O$392>$O21)))"),99.0) -> 99 | AD21: =if(AA21=0,1,0) -> 0 | AE21: =$O21-min($O$2:$O21) -> 0 | AF21: =IFERROR(__xludf.DUMMYFUNCTION("iferror(join("","",index(sort(filter($F22:$F$393,$O22:$O$393>$O21),2,false),0,1)))"),"Georgia Southern,UL Lafayette,Washington State,Notre Dame,Fresno State,San Diego State,Utah State,Northern Illinois,Houston,UL Monroe,South Florida,Air Force,Cincinnati,Nevada,Miami,Florida Atlantic,Wyoming,EMU,Temple,Hawaii,Florida Intl,Buffalo,SMU,Miami"&"-OH,Navy,Tulane,Iowa State,Virginia Tech,Nebraska,LSU,Marshall,Wisconsin,Penn State,UNLV,Georgia State,North Texas,USC,Oklahoma State,Stanford,Auburn,Louisiana Tech,Southern Mississippi,TCU,Florida,Baylor,UAB,Arizona State,Arizona,UCLA,East Carolina,Calif"&"ornia,Tulsa,Michigan State,BYU,Texas Tech,Purdue,Colorado,Iowa,Northwestern,Texas A&M,Minnesota,Texas State,NC State,Kansas State,Indiana,Florida State,Syracuse,Wake Forest,Western Kentucky,Virginia,Middle Tennessee,Charlotte,Pittsburgh,Ball State,Coastal"&" Carolina,Missouri,Boston College,West Virginia,Mississippi State,Tennessee,Oregon State,Kent State,Kentucky,Colorado State,Central Michigan,South Carolina,Kansas,Duke,San José State,North Carolina,Maryland,Bowling Green,UTSA,Louisville,Illinois,Ole Miss,"&"Georgia Tech,Rice,Vanderbilt") -> Georgia Southern,UL Lafayette,Washington State,Notre Dame,Fresno State,San Diego State,Utah State,Northern Illinois,Houston,UL Monroe,South Florida,Air Force,Cincinnati,Nevada,Miami,Florida Atlantic,Wyoming,EMU,Temple,Hawaii,Florida Intl,Buffalo,SMU,Miami-OH,Navy,Tulane,Iowa State,Virginia Tech,Nebraska,LSU,Marshall,Wisconsin,Penn State,UNLV,Georgia State,North Texas,USC,Oklahoma State,Stanford,Auburn,Louisiana Tech,Southern Mississippi,TCU,Florida,Baylor,UAB,Arizona State,Arizona,UCLA,East Carolina,California,Tulsa,Michigan State,BYU,Texas Tech,Purdue,Colorado,Iowa,Northwestern,Texas A&M,Minnesota,Texas State,NC State,Kansas State,Indiana,Florida State,Syracuse,Wake Forest,Western Kentucky,Virginia,Middle Tennessee,Charlotte,Pittsburgh,Ball State,Coastal Carolina,Missouri,Boston College,West Virginia,Mississippi State,Tennessee,Oregon State,Kent State,Kentucky,Colorado State,Central Michigan,South Carolina,Kansas,Duke,San José State,North Carolina,Maryland,Bowling Green,UTSA,Louisville,Illinois,Ole Miss,Georgia Tech,Rice,Vanderbilt | AG21: =IFERROR(__xludf.DUMMYFUNCTION("iferror($O21-max(filter($O21:$O$392,$E21:$E$392=$E$2)))"),-10.0) -> -10 | AH21: =countifs($O20:$O$2,"<"&$O21,$E20:$E$2,$E$2) -> 0 | AI21: =IFERROR(__xludf.DUMMYFUNCTION("iferror(COUNT(filter($O22:$O$392,$O22:$O$392>$O21,$E21:$E$392=$E$2)))"),0.0) -> 0 | AJ21: =if(AG21=0,1,0) -> 0 | AK21: =IFERROR(__xludf.DUMMYFUNCTION("iferror($O21-min(filter($O21:$O$392,$E21:$E$392=$E$2)))"),0.0) -> 0 | AL21: =IFERROR(__xludf.DUMMYFUNCTION("iferror(join("","",index(sort(filter($F22:$F$392,$O22:$O$392>$O21,$E22:$E$392=$E$2),2,false),0,1)))"),"LSU,Auburn,Florida,Texas A&M,Missouri,Mississippi State,Tennessee,Kentucky,South Carolina,Ole Miss,Vanderbilt") -> LSU,Auburn,Florida,Texas A&M,Missouri,Mississippi State,Tennessee,Kentucky,South Carolina,Ole Miss,Vanderbilt | AM21: =IFERROR(__xludf.DUMMYFUNCTION("REGEXREPLACE(join("","",unique({let(conf_picked,filter(E$1:E20,D$1:D20=D21), byrow(unique(TRANSPOSe(Teams!$1:$1)),lambda(rw,if(ISERROR(match(rw,conf_picked,0)),rw,))));iferror(if(#REF!,,transpose(split(#REF!,"","",1,1))))})), ""^,"", """")"),"AAC,ACC,Big 12,Big Ten,CUSA,MAC,MWC,Pac12,,Sun Belt,Independent") -> AAC,ACC,Big 12,Big Ten,CUSA,MAC,MWC,Pac12,,Sun Belt,Independent | AN21: =IFERROR(__xludf.DUMMYFUNCTION("iferror($O21-max(filter($O21:$O$392,arrayformula(isnumber(FIND($E21:$E$392,AM21))))))"),-9.0) -> -9 | AO21: {=countifs($O$2:$O20,"<"&$O21,isnumber(FIND($E$2:$E20,AM21)),TRUE)} -> 0 | AP21: =IFERROR(__xludf.DUMMYFUNCTION("iferror(COUNT(filter($O22:$O$392,$O22:$O$392>$O21,arrayformula(isnumber(FIND($E22:$E$392,AM21))))))"),88.0) -> 88 | AQ21: =if(AN21=0,1,0) -> 0 | AR21: =IFERROR(__xludf.DUMMYFUNCTION("iferror($O21-min(filter($O21:$O$392,arrayformula(isnumber(FIND($E21:$E$392,AM21))))))"),2.0) -> 2 | AS21: =IFERROR(__xludf.DUMMYFUNCTION("iferror(join("","",index(sort(filter($F22:$F$392,$O22:$O$392>$O21,arrayformula(isnumber(FIND($E22:$E$392,AM21)))),2,false),0,1)))"),"Georgia Southern,UL Lafayette,Washington State,Notre Dame,Fresno State,San Diego State,Utah State,Northern Illinois,Houston,UL Monroe,South Florida,Air Force,Cincinnati,Nevada,Miami,Florida Atlantic,Wyoming,EMU,Temple,Hawaii,Florida Intl,Buffalo,SMU,Miami"&"-OH,Navy,Tulane,Iowa State,Virginia Tech,Nebraska,Marshall,Wisconsin,Penn State,UNLV,Georgia State,North Texas,USC,Oklahoma State,Stanford,Louisiana Tech,Southern Mississippi,TCU,Baylor,UAB,Arizona State,Arizona,UCLA,East Carolina,California,Tulsa,Michiga"&"n State,BYU,Texas Tech,Purdue,Colorado,Iowa,Northwestern,Minnesota,Texas State,NC State,Kansas State,Indiana,Florida State,Syracuse,Wake Forest,Western Kentucky,Virginia,Middle Tennessee,Charlotte,Pittsburgh,Ball State,Coastal Carolina,Boston College,West"&" Virginia,Oregon State,Kent State,Colorado State,Central Michigan,Kansas,Duke,San José State,North Carolina,Maryland,Bowling Green,UTSA,Louisville,Illinois,Georgia Tech,Rice") -> Georgia Southern,UL Lafayette,Washington State,Notre Dame,Fresno State,San Diego State,Utah State,Northern Illinois,Houston,UL Monroe,South Florida,Air Force,Cincinnati,Nevada,Miami,Florida Atlantic,Wyoming,EMU,Temple,Hawaii,Florida Intl,Buffalo,SMU,Miami-OH,Navy,Tulane,Iowa State,Virginia Tech,Nebraska,Marshall,Wisconsin,Penn State,UNLV,Georgia State,North Texas,USC,Oklahoma State,Stanford,Louisiana Tech,Southern Mississippi,TCU,Baylor,UAB,Arizona State,Arizona,UCLA,East Carolina,California,Tulsa,Michigan State,BYU,Texas Tech,Purdue,Colorado,Iowa,Northwestern,Minnesota,Texas State,NC State,Kansas State,Indiana,Florida State,Syracuse,Wake Forest,Western Kentucky,Virginia,Middle Tennessee,Charlotte,Pittsburgh,Ball State,Coastal Carolina,Boston College,West Virginia,Oregon State,Kent State,Colorado State,Central Michigan,Kansas,Duke,San José State,North Carolina,Maryland,Bowling Green,UTSA,Louisville,Illinois,Georgia Tech,Rice
A22: =A21+1 -> 21 | B22: =B10+1 -> 2 | C22: 9 | D22: =D5 -> Janice/Mike | E22: =if(F22<>"",VLOOKUP(F22,offset('Teams-Conference'!A:B,0,(counta('Draft Order'!B$2:B129)-10)*2),2,0),"") -> Sun Belt | F22: Georgia Southern | H22: =countif(E23:E32,E22) -> 2 | I22: =countif(E23:E44,E22) -> 2 | J22: =countif(E12:E21,E22) -> 2 | M22: =IFERROR(__xludf.DUMMYFUNCTION("counta(iferror(filter(L$2:L21,E$2:E21=E22,L$2:L21<L22)))"),0.0) -> 0 | N22: =IFERROR(__xludf.DUMMYFUNCTION("counta(iferror(filter(L23:L$129,E23:E$129=E22,L23:L$131>L22)))"),0.0) -> 0 | O22: {=XLOOKUP(F22,'Current Week'!B:B,'Current Week'!C:N)} -> 7 | P22: 5 | Q22: espn+ Video | R22: BYE | T22: bye | U22: bye | W22: 9999 | AA22: =$O22-max($O22:$O$392) -> -5 | AB22: =countif($O21:$O$2,"<"&$O22) -> 5 | AC22: =IFERROR(__xludf.DUMMYFUNCTION("iferror(COUNT(filter($O23:$O$392,$O23:$O$392>$O22)))"),30.0) -> 30 | AD22: =if(AA22=0,1,0) -> 0 | AE22: =$O22-min($O$2:$O22) -> 5 | AF22: =IFERROR(__xludf.DUMMYFUNCTION("iferror(join("","",index(sort(filter($F23:$F$393,$O23:$O$393>$O22),2,false),0,1)))"),"Notre Dame,San Diego State,Air Force,Cincinnati,Florida Atlantic,Temple,Hawaii,SMU,Navy,Virginia Tech,LSU,Marshall,Wisconsin,Penn State,USC,Oklahoma State,Auburn,Louisiana Tech,Florida,Baylor,UAB,Iowa,Minnesota,Kansas State,Indiana,Wake Forest,Western Ken"&"tucky,Virginia,Central Michigan,Louisville") -> Notre Dame,San Diego State,Air Force,Cincinnati,Florida Atlantic,Temple,Hawaii,SMU,Navy,Virginia Tech,LSU,Marshall,Wisconsin,Penn State,USC,Oklahoma State,Auburn,Louisiana Tech,Florida,Baylor,UAB,Iowa,Minnesota,Kansas State,Indiana,Wake Forest,Western Kentucky,Virginia,Central Michigan,Louisville | AG22: =IFERROR(__xludf.DUMMYFUNCTION("iferror($O22-max(filter($O22:$O$392,$E22:$E$392=$E$2)))"),-5.0) -> -5 | AH22: =countifs($O21:$O$2,"<"&$O22,$E21:$E$2,$E$2) -> 0 | AI22: =IFERROR(__xludf.DUMMYFUNCTION("iferror(COUNT(filter($O23:$O$392,$O23:$O$392>$O22,$E22:$E$392=$E$2)))"),0.0) -> 0 | AJ22: =if(AG22=0,1,0) -> 0 | AK22: =IFERROR(__xludf.DUMMYFUNCTION("iferror($O22-min(filter($O22:$O$392,$E22:$E$392=$E$2)))"),5.0) -> 5 | AL22: =IFERROR(__xludf.DUMMYFUNCTION("iferror(join("","",index(sort(filter($F23:$F$392,$O23:$O$392>$O22,$E23:$E$392=$E$2),2,false),0,1)))"),"LSU,Auburn,Florida") -> LSU,Auburn,Florida | AM22: =IFERROR(__xludf.DUMMYFUNCTION("REGEXREPLACE(join("","",unique({let(conf_picked,filter(E$1:E21,D$1:D21=D22), byrow(unique(TRANSPOSe(Teams!$1:$1)),lambda(rw,if(ISERROR(match(rw,conf_picked,0)),rw,))));iferror(if(#REF!,,transpose(split(#REF!,"","",1,1))))})), ""^,"", """")"),"AAC,ACC,Big 12,Big Ten,CUSA,MAC,,Pac12,SEC,Sun Belt,Independent") -> AAC,ACC,Big 12,Big Ten,CUSA,MAC,,Pac12,SEC,Sun Belt,Independent | AN22: =IFERROR(__xludf.DUMMYFUNCTION("iferror($O22-max(filter($O22:$O$392,arrayformula(isnumber(FIND($E22:$E$392,AM22))))))"),-5.0) -> -5 | AO22: {=countifs($O$2:$O21,"<"&$O22,isnumber(FIND($E$2:$E21,AM22)),TRUE)} -> 5 | AP22: =IFERROR(__xludf.DUMMYFUNCTION("iferror(COUNT(filter($O23:$O$392,$O23:$O$392>$O22,arrayformula(isnumber(FIND($E23:$E$392,AM22))))))"),27.0) -> 27 | AQ22: =if(AN22=0,1,0) -> 0 | AR22: =IFERROR(__xludf.DUMMYFUNCTION("iferror($O22-min(filter($O22:$O$392,arrayformula(isnumber(FIND($E22:$E$392,AM22))))))"),7.0) -> 7 | AS22: =IFERROR(__xludf.DUMMYFUNCTION("iferror(join("","",index(sort(filter($F23:$F$392,$O23:$O$392>$O22,arrayformula(isnumber(FIND($E23:$E$392,AM22)))),2,false),0,1)))"),"Notre Dame,Cincinnati,Florida Atlantic,Temple,SMU,Navy,Virginia Tech,LSU,Marshall,Wisconsin,Penn State,USC,Oklahoma State,Auburn,Louisiana Tech,Florida,Baylor,UAB,Iowa,Minnesota,Kansas State,Indiana,Wake Forest,Western Kentucky,Virginia,Central Michigan,L"&"ouisville") -> Notre Dame,Cincinnati,Florida Atlantic,Temple,SMU,Navy,Virginia Tech,LSU,Marshall,Wisconsin,Penn State,USC,Oklahoma State,Auburn,Louisiana Tech,Florida,Baylor,UAB,Iowa,Minnesota,Kansas State,Indiana,Wake Forest,Western Kentucky,Virginia,Central Michigan,Louisville
A23: =A22+1 -> 22 | B23: =B11+1 -> 2 | C23: 10 | D23: =D4 -> Gary | E23: =if(F23<>"",VLOOKUP(F23,offset('Teams-Conference'!A:B,0,(counta('Draft Order'!B$2:B129)-10)*2),2,0),"") -> Sun Belt | F23: UL Lafayette | H23: =countif(E24:E33,E23) -> 1 | I23: =countif(E24:E45,E23) -> 1 | J23: =countif(E13:E22,E23) -> 3 | K23: =countif(E3:E23,E24) -> 3 | M23: =IFERROR(__xludf.DUMMYFUNCTION("counta(iferror(filter(L$2:L22,E$2:E22=E23,L$2:L22<L23)))"),0.0) -> 0 | N23: =IFERROR(__xludf.DUMMYFUNCTION("counta(iferror(filter(L24:L$129,E24:E$129=E23,L24:L$131>L23)))"),0.0) -> 0 | O23: {=XLOOKUP(F23,'Current Week'!B:B,'Current Week'!C:N)} -> 3 | P23: 1 | Q23: NA | R23: UL Lafayette at (20) Appalachian State | S23: SAT, DEC 7 12:00 PM ET | T23: 6½ | U23: 56 | V23: Justin | W23: SAT, DEC 7 12:00 PM ET | AA23: =$O23-max($O23:$O$392) -> -9 | AB23: =countif($O22:$O$2,"<"&$O23) -> 1 | AC23: =IFERROR(__xludf.DUMMYFUNCTION("iferror(COUNT(filter($O24:$O$392,$O24:$O$392>$O23)))"),89.0) -> 89 | AD23: =if(AA23=0,1,0) -> 0 | AE23: =$O23-min($O$2:$O23) -> 1 | AF23: =IFERROR(__xludf.DUMMYFUNCTION("iferror(join("","",index(sort(filter($F24:$F$393,$O24:$O$393>$O23),2,false),0,1)))"),"Washington State,Notre Dame,Fresno State,San Diego State,Utah State,Northern Illinois,Houston,UL Monroe,South Florida,Air Force,Cincinnati,Nevada,Miami,Florida Atlantic,Wyoming,EMU,Temple,Hawaii,Florida Intl,Buffalo,SMU,Miami-OH,Navy,Tulane,Iowa State,Vir"&"ginia Tech,Nebraska,LSU,Marshall,Wisconsin,Penn State,UNLV,Georgia State,North Texas,USC,Oklahoma State,Stanford,Auburn,Louisiana Tech,Southern Mississippi,TCU,Florida,Baylor,UAB,Arizona State,Arizona,UCLA,East Carolina,California,Tulsa,Michigan State,BYU"&",Texas Tech,Purdue,Colorado,Iowa,Texas A&M,Minnesota,NC State,Kansas State,Indiana,Florida State,Syracuse,Wake Forest,Western Kentucky,Virginia,Middle Tennessee,Charlotte,Pittsburgh,Ball State,Coastal Carolina,Missouri,Boston College,West Virginia,Mississ"&"ippi State,Tennessee,Oregon State,Kent State,Kentucky,Colorado State,Central Michigan,South Carolina,Duke,San José State,North Carolina,UTSA,Louisville,Illinois,Ole Miss") -> Washington State,Notre Dame,Fresno State,San Diego State,Utah State,Northern Illinois,Houston,UL Monroe,South Florida,Air Force,Cincinnati,Nevada,Miami,Florida Atlantic,Wyoming,EMU,Temple,Hawaii,Florida Intl,Buffalo,SMU,Miami-OH,Navy,Tulane,Iowa State,Virginia Tech,Nebraska,LSU,Marshall,Wisconsin,Penn State,UNLV,Georgia State,North Texas,USC,Oklahoma State,Stanford,Auburn,Louisiana Tech,Southern Mississippi,TCU,Florida,Baylor,UAB,Arizona State,Arizona,UCLA,East Carolina,California,Tulsa,Michigan State,BYU,Texas Tech,Purdue,Colorado,Iowa,Texas A&M,Minnesota,NC State,Kansas State,Indiana,Florida State,Syracuse,Wake Forest,Western Kentucky,Virginia,Middle Tennessee,Charlotte,Pittsburgh,Ball State,Coastal Carolina,Missouri,Boston College,West Virginia,Mississippi State,Tennessee,Oregon State,Kent State,Kentucky,Colorado State,Central Michigan,South Carolina,Duke,San José State,North Carolina,UTSA,Louisville,Illinois,Ole Miss | AG23: =IFERROR(__xludf.DUMMYFUNCTION("iferror($O23-max(filter($O23:$O$392,$E23:$E$392=$E$2)))"),-9.0) -> -9 | AH23: =countifs($O22:$O$2,"<"&$O23,$E22:$E$2,$E$2) -> 0 | AI23: =IFERROR(__xludf.DUMMYFUNCTION("iferror(COUNT(filter($O24:$O$392,$O24:$O$392>$O23,$E23:$E$392=$E$2)))"),0.0) -> 0 | AJ23: =if(AG23=0,1,0) -> 0 | AK23: =IFERROR(__xludf.DUMMYFUNCTION("iferror($O23-min(filter($O23:$O$392,$E23:$E$392=$E$2)))"),1.0) -> 1 | AL23: =IFERROR(__xludf.DUMMYFUNCTION("iferror(join("","",index(sort(filter($F24:$F$392,$O24:$O$392>$O23,$E24:$E$392=$E$2),2,false),0,1)))"),"LSU,Auburn,Florida,Texas A&M,Missouri,Mississippi State,Tennessee,Kentucky,South Carolina,Ole Miss") -> LSU,Auburn,Florida,Texas A&M,Missouri,Mississippi State,Tennessee,Kentucky,South Carolina,Ole Miss | AM23: =IFERROR(__xludf.DUMMYFUNCTION("REGEXREPLACE(join("","",unique({let(conf_picked,filter(E$1:E22,D$1:D22=D23), byrow(unique(TRANSPOSe(Teams!$1:$1)),lambda(rw,if(ISERROR(match(rw,conf_picked,0)),rw,))));iferror(if(#REF!,,transpose(split(#REF!,"","",1,1))))})), ""^,"", """")"),"AAC,ACC,Big 12,Big Ten,CUSA,,MWC,Pac12,SEC,Sun Belt,Independent") -> AAC,ACC,Big 12,Big Ten,CUSA,,MWC,Pac12,SEC,Sun Belt,Independent | AN23: =IFERROR(__xludf.DUMMYFUNCTION("iferror($O23-max(filter($O23:$O$392,arrayformula(isnumber(FIND($E23:$E$392,AM23))))))"),-9.0) -> -9 | AO23: {=countifs($O$2:$O22,"<"&$O23,isnumber(FIND($E$2:$E22,AM23)),TRUE)} -> 1 | AP23: =IFERROR(__xludf.DUMMYFUNCTION("iferror(COUNT(filter($O24:$O$392,$O24:$O$392>$O23,arrayformula(isnumber(FIND($E24:$E$392,AM23))))))"),82.0) -> 82 | AQ23: =if(AN23=0,1,0) -> 0 | AR23: =IFERROR(__xludf.DUMMYFUNCTION("iferror($O23-min(filter($O23:$O$392,arrayformula(isnumber(FIND($E23:$E$392,AM23))))))"),2.0) -> 2 | AS23: =IFERROR(__xludf.DUMMYFUNCTION("iferror(join("","",index(sort(filter($F24:$F$392,$O24:$O$392>$O23,arrayformula(isnumber(FIND($E24:$E$392,AM23)))),2,false),0,1)))"),"Washington State,Notre Dame,Fresno State,San Diego State,Utah State,Houston,UL Monroe,South Florida,Air Force,Cincinnati,Nevada,Miami,Florida Atlantic,Wyoming,Temple,Hawaii,Florida Intl,SMU,Navy,Tulane,Iowa State,Virginia Tech,Nebraska,LSU,Marshall,Wiscon"&"sin,Penn State,UNLV,Georgia State,North Texas,USC,Oklahoma State,Stanford,Auburn,Louisiana Tech,Southern Mississippi,TCU,Florida,Baylor,UAB,Arizona State,Arizona,UCLA,East Carolina,California,Tulsa,Michigan State,BYU,Texas Tech,Purdue,Colorado,Iowa,Texas "&"A&M,Minnesota,NC State,Kansas State,Indiana,Florida State,Syracuse,Wake Forest,Western Kentucky,Virginia,Middle Tennessee,Charlotte,Pittsburgh,Coastal Carolina,Missouri,Boston College,West Virginia,Mississippi State,Tennessee,Oregon State,Kentucky,Colorad"&"o State,South Carolina,Duke,San José State,North Carolina,UTSA,Louisville,Illinois,Ole Miss") -> Washington State,Notre Dame,Fresno State,San Diego State,Utah State,Houston,UL Monroe,South Florida,Air Force,Cincinnati,Nevada,Miami,Florida Atlantic,Wyoming,Temple,Hawaii,Florida Intl,SMU,Navy,Tulane,Iowa State,Virginia Tech,Nebraska,LSU,Marshall,Wisconsin,Penn State,UNLV,Georgia State,North Texas,USC,Oklahoma State,Stanford,Auburn,Louisiana Tech,Southern Mississippi,TCU,Florida,Baylor,UAB,Arizona State,Arizona,UCLA,East Carolina,California,Tulsa,Michigan State,BYU,Texas Tech,Purdue,Colorado,Iowa,Texas A&M,Minnesota,NC State,Kansas State,Indiana,Florida State,Syracuse,Wake Forest,Western Kentucky,Virginia,Middle Tennessee,Charlotte,Pittsburgh,Coastal Carolina,Missouri,Boston College,West Virginia,Mississippi State,Tennessee,Oregon State,Kentucky,Colorado State,South Carolina,Duke,San José State,North Carolina,UTSA,Louisville,Illinois,Ole Miss
A24: =A23+1 -> 23 | B24: =B12+1 -> 2 | C24: 11 | D24: =D3 -> Nick A. | E24: =if(F24<>"",VLOOKUP(F24,offset('Teams-Conference'!A:B,0,(counta('Draft Order'!B$2:B129)-10)*2),2,0),"") -> Pac12 | F24: Washington State | H24: =countif(E25:E34,E24) -> 0 | I24: =countif(E25:E46,E24) -> 0 | J24: =countif(E14:E23,E24) -> 2 | K24: =countif(E4:E24,E25) -> 2 | M24: =IFERROR(__xludf.DUMMYFUNCTION("counta(iferror(filter(L$2:L23,E$2:E23=E24,L$2:L23<L24)))"),0.0) -> 0 | N24: =IFERROR(__xludf.DUMMYFUNCTION("counta(iferror(filter(L25:L$129,E25:E$129=E24,L25:L$131>L24)))"),0.0) -> 0 | O24: {=XLOOKUP(F24,'Current Week'!B:B,'Current Week'!C:N)} -> 6 | P24: 6 | Q24: Pac-12 | R24: BYE | T24: bye | U24: bye | W24: 9999 | AA24: =$O24-max($O24:$O$392) -> -6 | AB24: =countif($O23:$O$2,"<"&$O24) -> 4 | AC24: =IFERROR(__xludf.DUMMYFUNCTION("iferror(COUNT(filter($O25:$O$392,$O25:$O$392>$O24)))"),46.0) -> 46 | AD24: =if(AA24=0,1,0) -> 0 | AE24: =$O24-min($O$2:$O24) -> 4 | AF24: =IFERROR(__xludf.DUMMYFUNCTION("iferror(join("","",index(sort(filter($F25:$F$393,$O25:$O$393>$O24),2,false),0,1)))"),"Notre Dame,San Diego State,Utah State,Air Force,Cincinnati,Nevada,Florida Atlantic,Wyoming,Temple,Hawaii,Buffalo,SMU,Miami-OH,Navy,Iowa State,Virginia Tech,LSU,Marshall,Wisconsin,Penn State,Georgia State,USC,Oklahoma State,Auburn,Louisiana Tech,Southern M"&"ississippi,Florida,Baylor,UAB,Arizona State,California,BYU,Iowa,Texas A&M,Minnesota,Kansas State,Indiana,Wake Forest,Western Kentucky,Virginia,Charlotte,Pittsburgh,Tennessee,Kentucky,Central Michigan,Louisville") -> Notre Dame,San Diego State,Utah State,Air Force,Cincinnati,Nevada,Florida Atlantic,Wyoming,Temple,Hawaii,Buffalo,SMU,Miami-OH,Navy,Iowa State,Virginia Tech,LSU,Marshall,Wisconsin,Penn State,Georgia State,USC,Oklahoma State,Auburn,Louisiana Tech,Southern Mississippi,Florida,Baylor,UAB,Arizona State,California,BYU,Iowa,Texas A&M,Minnesota,Kansas State,Indiana,Wake Forest,Western Kentucky,Virginia,Charlotte,Pittsburgh,Tennessee,Kentucky,Central Michigan,Louisville | AG24: =IFERROR(__xludf.DUMMYFUNCTION("iferror($O24-max(filter($O24:$O$392,$E24:$E$392=$E$2)))"),-6.0) -> -6 | AH24: =countifs($O23:$O$2,"<"&$O24,$E23:$E$2,$E$2) -> 0 | AI24: =IFERROR(__xludf.DUMMYFUNCTION("iferror(COUNT(filter($O25:$O$392,$O25:$O$392>$O24,$E24:$E$392=$E$2)))"),0.0) -> 0 | AJ24: =if(AG24=0,1,0) -> 0 | AK24: =IFERROR(__xludf.DUMMYFUNCTION("iferror($O24-min(filter($O24:$O$392,$E24:$E$392=$E$2)))"),4.0) -> 4 | AL24: =IFERROR(__xludf.DUMMYFUNCTION("iferror(join("","",index(sort(filter($F25:$F$392,$O25:$O$392>$O24,$E25:$E$392=$E$2),2,false),0,1)))"),"LSU,Auburn,Florida,Texas A&M,Tennessee,Kentucky") -> LSU,Auburn,Florida,Texas A&M,Tennessee,Kentucky | AM24: =IFERROR(__xludf.DUMMYFUNCTION("REGEXREPLACE(join("","",unique({let(conf_picked,filter(E$1:E23,D$1:D23=D24), byrow(unique(TRANSPOSe(Teams!$1:$1)),lambda(rw,if(ISERROR(match(rw,conf_picked,0)),rw,))));iferror(if(#REF!,,transpose(split(#REF!,"","",1,1))))})), ""^,"", """")"),"AAC,,Big 12,Big Ten,CUSA,MAC,MWC,Pac12,SEC,Sun Belt,Independent") -> AAC,,Big 12,Big Ten,CUSA,MAC,MWC,Pac12,SEC,Sun Belt,Independent | AN24: =IFERROR(__xludf.DUMMYFUNCTION("iferror($O24-max(filter($O24:$O$392,arrayformula(isnumber(FIND($E24:$E$392,AM24))))))"),-6.0) -> -6 | AO24: {=countifs($O$2:$O23,"<"&$O24,isnumber(FIND($E$2:$E23,AM24)),TRUE)} -> 4 | AP24: =IFERROR(__xludf.DUMMYFUNCTION("iferror(COUNT(filter($O25:$O$392,$O25:$O$392>$O24,arrayformula(isnumber(FIND($E25:$E$392,AM24))))))"),41.0) -> 41 | AQ24: =if(AN24=0,1,0) -> 0 | AR24: =IFERROR(__xludf.DUMMYFUNCTION("iferror($O24-min(filter($O24:$O$392,arrayformula(isnumber(FIND($E24:$E$392,AM24))))))"),6.0) -> 6 | AS24: =IFERROR(__xludf.DUMMYFUNCTION("iferror(join("","",index(sort(filter($F25:$F$392,$O25:$O$392>$O24,arrayformula(isnumber(FIND($E25:$E$392,AM24)))),2,false),0,1)))"),"Notre Dame,San Diego State,Utah State,Air Force,Cincinnati,Nevada,Florida Atlantic,Wyoming,Temple,Hawaii,Buffalo,SMU,Miami-OH,Navy,Iowa State,LSU,Marshall,Wisconsin,Penn State,Georgia State,USC,Oklahoma State,Auburn,Louisiana Tech,Southern Mississippi,Flo"&"rida,Baylor,UAB,Arizona State,California,BYU,Iowa,Texas A&M,Minnesota,Kansas State,Indiana,Western Kentucky,Charlotte,Tennessee,Kentucky,Central Michigan") -> Notre Dame,San Diego State,Utah State,Air Force,Cincinnati,Nevada,Florida Atlantic,Wyoming,Temple,Hawaii,Buffalo,SMU,Miami-OH,Navy,Iowa State,LSU,Marshall,Wisconsin,Penn State,Georgia State,USC,Oklahoma State,Auburn,Louisiana Tech,Southern Mississippi,Florida,Baylor,UAB,Arizona State,California,BYU,Iowa,Texas A&M,Minnesota,Kansas State,Indiana,Western Kentucky,Charlotte,Tennessee,Kentucky,Central Michigan
A25: =A24+1 -> 24 | B25: =B13+1 -> 2 | C25: 12 | D25: =D2 -> DavEmily | E25: =if(F25<>"",VLOOKUP(F25,offset('Teams-Conference'!A:B,0,(counta('Draft Order'!B$2:B129)-10)*2),2,0),"") -> Big 12 | F25: Notre Dame | H25: =countif(E26:E35,E25) -> 0 | I25: =countif(E26:E47,E25) -> 0 | J25: =countif(E15:E24,E25) -> 1 | K25: =countif(E5:E25,E26) -> 1 | M25: =IFERROR(__xludf.DUMMYFUNCTION("counta(iferror(filter(L$2:L24,E$2:E24=E25,L$2:L24<L25)))"),0.0) -> 0 | N25: =IFERROR(__xludf.DUMMYFUNCTION("counta(iferror(filter(L26:L$129,E26:E$129=E25,L26:L$131>L25)))"),0.0) -> 0 | O25: {=XLOOKUP(F25,'Current Week'!B:B,'Current Week'!C:N)} -> 10 | P25: 2 | Q25: NBC | R25: BYE | T25: bye | U25: bye | W25: 9999 | AA25: =$O25-max($O25:$O$392) -> -2 | AB25: =countif($O24:$O$2,"<"&$O25) -> 13 | AC25: =IFERROR(__xludf.DUMMYFUNCTION("iferror(COUNT(filter($O26:$O$392,$O26:$O$392>$O25)))"),2.0) -> 2 | AD25: =if(AA25=0,1,0) -> 0 | AE25: =$O25-min($O$2:$O25) -> 8 | AF25: =IFERROR(__xludf.DUMMYFUNCTION("iferror(join("","",index(sort(filter($F26:$F$393,$O26:$O$393>$O25),2,false),0,1)))"),"LSU,Baylor") -> LSU,Baylor | AG25: =IFERROR(__xludf.DUMMYFUNCTION("iferror($O25-max(filter($O25:$O$392,$E25:$E$392=$E$2)))"),-2.0) -> -2 | AH25: =countifs($O24:$O$2,"<"&$O25,$E24:$E$2,$E$2) -> 0 | AI25: =IFERROR(__xludf.DUMMYFUNCTION("iferror(COUNT(filter($O26:$O$392,$O26:$O$392>$O25,$E25:$E$392=$E$2)))"),0.0) -> 0 | AJ25: =if(AG25=0,1,0) -> 0 | AK25: =IFERROR(__xludf.DUMMYFUNCTION("iferror($O25-min(filter($O25:$O$392,$E25:$E$392=$E$2)))"),8.0) -> 8 | AL25: =IFERROR(__xludf.DUMMYFUNCTION("iferror(join("","",index(sort(filter($F26:$F$392,$O26:$O$392>$O25,$E26:$E$392=$E$2),2,false),0,1)))"),"LSU") -> LSU | AM25: =IFERROR(__xludf.DUMMYFUNCTION("REGEXREPLACE(join("","",unique({let(conf_picked,filter(E$1:E24,D$1:D24=D25), byrow(unique(TRANSPOSe(Teams!$1:$1)),lambda(rw,if(ISERROR(match(rw,conf_picked,0)),rw,))));iferror(if(#REF!,,transpose(split(#REF!,"","",1,1))))})), ""^,"", """")"),"AAC,ACC,Big 12,Big Ten,CUSA,MAC,MWC,Pac12,,Sun Belt,Independent") -> AAC,ACC,Big 12,Big Ten,CUSA,MAC,MWC,Pac12,,Sun Belt,Independent | AN25: =IFERROR(__xludf.DUMMYFUNCTION("iferror($O25-max(filter($O25:$O$392,arrayformula(isnumber(FIND($E25:$E$392,AM25))))))"),-1.0) -> -1 | AO25: {=countifs($O$2:$O24,"<"&$O25,isnumber(FIND($E$2:$E24,AM25)),TRUE)} -> 13 | AP25: =IFERROR(__xludf.DUMMYFUNCTION("iferror(COUNT(filter($O26:$O$392,$O26:$O$392>$O25,arrayformula(isnumber(FIND($E26:$E$392,AM25))))))"),1.0) -> 1 | AQ25: =if(AN25=0,1,0) -> 0 | AR25: =IFERROR(__xludf.DUMMYFUNCTION("iferror($O25-min(filter($O25:$O$392,arrayformula(isnumber(FIND($E25:$E$392,AM25))))))"),10.0) -> 10 | AS25: =IFERROR(__xludf.DUMMYFUNCTION("iferror(join("","",index(sort(filter($F26:$F$392,$O26:$O$392>$O25,arrayformula(isnumber(FIND($E26:$E$392,AM25)))),2,false),0,1)))"),"Baylor") -> Baylor
A26: =A25+1 -> 25 | B26: =B14+1 -> 3 | C26: 1 | D26: =D2 -> DavEmily | E26: =if(F26<>"",VLOOKUP(F26,offset('Teams-Conference'!A:B,0,(counta('Draft Order'!B$2:B129)-10)*2),2,0),"") -> MWC | F26: Fresno State | H26: =countif(E27:E36,E26) -> 4 | I26: =countif(E27:E48,E26) -> 6 | J26: =countif(E16:E25,E26) -> 0 | K26: =countif(E6:E26,E28) -> 1 | M26: =IFERROR(__xludf.DUMMYFUNCTION("counta(iferror(filter(L$2:L25,E$2:E25=E26,L$2:L25<L26)))"),0.0) -> 0 | N26: =IFERROR(__xludf.DUMMYFUNCTION("counta(iferror(filter(L27:L$129,E27:E$129=E26,L27:L$131>L26)))"),0.0) -> 0 | O26: {=XLOOKUP(F26,'Current Week'!B:B,'Current Week'!C:N)} -> 4 | P26: 8 | Q26: ESPN2 | R26: BYE | T26: bye | U26: bye | W26: 9999 | AA26: =$O26-max($O26:$O$392) -> -8 | AB26: =countif($O25:$O$2,"<"&$O26) -> 2 | AC26: =IFERROR(__xludf.DUMMYFUNCTION("iferror(COUNT(filter($O27:$O$392,$O27:$O$392>$O26)))"),69.0) -> 69 | AD26: =if(AA26=0,1,0) -> 0 | AE26: =$O26-min($O$2:$O26) -> 2 | AF26: =IFERROR(__xludf.DUMMYFUNCTION("iferror(join("","",index(sort(filter($F27:$F$393,$O27:$O$393>$O26),2,false),0,1)))"),"San Diego State,Utah State,Northern Illinois,UL Monroe,Air Force,Cincinnati,Nevada,Miami,Florida Atlantic,Wyoming,EMU,Temple,Hawaii,Florida Intl,Buffalo,SMU,Miami-OH,Navy,Tulane,Iowa State,Virginia Tech,Nebraska,LSU,Marshall,Wisconsin,Penn State,Georgia S"&"tate,USC,Oklahoma State,Auburn,Louisiana Tech,Southern Mississippi,TCU,Florida,Baylor,UAB,Arizona State,California,Michigan State,BYU,Colorado,Iowa,Texas A&M,Minnesota,Kansas State,Indiana,Florida State,Syracuse,Wake Forest,Western Kentucky,Virginia,Charl"&"otte,Pittsburgh,Ball State,Coastal Carolina,Missouri,Boston College,West Virginia,Mississippi State,Tennessee,Oregon State,Kent State,Kentucky,Central Michigan,Duke,San José State,North Carolina,Louisville,Illinois") -> San Diego State,Utah State,Northern Illinois,UL Monroe,Air Force,Cincinnati,Nevada,Miami,Florida Atlantic,Wyoming,EMU,Temple,Hawaii,Florida Intl,Buffalo,SMU,Miami-OH,Navy,Tulane,Iowa State,Virginia Tech,Nebraska,LSU,Marshall,Wisconsin,Penn State,Georgia State,USC,Oklahoma State,Auburn,Louisiana Tech,Southern Mississippi,TCU,Florida,Baylor,UAB,Arizona State,California,Michigan State,BYU,Colorado,Iowa,Texas A&M,Minnesota,Kansas State,Indiana,Florida State,Syracuse,Wake Forest,Western Kentucky,Virginia,Charlotte,Pittsburgh,Ball State,Coastal Carolina,Missouri,Boston College,West Virginia,Mississippi State,Tennessee,Oregon State,Kent State,Kentucky,Central Michigan,Duke,San José State,North Carolina,Louisville,Illinois | AG26: =IFERROR(__xludf.DUMMYFUNCTION("iferror($O26-max(filter($O26:$O$392,$E26:$E$392=$E$2)))"),-8.0) -> -8 | AH26: =countifs($O25:$O$2,"<"&$O26,$E25:$E$2,$E$2) -> 0 | AI26: =IFERROR(__xludf.DUMMYFUNCTION("iferror(COUNT(filter($O27:$O$392,$O27:$O$392>$O26,$E26:$E$392=$E$2)))"),0.0) -> 0 | AJ26: =if(AG26=0,1,0) -> 0 | AK26: =IFERROR(__xludf.DUMMYFUNCTION("iferror($O26-min(filter($O26:$O$392,$E26:$E$392=$E$2)))"),2.0) -> 2 | AL26: =IFERROR(__xludf.DUMMYFUNCTION("iferror(join("","",index(sort(filter($F27:$F$392,$O27:$O$392>$O26,$E27:$E$392=$E$2),2,false),0,1)))"),"LSU,Auburn,Florida,Texas A&M,Missouri,Mississippi State,Tennessee,Kentucky") -> LSU,Auburn,Florida,Texas A&M,Missouri,Mississippi State,Tennessee,Kentucky | AM26: =IFERROR(__xludf.DUMMYFUNCTION("REGEXREPLACE(join("","",unique({let(conf_picked,filter(E$1:E25,D$1:D25=D26), byrow(unique(TRANSPOSe(Teams!$1:$1)),lambda(rw,if(ISERROR(match(rw,conf_picked,0)),rw,))));iferror(if(#REF!,,transpose(split(#REF!,"","",1,1))))})), ""^,"", """")"),"AAC,ACC,,Big Ten,CUSA,MAC,MWC,Pac12,Sun Belt,Independent") -> AAC,ACC,,Big Ten,CUSA,MAC,MWC,Pac12,Sun Belt,Independent | AN26: =IFERROR(__xludf.DUMMYFUNCTION("iferror($O26-max(filter($O26:$O$392,arrayformula(isnumber(FIND($E26:$E$392,AM26))))))"),-6.0) -> -6 | AO26: {=countifs($O$2:$O25,"<"&$O26,isnumber(FIND($E$2:$E25,AM26)),TRUE)} -> 2 | AP26: =IFERROR(__xludf.DUMMYFUNCTION("iferror(COUNT(filter($O27:$O$392,$O27:$O$392>$O26,arrayformula(isnumber(FIND($E27:$E$392,AM26))))))"),54.0) -> 54 | AQ26: =if(AN26=0,1,0) -> 0 | AR26: =IFERROR(__xludf.DUMMYFUNCTION("iferror($O26-min(filter($O26:$O$392,arrayformula(isnumber(FIND($E26:$E$392,AM26))))))"),4.0) -> 4 | AS26: =IFERROR(__xludf.DUMMYFUNCTION("iferror(join("","",index(sort(filter($F27:$F$392,$O27:$O$392>$O26,arrayformula(isnumber(FIND($E27:$E$392,AM26)))),2,false),0,1)))"),"San Diego State,Utah State,Northern Illinois,UL Monroe,Air Force,Cincinnati,Nevada,Miami,Florida Atlantic,Wyoming,EMU,Temple,Hawaii,Florida Intl,Buffalo,SMU,Miami-OH,Navy,Tulane,Virginia Tech,Nebraska,Marshall,Wisconsin,Penn State,Georgia State,USC,Louisi"&"ana Tech,Southern Mississippi,UAB,Arizona State,California,Michigan State,Colorado,Iowa,Minnesota,Indiana,Florida State,Syracuse,Wake Forest,Western Kentucky,Virginia,Charlotte,Pittsburgh,Ball State,Coastal Carolina,Boston College,Oregon State,Kent State,"&"Central Michigan,Duke,San José State,North Carolina,Louisville,Illinois") -> San Diego State,Utah State,Northern Illinois,UL Monroe,Air Force,Cincinnati,Nevada,Miami,Florida Atlantic,Wyoming,EMU,Temple,Hawaii,Florida Intl,Buffalo,SMU,Miami-OH,Navy,Tulane,Virginia Tech,Nebraska,Marshall,Wisconsin,Penn State,Georgia State,USC,Louisiana Tech,Southern Mississippi,UAB,Arizona State,California,Michigan State,Colorado,Iowa,Minnesota,Indiana,Florida State,Syracuse,Wake Forest,Western Kentucky,Virginia,Charlotte,Pittsburgh,Ball State,Coastal Carolina,Boston College,Oregon State,Kent State,Central Michigan,Duke,San José State,North Carolina,Louisville,Illinois
A27: =A26+1 -> 26 | B27: =B15+1 -> 3 | C27: 2 | D27: =D3 -> Nick A. | E27: =if(F27<>"",VLOOKUP(F27,offset('Teams-Conference'!A:B,0,(counta('Draft Order'!B$2:B129)-10)*2),2,0),"") -> MWC | F27: San Diego State | H27: =countif(E28:E37,E27) -> 3 | I27: =countif(E28:E49,E27) -> 5 | J27: =countif(E17:E26,E27) -> 1 | M27: =IFERROR(__xludf.DUMMYFUNCTION("counta(iferror(filter(L$2:L26,E$2:E26=E27,L$2:L26<L27)))"),0.0) -> 0 | N27: =IFERROR(__xludf.DUMMYFUNCTION("counta(iferror(filter(L28:L$129,E28:E$129=E27,L28:L$131>L27)))"),0.0) -> 0 | O27: {=XLOOKUP(F27,'Current Week'!B:B,'Current Week'!C:N)} -> 9 | P27: 3 | Q27: ESPN2 | R27: BYE | T27: bye | U27: bye | W27: 9999 | AA27: =$O27-max($O27:$O$392) -> -3 | AB27: =countif($O26:$O$2,"<"&$O27) -> 12 | AC27: =IFERROR(__xludf.DUMMYFUNCTION("iferror(COUNT(filter($O28:$O$392,$O28:$O$392>$O27)))"),10.0) -> 10 | AD27: =if(AA27=0,1,0) -> 0 | AE27: =$O27-min($O$2:$O27) -> 7 | AF27: =IFERROR(__xludf.DUMMYFUNCTION("iferror(join("","",index(sort(filter($F28:$F$393,$O28:$O$393>$O27),2,false),0,1)))"),"Air Force,Cincinnati,SMU,Navy,LSU,Wisconsin,Penn State,Florida,Baylor,Minnesota") -> Air Force,Cincinnati,SMU,Navy,LSU,Wisconsin,Penn State,Florida,Baylor,Minnesota | AG27: =IFERROR(__xludf.DUMMYFUNCTION("iferror($O27-max(filter($O27:$O$392,$E27:$E$392=$E$2)))"),-3.0) -> -3 | AH27: =countifs($O26:$O$2,"<"&$O27,$E26:$E$2,$E$2) -> 0 | AI27: =IFERROR(__xludf.DUMMYFUNCTION("iferror(COUNT(filter($O28:$O$392,$O28:$O$392>$O27,$E27:$E$392=$E$2)))"),0.0) -> 0 | AJ27: =if(AG27=0,1,0) -> 0 | AK27: =IFERROR(__xludf.DUMMYFUNCTION("iferror($O27-min(filter($O27:$O$392,$E27:$E$392=$E$2)))"),7.0) -> 7 | AL27: =IFERROR(__xludf.DUMMYFUNCTION("iferror(join("","",index(sort(filter($F28:$F$392,$O28:$O$392>$O27,$E28:$E$392=$E$2),2,false),0,1)))"),"LSU,Florida") -> LSU,Florida | AM27: =IFERROR(__xludf.DUMMYFUNCTION("REGEXREPLACE(join("","",unique({let(conf_picked,filter(E$1:E26,D$1:D26=D27), byrow(unique(TRANSPOSe(Teams!$1:$1)),lambda(rw,if(ISERROR(match(rw,conf_picked,0)),rw,))));iferror(if(#REF!,,transpose(split(#REF!,"","",1,1))))})), ""^,"", """")"),"AAC,,Big 12,Big Ten,CUSA,MAC,MWC,SEC,Sun Belt,Independent") -> AAC,,Big 12,Big Ten,CUSA,MAC,MWC,SEC,Sun Belt,Independent | AN27: =IFERROR(__xludf.DUMMYFUNCTION("iferror($O27-max(filter($O27:$O$392,arrayformula(isnumber(FIND($E27:$E$392,AM27))))))"),-3.0) -> -3 | AO27: {=countifs($O$2:$O26,"<"&$O27,isnumber(FIND($E$2:$E26,AM27)),TRUE)} -> 10 | AP27: =IFERROR(__xludf.DUMMYFUNCTION("iferror(COUNT(filter($O28:$O$392,$O28:$O$392>$O27,arrayformula(isnumber(FIND($E28:$E$392,AM27))))))"),10.0) -> 10 | AQ27: =if(AN27=0,1,0) -> 0 | AR27: =IFERROR(__xludf.DUMMYFUNCTION("iferror($O27-min(filter($O27:$O$392,arrayformula(isnumber(FIND($E27:$E$392,AM27))))))"),9.0) -> 9 | AS27: =IFERROR(__xludf.DUMMYFUNCTION("iferror(join("","",index(sort(filter($F28:$F$392,$O28:$O$392>$O27,arrayformula(isnumber(FIND($E28:$E$392,AM27)))),2,false),0,1)))"),"Air Force,Cincinnati,SMU,Navy,LSU,Wisconsin,Penn State,Florida,Baylor,Minnesota") -> Air Force,Cincinnati,SMU,Navy,LSU,Wisconsin,Penn State,Florida,Baylor,Minnesota
A28: =A27+1 -> 27 | B28: =B16+1 -> 3 | C28: 3 | D28: =D4 -> Gary | E28: =if(F28<>"",VLOOKUP(F28,offset('Teams-Conference'!A:B,0,(counta('Draft Order'!B$2:B129)-10)*2),2,0),"") -> MWC | F28: Utah State | H28: =countif(E29:E38,E28) -> 3 | I28: =countif(E29:E50,E28) -> 4 | J28: =countif(E18:E27,E28) -> 2 | K28: =countif(E7:E28,E29) -> 2 | M28: =IFERROR(__xludf.DUMMYFUNCTION("counta(iferror(filter(L$2:L27,E$2:E27=E28,L$2:L27<L28)))"),0.0) -> 0 | N28: =IFERROR(__xludf.DUMMYFUNCTION("counta(iferror(filter(L29:L$129,E29:E$129=E28,L29:L$131>L28)))"),0.0) -> 0 | O28: {=XLOOKUP(F28,'Current Week'!B:B,'Current Week'!C:N)} -> 7 | P28: 5 | Q28: ESPNU | R28: BYE | T28: bye | U28: bye | W28: 9999 | AA28: =$O28-max($O28:$O$392) -> -5 | AB28: =countif($O27:$O$2,"<"&$O28) -> 8 | AC28: =IFERROR(__xludf.DUMMYFUNCTION("iferror(COUNT(filter($O29:$O$392,$O29:$O$392>$O28)))"),28.0) -> 28 | AD28: =if(AA28=0,1,0) -> 0 | AE28: =$O28-min($O$2:$O28) -> 5 | AF28: =IFERROR(__xludf.DUMMYFUNCTION("iferror(join("","",index(sort(filter($F29:$F$393,$O29:$O$393>$O28),2,false),0,1)))"),"Air Force,Cincinnati,Florida Atlantic,Temple,Hawaii,SMU,Navy,Virginia Tech,LSU,Marshall,Wisconsin,Penn State,USC,Oklahoma State,Auburn,Louisiana Tech,Florida,Baylor,UAB,Iowa,Minnesota,Kansas State,Indiana,Wake Forest,Western Kentucky,Virginia,Central Mich"&"igan,Louisville") -> Air Force,Cincinnati,Florida Atlantic,Temple,Hawaii,SMU,Navy,Virginia Tech,LSU,Marshall,Wisconsin,Penn State,USC,Oklahoma State,Auburn,Louisiana Tech,Florida,Baylor,UAB,Iowa,Minnesota,Kansas State,Indiana,Wake Forest,Western Kentucky,Virginia,Central Michigan,Louisville | AG28: =IFERROR(__xludf.DUMMYFUNCTION("iferror($O28-max(filter($O28:$O$392,$E28:$E$392=$E$2)))"),-5.0) -> -5 | AH28: =countifs($O27:$O$2,"<"&$O28,$E27:$E$2,$E$2) -> 0 | AI28: =IFERROR(__xludf.DUMMYFUNCTION("iferror(COUNT(filter($O29:$O$392,$O29:$O$392>$O28,$E28:$E$392=$E$2)))"),0.0) -> 0 | AJ28: =if(AG28=0,1,0) -> 0 | AK28: =IFERROR(__xludf.DUMMYFUNCTION("iferror($O28-min(filter($O28:$O$392,$E28:$E$392=$E$2)))"),5.0) -> 5 | AL28: =IFERROR(__xludf.DUMMYFUNCTION("iferror(join("","",index(sort(filter($F29:$F$392,$O29:$O$392>$O28,$E29:$E$392=$E$2),2,false),0,1)))"),"LSU,Auburn,Florida") -> LSU,Auburn,Florida | AM28: =IFERROR(__xludf.DUMMYFUNCTION("REGEXREPLACE(join("","",unique({let(conf_picked,filter(E$1:E27,D$1:D27=D28), byrow(unique(TRANSPOSe(Teams!$1:$1)),lambda(rw,if(ISERROR(match(rw,conf_picked,0)),rw,))));iferror(if(#REF!,,transpose(split(#REF!,"","",1,1))))})), ""^,"", """")"),"AAC,ACC,Big 12,Big Ten,CUSA,,MWC,Pac12,SEC,Independent") -> AAC,ACC,Big 12,Big Ten,CUSA,,MWC,Pac12,SEC,Independent | AN28: =IFERROR(__xludf.DUMMYFUNCTION("iferror($O28-max(filter($O28:$O$392,arrayformula(isnumber(FIND($E28:$E$392,AM28))))))"),-5.0) -> -5 | AO28: {=countifs($O$2:$O27,"<"&$O28,isnumber(FIND($E$2:$E27,AM28)),TRUE)} -> 2 | AP28: =IFERROR(__xludf.DUMMYFUNCTION("iferror(COUNT(filter($O29:$O$392,$O29:$O$392>$O28,arrayformula(isnumber(FIND($E29:$E$392,AM28))))))"),27.0) -> 27 | AQ28: =if(AN28=0,1,0) -> 0 | AR28: =IFERROR(__xludf.DUMMYFUNCTION("iferror($O28-min(filter($O28:$O$392,arrayformula(isnumber(FIND($E28:$E$392,AM28))))))"),6.0) -> 6 | AS28: =IFERROR(__xludf.DUMMYFUNCTION("iferror(join("","",index(sort(filter($F29:$F$392,$O29:$O$392>$O28,arrayformula(isnumber(FIND($E29:$E$392,AM28)))),2,false),0,1)))"),"Air Force,Cincinnati,Florida Atlantic,Temple,Hawaii,SMU,Navy,Virginia Tech,LSU,Marshall,Wisconsin,Penn State,USC,Oklahoma State,Auburn,Louisiana Tech,Florida,Baylor,UAB,Iowa,Minnesota,Kansas State,Indiana,Wake Forest,Western Kentucky,Virginia,Louisville") -> Air Force,Cincinnati,Florida Atlantic,Temple,Hawaii,SMU,Navy,Virginia Tech,LSU,Marshall,Wisconsin,Penn State,USC,Oklahoma State,Auburn,Louisiana Tech,Florida,Baylor,UAB,Iowa,Minnesota,Kansas State,Indiana,Wake Forest,Western Kentucky,Virginia,Louisville
A29: =A28+1 -> 28 | B29: =B17+1 -> 3 | C29: 4 | D29: =D5 -> Janice/Mike | E29: =if(F29<>"",VLOOKUP(F29,offset('Teams-Conference'!A:B,0,(counta('Draft Order'!B$2:B129)-10)*2),2,0),"") -> MAC | F29: Northern Illinois | H29: =countif(E30:E39,E29) -> 1 | I29: =countif(E30:E51,E29) -> 3 | J29: =countif(E19:E28,E29) -> 1 | K29: =countif(E8:E29,E30) -> 2 | M29: =IFERROR(__xludf.DUMMYFUNCTION("counta(iferror(filter(L$2:L28,E$2:E28=E29,L$2:L28<L29)))"),0.0) -> 0 | N29: =IFERROR(__xludf.DUMMYFUNCTION("counta(iferror(filter(L30:L$129,E30:E$129=E29,L30:L$131>L29)))"),0.0) -> 0 | O29: {=XLOOKUP(F29,'Current Week'!B:B,'Current Week'!C:N)} -> 5 | P29: 7 | Q29: ESPNU | R29: BYE | T29: bye | U29: bye | W29: 9999 | AA29: =$O29-max($O29:$O$392) -> -7 | AB29: =countif($O28:$O$2,"<"&$O29) -> 3 | AC29: =IFERROR(__xludf.DUMMYFUNCTION("iferror(COUNT(filter($O30:$O$392,$O30:$O$392>$O29)))"),55.0) -> 55 | AD29: =if(AA29=0,1,0) -> 0 | AE29: =$O29-min($O$2:$O29) -> 3 | AF29: =IFERROR(__xludf.DUMMYFUNCTION("iferror(join("","",index(sort(filter($F30:$F$393,$O30:$O$393>$O29),2,false),0,1)))"),"Air Force,Cincinnati,Nevada,Miami,Florida Atlantic,Wyoming,EMU,Temple,Hawaii,Florida Intl,Buffalo,SMU,Miami-OH,Navy,Tulane,Iowa State,Virginia Tech,LSU,Marshall,Wisconsin,Penn State,Georgia State,USC,Oklahoma State,Auburn,Louisiana Tech,Southern Mississip"&"pi,Florida,Baylor,UAB,Arizona State,California,Michigan State,BYU,Iowa,Texas A&M,Minnesota,Kansas State,Indiana,Florida State,Wake Forest,Western Kentucky,Virginia,Charlotte,Pittsburgh,Missouri,Boston College,Mississippi State,Tennessee,Kent State,Kentuck"&"y,Central Michigan,North Carolina,Louisville,Illinois") -> Air Force,Cincinnati,Nevada,Miami,Florida Atlantic,Wyoming,EMU,Temple,Hawaii,Florida Intl,Buffalo,SMU,Miami-OH,Navy,Tulane,Iowa State,Virginia Tech,LSU,Marshall,Wisconsin,Penn State,Georgia State,USC,Oklahoma State,Auburn,Louisiana Tech,Southern Mississippi,Florida,Baylor,UAB,Arizona State,California,Michigan State,BYU,Iowa,Texas A&M,Minnesota,Kansas State,Indiana,Florida State,Wake Forest,Western Kentucky,Virginia,Charlotte,Pittsburgh,Missouri,Boston College,Mississippi State,Tennessee,Kent State,Kentucky,Central Michigan,North Carolina,Louisville,Illinois | AG29: =IFERROR(__xludf.DUMMYFUNCTION("iferror($O29-max(filter($O29:$O$392,$E29:$E$392=$E$2)))"),-7.0) -> -7 | AH29: =countifs($O28:$O$2,"<"&$O29,$E28:$E$2,$E$2) -> 0 | AI29: =IFERROR(__xludf.DUMMYFUNCTION("iferror(COUNT(filter($O30:$O$392,$O30:$O$392>$O29,$E29:$E$392=$E$2)))"),0.0) -> 0 | AJ29: =if(AG29=0,1,0) -> 0 | AK29: =IFERROR(__xludf.DUMMYFUNCTION("iferror($O29-min(filter($O29:$O$392,$E29:$E$392=$E$2)))"),3.0) -> 3 | AL29: =IFERROR(__xludf.DUMMYFUNCTION("iferror(join("","",index(sort(filter($F30:$F$392,$O30:$O$392>$O29,$E30:$E$392=$E$2),2,false),0,1)))"),"LSU,Auburn,Florida,Texas A&M,Missouri,Mississippi State,Tennessee,Kentucky") -> LSU,Auburn,Florida,Texas A&M,Missouri,Mississippi State,Tennessee,Kentucky | AM29: =IFERROR(__xludf.DUMMYFUNCTION("REGEXREPLACE(join("","",unique({let(conf_picked,filter(E$1:E28,D$1:D28=D29), byrow(unique(TRANSPOSe(Teams!$1:$1)),lambda(rw,if(ISERROR(match(rw,conf_picked,0)),rw,))));iferror(if(#REF!,,transpose(split(#REF!,"","",1,1))))})), ""^,"", """")"),"AAC,ACC,Big 12,Big Ten,CUSA,MAC,,Pac12,SEC,Independent") -> AAC,ACC,Big 12,Big Ten,CUSA,MAC,,Pac12,SEC,Independent | AN29: =IFERROR(__xludf.DUMMYFUNCTION("iferror($O29-max(filter($O29:$O$392,arrayformula(isnumber(FIND($E29:$E$392,AM29))))))"),-7.0) -> -7 | AO29: {=countifs($O$2:$O28,"<"&$O29,isnumber(FIND($E$2:$E28,AM29)),TRUE)} -> 0 | AP29: =IFERROR(__xludf.DUMMYFUNCTION("iferror(COUNT(filter($O30:$O$392,$O30:$O$392>$O29,arrayformula(isnumber(FIND($E30:$E$392,AM29))))))"),50.0) -> 50 | AQ29: =if(AN29=0,1,0) -> 0 | AR29: =IFERROR(__xludf.DUMMYFUNCTION("iferror($O29-min(filter($O29:$O$392,arrayformula(isnumber(FIND($E29:$E$392,AM29))))))"),5.0) -> 5 | AS29: =IFERROR(__xludf.DUMMYFUNCTION("iferror(join("","",index(sort(filter($F30:$F$392,$O30:$O$392>$O29,arrayformula(isnumber(FIND($E30:$E$392,AM29)))),2,false),0,1)))"),"Cincinnati,Miami,Florida Atlantic,EMU,Temple,Florida Intl,Buffalo,SMU,Miami-OH,Navy,Tulane,Iowa State,Virginia Tech,LSU,Marshall,Wisconsin,Penn State,USC,Oklahoma State,Auburn,Louisiana Tech,Southern Mississippi,Florida,Baylor,UAB,Arizona State,California"&",Michigan State,BYU,Iowa,Texas A&M,Minnesota,Kansas State,Indiana,Florida State,Wake Forest,Western Kentucky,Virginia,Charlotte,Pittsburgh,Missouri,Boston College,Mississippi State,Tennessee,Kent State,Kentucky,Central Michigan,North Carolina,Louisville,I"&"llinois") -> Cincinnati,Miami,Florida Atlantic,EMU,Temple,Florida Intl,Buffalo,SMU,Miami-OH,Navy,Tulane,Iowa State,Virginia Tech,LSU,Marshall,Wisconsin,Penn State,USC,Oklahoma State,Auburn,Louisiana Tech,Southern Mississippi,Florida,Baylor,UAB,Arizona State,California,Michigan State,BYU,Iowa,Texas A&M,Minnesota,Kansas State,Indiana,Florida State,Wake Forest,Western Kentucky,Virginia,Charlotte,Pittsburgh,Missouri,Boston College,Mississippi State,Tennessee,Kent State,Kentucky,Central Michigan,North Carolina,Louisville,Illinois
A30: =A29+1 -> 29 | B30: =B18+1 -> 3 | C30: 5 | D30: =D6 -> Nico | E30: =if(F30<>"",VLOOKUP(F30,offset('Teams-Conference'!A:B,0,(counta('Draft Order'!B$2:B129)-10)*2),2,0),"") -> AAC | F30: Houston | H30: =countif(E31:E40,E30) -> 3 | I30: =countif(E31:E52,E30) -> 6 | J30: =countif(E20:E29,E30) -> 0 | K30: =countif(E9:E30,E31) -> 5 | M30: =IFERROR(__xludf.DUMMYFUNCTION("counta(iferror(filter(L$2:L29,E$2:E29=E30,L$2:L29<L30)))"),0.0) -> 0 | N30: =IFERROR(__xludf.DUMMYFUNCTION("counta(iferror(filter(L31:L$129,E31:E$129=E30,L31:L$131>L30)))"),0.0) -> 0 | O30: {=XLOOKUP(F30,'Current Week'!B:B,'Current Week'!C:N)} -> 4 | P30: 8 | Q30: ESPN2 | R30: BYE | T30: bye | U30: bye | W30: 9999 | AA30: =$O30-max($O30:$O$392) -> -8 | AB30: =countif($O29:$O$2,"<"&$O30) -> 2 | AC30: =IFERROR(__xludf.DUMMYFUNCTION("iferror(COUNT(filter($O31:$O$392,$O31:$O$392>$O30)))"),66.0) -> 66 | AD30: =if(AA30=0,1,0) -> 0 | AE30: =$O30-min($O$2:$O30) -> 2 | AF30: =IFERROR(__xludf.DUMMYFUNCTION("iferror(join("","",index(sort(filter($F31:$F$393,$O31:$O$393>$O30),2,false),0,1)))"),"UL Monroe,Air Force,Cincinnati,Nevada,Miami,Florida Atlantic,Wyoming,EMU,Temple,Hawaii,Florida Intl,Buffalo,SMU,Miami-OH,Navy,Tulane,Iowa State,Virginia Tech,Nebraska,LSU,Marshall,Wisconsin,Penn State,Georgia State,USC,Oklahoma State,Auburn,Louisiana Tech"&",Southern Mississippi,TCU,Florida,Baylor,UAB,Arizona State,California,Michigan State,BYU,Colorado,Iowa,Texas A&M,Minnesota,Kansas State,Indiana,Florida State,Syracuse,Wake Forest,Western Kentucky,Virginia,Charlotte,Pittsburgh,Ball State,Coastal Carolina,M"&"issouri,Boston College,West Virginia,Mississippi State,Tennessee,Oregon State,Kent State,Kentucky,Central Michigan,Duke,San José State,North Carolina,Louisville,Illinois") -> UL Monroe,Air Force,Cincinnati,Nevada,Miami,Florida Atlantic,Wyoming,EMU,Temple,Hawaii,Florida Intl,Buffalo,SMU,Miami-OH,Navy,Tulane,Iowa State,Virginia Tech,Nebraska,LSU,Marshall,Wisconsin,Penn State,Georgia State,USC,Oklahoma State,Auburn,Louisiana Tech,Southern Mississippi,TCU,Florida,Baylor,UAB,Arizona State,California,Michigan State,BYU,Colorado,Iowa,Texas A&M,Minnesota,Kansas State,Indiana,Florida State,Syracuse,Wake Forest,Western Kentucky,Virginia,Charlotte,Pittsburgh,Ball State,Coastal Carolina,Missouri,Boston College,West Virginia,Mississippi State,Tennessee,Oregon State,Kent State,Kentucky,Central Michigan,Duke,San José State,North Carolina,Louisville,Illinois | AG30: =IFERROR(__xludf.DUMMYFUNCTION("iferror($O30-max(filter($O30:$O$392,$E30:$E$392=$E$2)))"),-8.0) -> -8 | AH30: =countifs($O29:$O$2,"<"&$O30,$E29:$E$2,$E$2) -> 0 | AI30: =IFERROR(__xludf.DUMMYFUNCTION("iferror(COUNT(filter($O31:$O$392,$O31:$O$392>$O30,$E30:$E$392=$E$2)))"),0.0) -> 0 | AJ30: =if(AG30=0,1,0) -> 0 | AK30: =IFERROR(__xludf.DUMMYFUNCTION("iferror($O30-min(filter($O30:$O$392,$E30:$E$392=$E$2)))"),2.0) -> 2 | AL30: =IFERROR(__xludf.DUMMYFUNCTION("iferror(join("","",index(sort(filter($F31:$F$392,$O31:$O$392>$O30,$E31:$E$392=$E$2),2,false),0,1)))"),"LSU,Auburn,Florida,Texas A&M,Missouri,Mississippi State,Tennessee,Kentucky") -> LSU,Auburn,Florida,Texas A&M,Missouri,Mississippi State,Tennessee,Kentucky | AM30: =IFERROR(__xludf.DUMMYFUNCTION("REGEXREPLACE(join("","",unique({let(conf_picked,filter(E$1:E29,D$1:D29=D30), byrow(unique(TRANSPOSe(Teams!$1:$1)),lambda(rw,if(ISERROR(match(rw,conf_picked,0)),rw,))));iferror(if(#REF!,,transpose(split(#REF!,"","",1,1))))})), ""^,"", """")"),"AAC,ACC,Big 12,Big Ten,CUSA,MAC,MWC,Pac12,,Independent") -> AAC,ACC,Big 12,Big Ten,CUSA,MAC,MWC,Pac12,,Independent | AN30: =IFERROR(__xludf.DUMMYFUNCTION("iferror($O30-max(filter($O30:$O$392,arrayformula(isnumber(FIND($E30:$E$392,AM30))))))"),-7.0) -> -7 | AO30: {=countifs($O$2:$O29,"<"&$O30,isnumber(FIND($E$2:$E29,AM30)),TRUE)} -> 0 | AP30: =IFERROR(__xludf.DUMMYFUNCTION("iferror(COUNT(filter($O31:$O$392,$O31:$O$392>$O30,arrayformula(isnumber(FIND($E31:$E$392,AM30))))))"),55.0) -> 55 | AQ30: =if(AN30=0,1,0) -> 0 | AR30: =IFERROR(__xludf.DUMMYFUNCTION("iferror($O30-min(filter($O30:$O$392,arrayformula(isnumber(FIND($E30:$E$392,AM30))))))"),4.0) -> 4 | AS30: =IFERROR(__xludf.DUMMYFUNCTION("iferror(join("","",index(sort(filter($F31:$F$392,$O31:$O$392>$O30,arrayformula(isnumber(FIND($E31:$E$392,AM30)))),2,false),0,1)))"),"Air Force,Cincinnati,Nevada,Miami,Florida Atlantic,Wyoming,EMU,Temple,Hawaii,Florida Intl,Buffalo,SMU,Miami-OH,Navy,Tulane,Iowa State,Virginia Tech,Nebraska,Marshall,Wisconsin,Penn State,USC,Oklahoma State,Louisiana Tech,Southern Mississippi,TCU,Baylor,UA"&"B,Arizona State,California,Michigan State,BYU,Colorado,Iowa,Minnesota,Kansas State,Indiana,Florida State,Syracuse,Wake Forest,Western Kentucky,Virginia,Charlotte,Pittsburgh,Ball State,Boston College,West Virginia,Oregon State,Kent State,Central Michigan,D"&"uke,San José State,North Carolina,Louisville,Illinois") -> Air Force,Cincinnati,Nevada,Miami,Florida Atlantic,Wyoming,EMU,Temple,Hawaii,Florida Intl,Buffalo,SMU,Miami-OH,Navy,Tulane,Iowa State,Virginia Tech,Nebraska,Marshall,Wisconsin,Penn State,USC,Oklahoma State,Louisiana Tech,Southern Mississippi,TCU,Baylor,UAB,Arizona State,California,Michigan State,BYU,Colorado,Iowa,Minnesota,Kansas State,Indiana,Florida State,Syracuse,Wake Forest,Western Kentucky,Virginia,Charlotte,Pittsburgh,Ball State,Boston College,West Virginia,Oregon State,Kent State,Central Michigan,Duke,San José State,North Carolina,Louisville,Illinois
A31: =A30+1 -> 30 | B31: =B19+1 -> 3 | C31: 6 | D31: =D7 -> Jeannine | E31: =if(F31<>"",VLOOKUP(F31,offset('Teams-Conference'!A:B,0,(counta('Draft Order'!B$2:B129)-10)*2),2,0),"") -> Sun Belt | F31: UL Monroe | H31: =countif(E32:E41,E31) -> 0 | I31: =countif(E32:E53,E31) -> 0 | J31: =countif(E21:E30,E31) -> 3 | K31: =countif(E10:E31,E32) -> 2 | M31: =IFERROR(__xludf.DUMMYFUNCTION("counta(iferror(filter(L$2:L30,E$2:E30=E31,L$2:L30<L31)))"),0.0) -> 0 | N31: =IFERROR(__xludf.DUMMYFUNCTION("counta(iferror(filter(L32:L$129,E32:E$129=E31,L32:L$131>L31)))"),0.0) -> 0 | O31: {=XLOOKUP(F31,'Current Week'!B:B,'Current Week'!C:N)} -> 5 | P31: 7 | Q31: NA | R31: BYE | T31: bye | U31: bye | W31: 9999 | AA31: =$O31-max($O31:$O$392) -> -7 | AB31: =countif($O30:$O$2,"<"&$O31) -> 4 | AC31: =IFERROR(__xludf.DUMMYFUNCTION("iferror(COUNT(filter($O32:$O$392,$O32:$O$392>$O31)))"),55.0) -> 55 | AD31: =if(AA31=0,1,0) -> 0 | AE31: =$O31-min($O$2:$O31) -> 3 | AF31: =IFERROR(__xludf.DUMMYFUNCTION("iferror(join("","",index(sort(filter($F32:$F$393,$O32:$O$393>$O31),2,false),0,1)))"),"Air Force,Cincinnati,Nevada,Miami,Florida Atlantic,Wyoming,EMU,Temple,Hawaii,Florida Intl,Buffalo,SMU,Miami-OH,Navy,Tulane,Iowa State,Virginia Tech,LSU,Marshall,Wisconsin,Penn State,Georgia State,USC,Oklahoma State,Auburn,Louisiana Tech,Southern Mississip"&"pi,Florida,Baylor,UAB,Arizona State,California,Michigan State,BYU,Iowa,Texas A&M,Minnesota,Kansas State,Indiana,Florida State,Wake Forest,Western Kentucky,Virginia,Charlotte,Pittsburgh,Missouri,Boston College,Mississippi State,Tennessee,Kent State,Kentuck"&"y,Central Michigan,North Carolina,Louisville,Illinois") -> Air Force,Cincinnati,Nevada,Miami,Florida Atlantic,Wyoming,EMU,Temple,Hawaii,Florida Intl,Buffalo,SMU,Miami-OH,Navy,Tulane,Iowa State,Virginia Tech,LSU,Marshall,Wisconsin,Penn State,Georgia State,USC,Oklahoma State,Auburn,Louisiana Tech,Southern Mississippi,Florida,Baylor,UAB,Arizona State,California,Michigan State,BYU,Iowa,Texas A&M,Minnesota,Kansas State,Indiana,Florida State,Wake Forest,Western Kentucky,Virginia,Charlotte,Pittsburgh,Missouri,Boston College,Mississippi State,Tennessee,Kent State,Kentucky,Central Michigan,North Carolina,Louisville,Illinois | AG31: =IFERROR(__xludf.DUMMYFUNCTION("iferror($O31-max(filter($O31:$O$392,$E31:$E$392=$E$2)))"),-7.0) -> -7 | AH31: =countifs($O30:$O$2,"<"&$O31,$E30:$E$2,$E$2) -> 0 | AI31: =IFERROR(__xludf.DUMMYFUNCTION("iferror(COUNT(filter($O32:$O$392,$O32:$O$392>$O31,$E31:$E$392=$E$2)))"),0.0) -> 0 | AJ31: =if(AG31=0,1,0) -> 0 | AK31: =IFERROR(__xludf.DUMMYFUNCTION("iferror($O31-min(filter($O31:$O$392,$E31:$E$392=$E$2)))"),3.0) -> 3 | AL31: =IFERROR(__xludf.DUMMYFUNCTION("iferror(join("","",index(sort(filter($F32:$F$392,$O32:$O$392>$O31,$E32:$E$392=$E$2),2,false),0,1)))"),"LSU,Auburn,Florida,Texas A&M,Missouri,Mississippi State,Tennessee,Kentucky") -> LSU,Auburn,Florida,Texas A&M,Missouri,Mississippi State,Tennessee,Kentucky | AM31: =IFERROR(__xludf.DUMMYFUNCTION("REGEXREPLACE(join("","",unique({let(conf_picked,filter(E$1:E30,D$1:D30=D31), byrow(unique(TRANSPOSe(Teams!$1:$1)),lambda(rw,if(ISERROR(match(rw,conf_picked,0)),rw,))));iferror(if(#REF!,,transpose(split(#REF!,"","",1,1))))})), ""^,"", """")"),"AAC,ACC,,Big Ten,CUSA,MWC,Pac12,SEC,Sun Belt,Independent") -> AAC,ACC,,Big Ten,CUSA,MWC,Pac12,SEC,Sun Belt,Independent | AN31: =IFERROR(__xludf.DUMMYFUNCTION("iferror($O31-max(filter($O31:$O$392,arrayformula(isnumber(FIND($E31:$E$392,AM31))))))"),-7.0) -> -7 | AO31: {=countifs($O$2:$O30,"<"&$O31,isnumber(FIND($E$2:$E30,AM31)),TRUE)} -> 4 | AP31: =IFERROR(__xludf.DUMMYFUNCTION("iferror(COUNT(filter($O32:$O$392,$O32:$O$392>$O31,arrayformula(isnumber(FIND($E32:$E$392,AM31))))))"),45.0) -> 45 | AQ31: =if(AN31=0,1,0) -> 0 | AR31: =IFERROR(__xludf.DUMMYFUNCTION("iferror($O31-min(filter($O31:$O$392,arrayformula(isnumber(FIND($E31:$E$392,AM31))))))"),4.0) -> 4 | AS31: =IFERROR(__xludf.DUMMYFUNCTION("iferror(join("","",index(sort(filter($F32:$F$392,$O32:$O$392>$O31,arrayformula(isnumber(FIND($E32:$E$392,AM31)))),2,false),0,1)))"),"Air Force,Cincinnati,Nevada,Miami,Florida Atlantic,Wyoming,Temple,Hawaii,Florida Intl,SMU,Navy,Tulane,Virginia Tech,LSU,Marshall,Wisconsin,Penn State,Georgia State,USC,Auburn,Louisiana Tech,Southern Mississippi,Florida,UAB,Arizona State,California,Michiga"&"n State,Iowa,Texas A&M,Minnesota,Indiana,Florida State,Wake Forest,Western Kentucky,Virginia,Charlotte,Pittsburgh,Missouri,Boston College,Mississippi State,Tennessee,Kentucky,North Carolina,Louisville,Illinois") -> Air Force,Cincinnati,Nevada,Miami,Florida Atlantic,Wyoming,Temple,Hawaii,Florida Intl,SMU,Navy,Tulane,Virginia Tech,LSU,Marshall,Wisconsin,Penn State,Georgia State,USC,Auburn,Louisiana Tech,Southern Mississippi,Florida,UAB,Arizona State,California,Michigan State,Iowa,Texas A&M,Minnesota,Indiana,Florida State,Wake Forest,Western Kentucky,Virginia,Charlotte,Pittsburgh,Missouri,Boston College,Mississippi State,Tennessee,Kentucky,North Carolina,Louisville,Illinois
A32: =A31+1 -> 31 | B32: =B20+1 -> 3 | C32: 7 | D32: =D8 -> Justin | E32: =if(F32<>"",VLOOKUP(F32,offset('Teams-Conference'!A:B,0,(counta('Draft Order'!B$2:B129)-10)*2),2,0),"") -> AAC | F32: South Florida | H32: =countif(E33:E42,E32) -> 2 | I32: =countif(E33:E54,E32) -> 5 | J32: =countif(E22:E31,E32) -> 1 | K32: =countif(E11:E32,E33) -> 3 | M32: =IFERROR(__xludf.DUMMYFUNCTION("counta(iferror(filter(L$2:L31,E$2:E31=E32,L$2:L31<L32)))"),0.0) -> 0 | N32: =IFERROR(__xludf.DUMMYFUNCTION("counta(iferror(filter(L33:L$129,E33:E$129=E32,L33:L$131>L32)))"),0.0) -> 0 | O32: {=XLOOKUP(F32,'Current Week'!B:B,'Current Week'!C:N)} -> 4 | P32: 8 | Q32: CBSSN | R32: BYE | T32: bye | U32: bye | W32: 9999 | AA32: =$O32-max($O32:$O$392) -> -8 | AB32: =countif($O31:$O$2,"<"&$O32) -> 2 | AC32: =IFERROR(__xludf.DUMMYFUNCTION("iferror(COUNT(filter($O33:$O$392,$O33:$O$392>$O32)))"),65.0) -> 65 | AD32: =if(AA32=0,1,0) -> 0 | AE32: =$O32-min($O$2:$O32) -> 2 | AF32: =IFERROR(__xludf.DUMMYFUNCTION("iferror(join("","",index(sort(filter($F33:$F$393,$O33:$O$393>$O32),2,false),0,1)))"),"Air Force,Cincinnati,Nevada,Miami,Florida Atlantic,Wyoming,EMU,Temple,Hawaii,Florida Intl,Buffalo,SMU,Miami-OH,Navy,Tulane,Iowa State,Virginia Tech,Nebraska,LSU,Marshall,Wisconsin,Penn State,Georgia State,USC,Oklahoma State,Auburn,Louisiana Tech,Southern "&"Mississippi,TCU,Florida,Baylor,UAB,Arizona State,California,Michigan State,BYU,Colorado,Iowa,Texas A&M,Minnesota,Kansas State,Indiana,Florida State,Syracuse,Wake Forest,Western Kentucky,Virginia,Charlotte,Pittsburgh,Ball State,Coastal Carolina,Missouri,Bo"&"ston College,West Virginia,Mississippi State,Tennessee,Oregon State,Kent State,Kentucky,Central Michigan,Duke,San José State,North Carolina,Louisville,Illinois") -> Air Force,Cincinnati,Nevada,Miami,Florida Atlantic,Wyoming,EMU,Temple,Hawaii,Florida Intl,Buffalo,SMU,Miami-OH,Navy,Tulane,Iowa State,Virginia Tech,Nebraska,LSU,Marshall,Wisconsin,Penn State,Georgia State,USC,Oklahoma State,Auburn,Louisiana Tech,Southern Mississippi,TCU,Florida,Baylor,UAB,Arizona State,California,Michigan State,BYU,Colorado,Iowa,Texas A&M,Minnesota,Kansas State,Indiana,Florida State,Syracuse,Wake Forest,Western Kentucky,Virginia,Charlotte,Pittsburgh,Ball State,Coastal Carolina,Missouri,Boston College,West Virginia,Mississippi State,Tennessee,Oregon State,Kent State,Kentucky,Central Michigan,Duke,San José State,North Carolina,Louisville,Illinois | AG32: =IFERROR(__xludf.DUMMYFUNCTION("iferror($O32-max(filter($O32:$O$392,$E32:$E$392=$E$2)))"),-8.0) -> -8 | AH32: =countifs($O31:$O$2,"<"&$O32,$E31:$E$2,$E$2) -> 0 | AI32: =IFERROR(__xludf.DUMMYFUNCTION("iferror(COUNT(filter($O33:$O$392,$O33:$O$392>$O32,$E32:$E$392=$E$2)))"),0.0) -> 0 | AJ32: =if(AG32=0,1,0) -> 0 | AK32: =IFERROR(__xludf.DUMMYFUNCTION("iferror($O32-min(filter($O32:$O$392,$E32:$E$392=$E$2)))"),2.0) -> 2 | AL32: =IFERROR(__xludf.DUMMYFUNCTION("iferror(join("","",index(sort(filter($F33:$F$392,$O33:$O$392>$O32,$E33:$E$392=$E$2),2,false),0,1)))"),"LSU,Auburn,Florida,Texas A&M,Missouri,Mississippi State,Tennessee,Kentucky") -> LSU,Auburn,Florida,Texas A&M,Missouri,Mississippi State,Tennessee,Kentucky | AM32: =IFERROR(__xludf.DUMMYFUNCTION("REGEXREPLACE(join("","",unique({let(conf_picked,filter(E$1:E31,D$1:D31=D32), byrow(unique(TRANSPOSe(Teams!$1:$1)),lambda(rw,if(ISERROR(match(rw,conf_picked,0)),rw,))));iferror(if(#REF!,,transpose(split(#REF!,"","",1,1))))})), ""^,"", """")"),"AAC,ACC,Big 12,Big Ten,CUSA,MAC,MWC,,SEC,Independent") -> AAC,ACC,Big 12,Big Ten,CUSA,MAC,MWC,,SEC,Independent | AN32: =IFERROR(__xludf.DUMMYFUNCTION("iferror($O32-max(filter($O32:$O$392,arrayformula(isnumber(FIND($E32:$E$392,AM32))))))"),-8.0) -> -8 | AO32: {=countifs($O$2:$O31,"<"&$O32,isnumber(FIND($E$2:$E31,AM32)),TRUE)} -> 0 | AP32: =IFERROR(__xludf.DUMMYFUNCTION("iferror(COUNT(filter($O33:$O$392,$O33:$O$392>$O32,arrayformula(isnumber(FIND($E33:$E$392,AM32))))))"),58.0) -> 58 | AQ32: =if(AN32=0,1,0) -> 0 | AR32: =IFERROR(__xludf.DUMMYFUNCTION("iferror($O32-min(filter($O32:$O$392,arrayformula(isnumber(FIND($E32:$E$392,AM32))))))"),4.0) -> 4 | AS32: =IFERROR(__xludf.DUMMYFUNCTION("iferror(join("","",index(sort(filter($F33:$F$392,$O33:$O$392>$O32,arrayformula(isnumber(FIND($E33:$E$392,AM32)))),2,false),0,1)))"),"Air Force,Cincinnati,Nevada,Miami,Florida Atlantic,Wyoming,EMU,Temple,Hawaii,Florida Intl,Buffalo,SMU,Miami-OH,Navy,Tulane,Iowa State,Virginia Tech,Nebraska,LSU,Marshall,Wisconsin,Penn State,Oklahoma State,Auburn,Louisiana Tech,Southern Mississippi,TCU,Fl"&"orida,Baylor,UAB,Michigan State,BYU,Iowa,Texas A&M,Minnesota,Kansas State,Indiana,Florida State,Syracuse,Wake Forest,Western Kentucky,Virginia,Charlotte,Pittsburgh,Ball State,Missouri,Boston College,West Virginia,Mississippi State,Tennessee,Kent State,Ken"&"tucky,Central Michigan,Duke,San José State,North Carolina,Louisville,Illinois") -> Air Force,Cincinnati,Nevada,Miami,Florida Atlantic,Wyoming,EMU,Temple,Hawaii,Florida Intl,Buffalo,SMU,Miami-OH,Navy,Tulane,Iowa State,Virginia Tech,Nebraska,LSU,Marshall,Wisconsin,Penn State,Oklahoma State,Auburn,Louisiana Tech,Southern Mississippi,TCU,Florida,Baylor,UAB,Michigan State,BYU,Iowa,Texas A&M,Minnesota,Kansas State,Indiana,Florida State,Syracuse,Wake Forest,Western Kentucky,Virginia,Charlotte,Pittsburgh,Ball State,Missouri,Boston College,West Virginia,Mississippi State,Tennessee,Kent State,Kentucky,Central Michigan,Duke,San José State,North Carolina,Louisville,Illinois
A33: =A32+1 -> 32 | B33: =B21+1 -> 3 | C33: 8 | D33: =D9 -> Adam | E33: =if(F33<>"",VLOOKUP(F33,offset('Teams-Conference'!A:B,0,(counta('Draft Order'!B$2:B129)-10)*2),2,0),"") -> MWC | F33: Air Force | H33: =countif(E34:E43,E33) -> 3 | I33: =countif(E34:E55,E33) -> 4 | J33: =countif(E23:E32,E33) -> 3 | K33: =countif(E12:E33,E34) -> 3 | M33: =IFERROR(__xludf.DUMMYFUNCTION("counta(iferror(filter(L$2:L32,E$2:E32=E33,L$2:L32<L33)))"),0.0) -> 0 | N33: =IFERROR(__xludf.DUMMYFUNCTION("counta(iferror(filter(L34:L$129,E34:E$129=E33,L34:L$131>L33)))"),0.0) -> 0 | O33: {=XLOOKUP(F33,'Current Week'!B:B,'Current Week'!C:N)} -> 10 | P33: 2 | Q33: ESPN2 | R33: BYE | T33: bye | U33: bye | W33: 9999 | AA33: =$O33-max($O33:$O$392) -> -2 | AB33: =countif($O32:$O$2,"<"&$O33) -> 20 | AC33: =IFERROR(__xludf.DUMMYFUNCTION("iferror(COUNT(filter($O34:$O$392,$O34:$O$392>$O33)))"),2.0) -> 2 | AD33: =if(AA33=0,1,0) -> 0 | AE33: =$O33-min($O$2:$O33) -> 8 | AF33: =IFERROR(__xludf.DUMMYFUNCTION("iferror(join("","",index(sort(filter($F34:$F$393,$O34:$O$393>$O33),2,false),0,1)))"),"LSU,Baylor") -> LSU,Baylor | AG33: =IFERROR(__xludf.DUMMYFUNCTION("iferror($O33-max(filter($O33:$O$392,$E33:$E$392=$E$2)))"),-2.0) -> -2 | AH33: =countifs($O32:$O$2,"<"&$O33,$E32:$E$2,$E$2) -> 0 | AI33: =IFERROR(__xludf.DUMMYFUNCTION("iferror(COUNT(filter($O34:$O$392,$O34:$O$392>$O33,$E33:$E$392=$E$2)))"),0.0) -> 0 | AJ33: =if(AG33=0,1,0) -> 0 | AK33: =IFERROR(__xludf.DUMMYFUNCTION("iferror($O33-min(filter($O33:$O$392,$E33:$E$392=$E$2)))"),8.0) -> 8 | AL33: =IFERROR(__xludf.DUMMYFUNCTION("iferror(join("","",index(sort(filter($F34:$F$392,$O34:$O$392>$O33,$E34:$E$392=$E$2),2,false),0,1)))"),"LSU") -> LSU | AM33: =IFERROR(__xludf.DUMMYFUNCTION("REGEXREPLACE(join("","",unique({let(conf_picked,filter(E$1:E32,D$1:D32=D33), byrow(unique(TRANSPOSe(Teams!$1:$1)),lambda(rw,if(ISERROR(match(rw,conf_picked,0)),rw,))));iferror(if(#REF!,,transpose(split(#REF!,"","",1,1))))})), ""^,"", """")"),"ACC,Big Ten,CUSA,MAC,MWC,Pac12,SEC,Sun Belt,Independent") -> ACC,Big Ten,CUSA,MAC,MWC,Pac12,SEC,Sun Belt,Independent | AN33: =IFERROR(__xludf.DUMMYFUNCTION("iferror($O33-max(filter($O33:$O$392,arrayformula(isnumber(FIND($E33:$E$392,AM33))))))"),-2.0) -> -2 | AO33: {=countifs($O$2:$O32,"<"&$O33,isnumber(FIND($E$2:$E32,AM33)),TRUE)} -> 16 | AP33: =IFERROR(__xludf.DUMMYFUNCTION("iferror(COUNT(filter($O34:$O$392,$O34:$O$392>$O33,arrayformula(isnumber(FIND($E34:$E$392,AM33))))))"),1.0) -> 1 | AQ33: =if(AN33=0,1,0) -> 0 | AR33: =IFERROR(__xludf.DUMMYFUNCTION("iferror($O33-min(filter($O33:$O$392,arrayformula(isnumber(FIND($E33:$E$392,AM33))))))"),10.0) -> 10 | AS33: =IFERROR(__xludf.DUMMYFUNCTION("iferror(join("","",index(sort(filter($F34:$F$392,$O34:$O$392>$O33,arrayformula(isnumber(FIND($E34:$E$392,AM33)))),2,false),0,1)))"),"LSU") -> LSU
A34: =A33+1 -> 33 | B34: =B22+1 -> 3 | C34: 9 | D34: =D10 -> Vu | E34: =if(F34<>"",VLOOKUP(F34,offset('Teams-Conference'!A:B,0,(counta('Draft Order'!B$2:B129)-10)*2),2,0),"") -> AAC | F34: Cincinnati | H34: =countif(E35:E44,E34) -> 2 | I34: =countif(E35:E56,E34) -> 4 | J34: =countif(E24:E33,E34) -> 2 | K34: =countif(E15:E34,E36) -> 0 | M34: =IFERROR(__xludf.DUMMYFUNCTION("counta(iferror(filter(L$2:L33,E$2:E33=E34,L$2:L33<L34)))"),0.0) -> 0 | N34: =IFERROR(__xludf.DUMMYFUNCTION("counta(iferror(filter(L36:L$129,E36:E$129=E34,L36:L$131>L34)))"),0.0) -> 0 | O34: {=XLOOKUP(F34,'Current Week'!B:B,'Current Week'!C:N)} -> 10 | P34: 2 | Q34: CBSSN | R34: (21) Cincinnati at (16) Memphis | S34: SAT, DEC 7 3:30 PM ET | T34: 9½ | U34: 57½ | V34: Brad | W34: SAT, DEC 7 3:30 PM ET | AA34: =$O34-max($O34:$O$392) -> -2 | AB34: =countif($O33:$O$2,"<"&$O34) -> 20 | AC34: =IFERROR(__xludf.DUMMYFUNCTION("iferror(COUNT(filter($O35:$O$392,$O35:$O$392>$O34)))"),2.0) -> 2 | AD34: =if(AA34=0,1,0) -> 0 | AE34: =$O34-min($O$2:$O34) -> 8 | AF34: =IFERROR(__xludf.DUMMYFUNCTION("iferror(join("","",index(sort(filter($F35:$F$393,$O35:$O$393>$O34),2,false),0,1)))"),"LSU,Baylor") -> LSU,Baylor | AG34: =IFERROR(__xludf.DUMMYFUNCTION("iferror($O34-max(filter($O34:$O$392,$E34:$E$392=$E$2)))"),-2.0) -> -2 | AH34: =countifs($O33:$O$2,"<"&$O34,$E33:$E$2,$E$2) -> 0 | AI34: =IFERROR(__xludf.DUMMYFUNCTION("iferror(COUNT(filter($O35:$O$392,$O35:$O$392>$O34,$E34:$E$392=$E$2)))"),0.0) -> 0 | AJ34: =if(AG34=0,1,0) -> 0 | AK34: =IFERROR(__xludf.DUMMYFUNCTION("iferror($O34-min(filter($O34:$O$392,$E34:$E$392=$E$2)))"),8.0) -> 8 | AL34: =IFERROR(__xludf.DUMMYFUNCTION("iferror(join("","",index(sort(filter($F35:$F$392,$O35:$O$392>$O34,$E35:$E$392=$E$2),2,false),0,1)))"),"LSU") -> LSU | AM34: =IFERROR(__xludf.DUMMYFUNCTION("REGEXREPLACE(join("","",unique({let(conf_picked,filter(E$1:E33,D$1:D33=D34), byrow(unique(TRANSPOSe(Teams!$1:$1)),lambda(rw,if(ISERROR(match(rw,conf_picked,0)),rw,))));iferror(if(#REF!,,transpose(split(#REF!,"","",1,1))))})), ""^,"", """")"),"AAC,ACC,Big 12,,CUSA,MAC,MWC,SEC,Sun Belt,Independent") -> AAC,ACC,Big 12,,CUSA,MAC,MWC,SEC,Sun Belt,Independent | AN34: =IFERROR(__xludf.DUMMYFUNCTION("iferror($O34-max(filter($O34:$O$392,arrayformula(isnumber(FIND($E34:$E$392,AM34))))))"),-2.0) -> -2 | AO34: {=countifs($O$2:$O33,"<"&$O34,isnumber(FIND($E$2:$E33,AM34)),TRUE)} -> 17 | AP34: =IFERROR(__xludf.DUMMYFUNCTION("iferror(COUNT(filter($O35:$O$392,$O35:$O$392>$O34,arrayformula(isnumber(FIND($E35:$E$392,AM34))))))"),2.0) -> 2 | AQ34: =if(AN34=0,1,0) -> 0 | AR34: =IFERROR(__xludf.DUMMYFUNCTION("iferror($O34-min(filter($O34:$O$392,arrayformula(isnumber(FIND($E34:$E$392,AM34))))))"),10.0) -> 10 | AS34: =IFERROR(__xludf.DUMMYFUNCTION("iferror(join("","",index(sort(filter($F35:$F$392,$O35:$O$392>$O34,arrayformula(isnumber(FIND($E35:$E$392,AM34)))),2,false),0,1)))"),"LSU,Baylor") -> LSU,Baylor
A35: =A34+1 -> 34 | B35: =B23+1 -> 3 | C35: 10 | D35: =D11 -> Josh R. | E35: =if(F35<>"",VLOOKUP(F35,offset('Teams-Conference'!A:B,0,(counta('Draft Order'!B$2:B129)-10)*2),2,0),"") -> MWC | F35: Nevada | H35: =countif(E36:E45,E35) -> 2 | I35: =countif(E36:E57,E35) -> 4 | J35: =countif(E25:E34,E35) -> 4 | K35: =countif(E17:E36,E37) -> 0 | M35: =IFERROR(__xludf.DUMMYFUNCTION("counta(iferror(filter(L$2:L36,E$2:E36=E35,L$2:L36<L35)))"),0.0) -> 0 | N35: =IFERROR(__xludf.DUMMYFUNCTION("counta(iferror(filter(L37:L$129,E37:E$129=E35,L37:L$131>L35)))"),0.0) -> 0 | O35: {=XLOOKUP(F35,'Current Week'!B:B,'Current Week'!C:N)} -> 7 | P35: 5 | Q35: NA | R35: BYE | T35: bye | U35: bye | W35: 9999 | AA35: =$O35-max($O35:$O$392) -> -5 | AB35: =countif($O34:$O$2,"<"&$O35) -> 12 | AC35: =IFERROR(__xludf.DUMMYFUNCTION("iferror(COUNT(filter($O36:$O$392,$O36:$O$392>$O35)))"),26.0) -> 26 | AD35: =if(AA35=0,1,0) -> 0 | AE35: =$O35-min($O$2:$O35) -> 5 | AF35: =IFERROR(__xludf.DUMMYFUNCTION("iferror(join("","",index(sort(filter($F36:$F$393,$O36:$O$393>$O35),2,false),0,1)))"),"Florida Atlantic,Temple,Hawaii,SMU,Navy,Virginia Tech,LSU,Marshall,Wisconsin,Penn State,USC,Oklahoma State,Auburn,Louisiana Tech,Florida,Baylor,UAB,Iowa,Minnesota,Kansas State,Indiana,Wake Forest,Western Kentucky,Virginia,Central Michigan,Louisville") -> Florida Atlantic,Temple,Hawaii,SMU,Navy,Virginia Tech,LSU,Marshall,Wisconsin,Penn State,USC,Oklahoma State,Auburn,Louisiana Tech,Florida,Baylor,UAB,Iowa,Minnesota,Kansas State,Indiana,Wake Forest,Western Kentucky,Virginia,Central Michigan,Louisville | AG35: =IFERROR(__xludf.DUMMYFUNCTION("iferror($O35-max(filter($O35:$O$392,$E35:$E$392=$E$2)))"),-5.0) -> -5 | AH35: =countifs($O34:$O$2,"<"&$O35,$E34:$E$2,$E$2) -> 0 | AI35: =IFERROR(__xludf.DUMMYFUNCTION("iferror(COUNT(filter($O36:$O$392,$O36:$O$392>$O35,$E35:$E$392=$E$2)))"),0.0) -> 0 | AJ35: =if(AG35=0,1,0) -> 0 | AK35: =IFERROR(__xludf.DUMMYFUNCTION("iferror($O35-min(filter($O35:$O$392,$E35:$E$392=$E$2)))"),5.0) -> 5 | AL35: =IFERROR(__xludf.DUMMYFUNCTION("iferror(join("","",index(sort(filter($F36:$F$392,$O36:$O$392>$O35,$E36:$E$392=$E$2),2,false),0,1)))"),"LSU,Auburn,Florida") -> LSU,Auburn,Florida | AM35: =IFERROR(__xludf.DUMMYFUNCTION("REGEXREPLACE(join("","",unique({let(conf_picked,filter(E$1:E34,D$1:D34=D35), byrow(unique(TRANSPOSe(Teams!$1:$1)),lambda(rw,if(ISERROR(match(rw,conf_picked,0)),rw,))));iferror(if(#REF!,,transpose(split(#REF!,"","",1,1))))})), ""^,"", """")"),"AAC,ACC,Big 12,Big Ten,CUSA,,MWC,Pac12,SEC,Independent") -> AAC,ACC,Big 12,Big Ten,CUSA,,MWC,Pac12,SEC,Independent | AN35: =IFERROR(__xludf.DUMMYFUNCTION("iferror($O35-max(filter($O35:$O$392,arrayformula(isnumber(FIND($E35:$E$392,AM35))))))"),-5.0) -> -5 | AO35: {=countifs($O$2:$O34,"<"&$O35,isnumber(FIND($E$2:$E34,AM35)),TRUE)} -> 4 | AP35: =IFERROR(__xludf.DUMMYFUNCTION("iferror(COUNT(filter($O36:$O$392,$O36:$O$392>$O35,arrayformula(isnumber(FIND($E36:$E$392,AM35))))))"),25.0) -> 25 | AQ35: =if(AN35=0,1,0) -> 0 | AR35: =IFERROR(__xludf.DUMMYFUNCTION("iferror($O35-min(filter($O35:$O$392,arrayformula(isnumber(FIND($E35:$E$392,AM35))))))"),6.0) -> 6 | AS35: =IFERROR(__xludf.DUMMYFUNCTION("iferror(join("","",index(sort(filter($F36:$F$392,$O36:$O$392>$O35,arrayformula(isnumber(FIND($E36:$E$392,AM35)))),2,false),0,1)))"),"Florida Atlantic,Temple,Hawaii,SMU,Navy,Virginia Tech,LSU,Marshall,Wisconsin,Penn State,USC,Oklahoma State,Auburn,Louisiana Tech,Florida,Baylor,UAB,Iowa,Minnesota,Kansas State,Indiana,Wake Forest,Western Kentucky,Virginia,Louisville") -> Florida Atlantic,Temple,Hawaii,SMU,Navy,Virginia Tech,LSU,Marshall,Wisconsin,Penn State,USC,Oklahoma State,Auburn,Louisiana Tech,Florida,Baylor,UAB,Iowa,Minnesota,Kansas State,Indiana,Wake Forest,Western Kentucky,Virginia,Louisville
A36: =A35+1 -> 35 | B36: =B24+1 -> 3 | C36: 11 | D36: =D12 -> Brad | E36: =if(F36<>"",VLOOKUP(F36,offset('Teams-Conference'!A:B,0,(counta('Draft Order'!B$2:B129)-10)*2),2,0),"") -> ACC | F36: Miami | H36: =countif(E37:E46,E36) -> 0 | I36: =countif(E37:E58,E36) -> 1 | J36: =countif(E26:E35,E36) -> 0 | K36: =countif(E16:E36,E35) -> 5 | M36: =IFERROR(__xludf.DUMMYFUNCTION("counta(iferror(filter(L$2:L34,E$2:E34=E36,L$2:L34<L36)))"),0.0) -> 0 | N36: =IFERROR(__xludf.DUMMYFUNCTION("counta(iferror(filter(L35:L$129,E35:E$129=E36,L35:L$131>L36)))"),0.0) -> 0 | O36: {=XLOOKUP(F36,'Current Week'!B:B,'Current Week'!C:N)} -> 6 | P36: 6 | Q36: NA | R36: BYE | T36: bye | U36: bye | W36: 9999 | AA36: =$O36-max($O36:$O$392) -> -6 | AB36: =countif($O35:$O$2,"<"&$O36) -> 9 | AC36: =IFERROR(__xludf.DUMMYFUNCTION("iferror(COUNT(filter($O37:$O$392,$O37:$O$392>$O36)))"),40.0) -> 40 | AD36: =if(AA36=0,1,0) -> 0 | AE36: =$O36-min($O$2:$O36) -> 4 | AF36: =IFERROR(__xludf.DUMMYFUNCTION("iferror(join("","",index(sort(filter($F37:$F$393,$O37:$O$393>$O36),2,false),0,1)))"),"Florida Atlantic,Wyoming,Temple,Hawaii,Buffalo,SMU,Miami-OH,Navy,Iowa State,Virginia Tech,LSU,Marshall,Wisconsin,Penn State,Georgia State,USC,Oklahoma State,Auburn,Louisiana Tech,Southern Mississippi,Florida,Baylor,UAB,Arizona State,California,BYU,Iowa,Te"&"xas A&M,Minnesota,Kansas State,Indiana,Wake Forest,Western Kentucky,Virginia,Charlotte,Pittsburgh,Tennessee,Kentucky,Central Michigan,Louisville") -> Florida Atlantic,Wyoming,Temple,Hawaii,Buffalo,SMU,Miami-OH,Navy,Iowa State,Virginia Tech,LSU,Marshall,Wisconsin,Penn State,Georgia State,USC,Oklahoma State,Auburn,Louisiana Tech,Southern Mississippi,Florida,Baylor,UAB,Arizona State,California,BYU,Iowa,Texas A&M,Minnesota,Kansas State,Indiana,Wake Forest,Western Kentucky,Virginia,Charlotte,Pittsburgh,Tennessee,Kentucky,Central Michigan,Louisville | AG36: =IFERROR(__xludf.DUMMYFUNCTION("iferror($O36-max(filter($O36:$O$392,$E36:$E$392=$E$2)))"),-6.0) -> -6 | AH36: =countifs($O35:$O$2,"<"&$O36,$E35:$E$2,$E$2) -> 0 | AI36: =IFERROR(__xludf.DUMMYFUNCTION("iferror(COUNT(filter($O37:$O$392,$O37:$O$392>$O36,$E36:$E$392=$E$2)))"),0.0) -> 0 | AJ36: =if(AG36=0,1,0) -> 0 | AK36: =IFERROR(__xludf.DUMMYFUNCTION("iferror($O36-min(filter($O36:$O$392,$E36:$E$392=$E$2)))"),4.0) -> 4 | AL36: =IFERROR(__xludf.DUMMYFUNCTION("iferror(join("","",index(sort(filter($F37:$F$392,$O37:$O$392>$O36,$E37:$E$392=$E$2),2,false),0,1)))"),"LSU,Auburn,Florida,Texas A&M,Tennessee,Kentucky") -> LSU,Auburn,Florida,Texas A&M,Tennessee,Kentucky | AM36: =IFERROR(__xludf.DUMMYFUNCTION("REGEXREPLACE(join("","",unique({let(conf_picked,filter(E$1:E35,D$1:D35=D36), byrow(unique(TRANSPOSe(Teams!$1:$1)),lambda(rw,if(ISERROR(match(rw,conf_picked,0)),rw,))));iferror(if(#REF!,,transpose(split(#REF!,"","",1,1))))})), ""^,"", """")"),"ACC,Big 12,Big Ten,CUSA,MAC,MWC,SEC,Sun Belt,Independent") -> ACC,Big 12,Big Ten,CUSA,MAC,MWC,SEC,Sun Belt,Independent | AN36: =IFERROR(__xludf.DUMMYFUNCTION("iferror($O36-max(filter($O36:$O$392,arrayformula(isnumber(FIND($E36:$E$392,AM36))))))"),-6.0) -> -6 | AO36: {=countifs($O$2:$O35,"<"&$O36,isnumber(FIND($E$2:$E35,AM36)),TRUE)} -> 7 | AP36: =IFERROR(__xludf.DUMMYFUNCTION("iferror(COUNT(filter($O37:$O$392,$O37:$O$392>$O36,arrayformula(isnumber(FIND($E37:$E$392,AM36))))))"),34.0) -> 34 | AQ36: =if(AN36=0,1,0) -> 0 | AR36: =IFERROR(__xludf.DUMMYFUNCTION("iferror($O36-min(filter($O36:$O$392,arrayformula(isnumber(FIND($E36:$E$392,AM36))))))"),6.0) -> 6 | AS36: =IFERROR(__xludf.DUMMYFUNCTION("iferror(join("","",index(sort(filter($F37:$F$392,$O37:$O$392>$O36,arrayformula(isnumber(FIND($E37:$E$392,AM36)))),2,false),0,1)))"),"Florida Atlantic,Wyoming,Hawaii,Buffalo,Miami-OH,Iowa State,Virginia Tech,LSU,Marshall,Wisconsin,Penn State,Georgia State,Oklahoma State,Auburn,Louisiana Tech,Southern Mississippi,Florida,Baylor,UAB,BYU,Iowa,Texas A&M,Minnesota,Kansas State,Indiana,Wake F"&"orest,Western Kentucky,Virginia,Charlotte,Pittsburgh,Tennessee,Kentucky,Central Michigan,Louisville") -> Florida Atlantic,Wyoming,Hawaii,Buffalo,Miami-OH,Iowa State,Virginia Tech,LSU,Marshall,Wisconsin,Penn State,Georgia State,Oklahoma State,Auburn,Louisiana Tech,Southern Mississippi,Florida,Baylor,UAB,BYU,Iowa,Texas A&M,Minnesota,Kansas State,Indiana,Wake Forest,Western Kentucky,Virginia,Charlotte,Pittsburgh,Tennessee,Kentucky,Central Michigan,Louisville
A37: =A36+1 -> 36 | B37: =B25+1 -> 3 | C37: 12 | D37: =D13 -> Nick G. | E37: =if(F37<>"",VLOOKUP(F37,offset('Teams-Conference'!A:B,0,(counta('Draft Order'!B$2:B129)-10)*2),2,0),"") -> CUSA | F37: Florida Atlantic | H37: =countif(E38:E47,E37) -> 1 | I37: =countif(E38:E59,E37) -> 3 | J37: =countif(E27:E36,E37) -> 0 | K37: =countif(E18:E37,E38) -> 5 | M37: =IFERROR(__xludf.DUMMYFUNCTION("counta(iferror(filter(L$2:L36,E$2:E36=E37,L$2:L36<L37)))"),0.0) -> 0 | N37: =IFERROR(__xludf.DUMMYFUNCTION("counta(iferror(filter(L38:L$129,E38:E$129=E37,L38:L$131>L37)))"),0.0) -> 0 | O37: {=XLOOKUP(F37,'Current Week'!B:B,'Current Week'!C:N)} -> 9 | P37: 3 | Q37: NA | R37: UAB at Florida Atlantic | S37: SAT, DEC 7 1:30 PM ET | T37: -7½ | U37: 50 | V37: Jeannine | W37: SAT, DEC 7 1:30 PM ET | AA37: =$O37-max($O37:$O$392) -> -3 | AB37: =countif($O36:$O$2,"<"&$O37) -> 19 | AC37: =IFERROR(__xludf.DUMMYFUNCTION("iferror(COUNT(filter($O38:$O$392,$O38:$O$392>$O37)))"),8.0) -> 8 | AD37: =if(AA37=0,1,0) -> 0 | AE37: =$O37-min($O$2:$O37) -> 7 | AF37: =IFERROR(__xludf.DUMMYFUNCTION("iferror(join("","",index(sort(filter($F38:$F$393,$O38:$O$393>$O37),2,false),0,1)))"),"SMU,Navy,LSU,Wisconsin,Penn State,Florida,Baylor,Minnesota") -> SMU,Navy,LSU,Wisconsin,Penn State,Florida,Baylor,Minnesota | AG37: =IFERROR(__xludf.DUMMYFUNCTION("iferror($O37-max(filter($O37:$O$392,$E37:$E$392=$E$2)))"),-3.0) -> -3 | AH37: =countifs($O36:$O$2,"<"&$O37,$E36:$E$2,$E$2) -> 0 | AI37: =IFERROR(__xludf.DUMMYFUNCTION("iferror(COUNT(filter($O38:$O$392,$O38:$O$392>$O37,$E37:$E$392=$E$2)))"),0.0) -> 0 | AJ37: =if(AG37=0,1,0) -> 0 | AK37: =IFERROR(__xludf.DUMMYFUNCTION("iferror($O37-min(filter($O37:$O$392,$E37:$E$392=$E$2)))"),7.0) -> 7 | AL37: =IFERROR(__xludf.DUMMYFUNCTION("iferror(join("","",index(sort(filter($F38:$F$392,$O38:$O$392>$O37,$E38:$E$392=$E$2),2,false),0,1)))"),"LSU,Florida") -> LSU,Florida | AM37: =IFERROR(__xludf.DUMMYFUNCTION("REGEXREPLACE(join("","",unique({let(conf_picked,filter(E$1:E36,D$1:D36=D37), byrow(unique(TRANSPOSe(Teams!$1:$1)),lambda(rw,if(ISERROR(match(rw,conf_picked,0)),rw,))));iferror(if(#REF!,,transpose(split(#REF!,"","",1,1))))})), ""^,"", """")"),"AAC,ACC,Big 12,,CUSA,MAC,MWC,Pac12,SEC,Independent") -> AAC,ACC,Big 12,,CUSA,MAC,MWC,Pac12,SEC,Independent | AN37: =IFERROR(__xludf.DUMMYFUNCTION("iferror($O37-max(filter($O37:$O$392,arrayformula(isnumber(FIND($E37:$E$392,AM37))))))"),-3.0) -> -3 | AO37: {=countifs($O$2:$O36,"<"&$O37,isnumber(FIND($E$2:$E36,AM37)),TRUE)} -> 13 | AP37: =IFERROR(__xludf.DUMMYFUNCTION("iferror(COUNT(filter($O38:$O$392,$O38:$O$392>$O37,arrayformula(isnumber(FIND($E38:$E$392,AM37))))))"),5.0) -> 5 | AQ37: =if(AN37=0,1,0) -> 0 | AR37: =IFERROR(__xludf.DUMMYFUNCTION("iferror($O37-min(filter($O37:$O$392,arrayformula(isnumber(FIND($E37:$E$392,AM37))))))"),9.0) -> 9 | AS37: =IFERROR(__xludf.DUMMYFUNCTION("iferror(join("","",index(sort(filter($F38:$F$392,$O38:$O$392>$O37,arrayformula(isnumber(FIND($E38:$E$392,AM37)))),2,false),0,1)))"),"SMU,Navy,LSU,Florida,Baylor") -> SMU,Navy,LSU,Florida,Baylor
A38: =A37+1 -> 37 | B38: =B26+1 -> 4 | C38: 1 | D38: =D37 -> Nick G. | E38: =if(F38<>"",VLOOKUP(F38,offset('Teams-Conference'!A:B,0,(counta('Draft Order'!B$2:B129)-10)*2),2,0),"") -> MWC | F38: Wyoming | H38: =countif(E39:E48,E38) -> 1 | I38: =countif(E39:E60,E38) -> 3 | J38: =countif(E28:E37,E38) -> 3 | K38: =countif(E19:E38,E39) -> 2 | M38: =IFERROR(__xludf.DUMMYFUNCTION("counta(iferror(filter(L$2:L37,E$2:E37=E38,L$2:L37<L38)))"),0.0) -> 0 | N38: =IFERROR(__xludf.DUMMYFUNCTION("counta(iferror(filter(L39:L$129,E39:E$129=E38,L39:L$131>L38)))"),0.0) -> 0 | O38: {=XLOOKUP(F38,'Current Week'!B:B,'Current Week'!C:N)} -> 7 | P38: 5 | Q38: ESPNU | R38: BYE | T38: bye | U38: bye | W38: 9999 | AA38: =$O38-max($O38:$O$392) -> -5 | AB38: =countif($O37:$O$2,"<"&$O38) -> 13 | AC38: =IFERROR(__xludf.DUMMYFUNCTION("iferror(COUNT(filter($O39:$O$392,$O39:$O$392>$O38)))"),25.0) -> 25 | AD38: =if(AA38=0,1,0) -> 0 | AE38: =$O38-min($O$2:$O38) -> 5 | AF38: =IFERROR(__xludf.DUMMYFUNCTION("iferror(join("","",index(sort(filter($F39:$F$393,$O39:$O$393>$O38),2,false),0,1)))"),"Temple,Hawaii,SMU,Navy,Virginia Tech,LSU,Marshall,Wisconsin,Penn State,USC,Oklahoma State,Auburn,Louisiana Tech,Florida,Baylor,UAB,Iowa,Minnesota,Kansas State,Indiana,Wake Forest,Western Kentucky,Virginia,Central Michigan,Louisville") -> Temple,Hawaii,SMU,Navy,Virginia Tech,LSU,Marshall,Wisconsin,Penn State,USC,Oklahoma State,Auburn,Louisiana Tech,Florida,Baylor,UAB,Iowa,Minnesota,Kansas State,Indiana,Wake Forest,Western Kentucky,Virginia,Central Michigan,Louisville | AG38: =IFERROR(__xludf.DUMMYFUNCTION("iferror($O38-max(filter($O38:$O$392,$E38:$E$392=$E$2)))"),-5.0) -> -5 | AH38: =countifs($O37:$O$2,"<"&$O38,$E37:$E$2,$E$2) -> 0 | AI38: =IFERROR(__xludf.DUMMYFUNCTION("iferror(COUNT(filter($O39:$O$392,$O39:$O$392>$O38,$E38:$E$392=$E$2)))"),0.0) -> 0 | AJ38: =if(AG38=0,1,0) -> 0 | AK38: =IFERROR(__xludf.DUMMYFUNCTION("iferror($O38-min(filter($O38:$O$392,$E38:$E$392=$E$2)))"),5.0) -> 5 | AL38: =IFERROR(__xludf.DUMMYFUNCTION("iferror(join("","",index(sort(filter($F39:$F$392,$O39:$O$392>$O38,$E39:$E$392=$E$2),2,false),0,1)))"),"LSU,Auburn,Florida") -> LSU,Auburn,Florida | AM38: =IFERROR(__xludf.DUMMYFUNCTION("REGEXREPLACE(join("","",unique({let(conf_picked,filter(E$1:E37,D$1:D37=D38), byrow(unique(TRANSPOSe(Teams!$1:$1)),lambda(rw,if(ISERROR(match(rw,conf_picked,0)),rw,))));iferror(if(#REF!,,transpose(split(#REF!,"","",1,1))))})), ""^,"", """")"),"AAC,ACC,Big 12,,MAC,MWC,Pac12,SEC,Independent") -> AAC,ACC,Big 12,,MAC,MWC,Pac12,SEC,Independent | AN38: =IFERROR(__xludf.DUMMYFUNCTION("iferror($O38-max(filter($O38:$O$392,arrayformula(isnumber(FIND($E38:$E$392,AM38))))))"),-5.0) -> -5 | AO38: {=countifs($O$2:$O37,"<"&$O38,isnumber(FIND($E$2:$E37,AM38)),TRUE)} -> 8 | AP38: =IFERROR(__xludf.DUMMYFUNCTION("iferror(COUNT(filter($O39:$O$392,$O39:$O$392>$O38,arrayformula(isnumber(FIND($E39:$E$392,AM38))))))"),16.0) -> 16 | AQ38: =if(AN38=0,1,0) -> 0 | AR38: =IFERROR(__xludf.DUMMYFUNCTION("iferror($O38-min(filter($O38:$O$392,arrayformula(isnumber(FIND($E38:$E$392,AM38))))))"),7.0) -> 7 | AS38: =IFERROR(__xludf.DUMMYFUNCTION("iferror(join("","",index(sort(filter($F39:$F$392,$O39:$O$392>$O38,arrayformula(isnumber(FIND($E39:$E$392,AM38)))),2,false),0,1)))"),"Temple,Hawaii,SMU,Navy,Virginia Tech,LSU,USC,Oklahoma State,Auburn,Florida,Baylor,Kansas State,Wake Forest,Virginia,Central Michigan,Louisville") -> Temple,Hawaii,SMU,Navy,Virginia Tech,LSU,USC,Oklahoma State,Auburn,Florida,Baylor,Kansas State,Wake Forest,Virginia,Central Michigan,Louisville
A39: =A38+1 -> 38 | B39: =B27+1 -> 4 | C39: 2 | D39: =D36 -> Brad | E39: =if(F39<>"",VLOOKUP(F39,offset('Teams-Conference'!A:B,0,(counta('Draft Order'!B$2:B129)-10)*2),2,0),"") -> MAC | F39: EMU | H39: =countif(E40:E49,E39) -> 2 | I39: =countif(E40:E61,E39) -> 2 | J39: =countif(E29:E38,E39) -> 1 | K39: =countif(E20:E39,E41) -> 6 | M39: =IFERROR(__xludf.DUMMYFUNCTION("counta(iferror(filter(L$2:L38,E$2:E38=E39,L$2:L38<L39)))"),0.0) -> 0 | N39: =IFERROR(__xludf.DUMMYFUNCTION("counta(iferror(filter(L40:L$129,E40:E$129=E39,L40:L$131>L39)))"),0.0) -> 0 | O39: {=XLOOKUP(F39,'Current Week'!B:B,'Current Week'!C:N)} -> 6 | P39: 6 | Q39: NA | R39: BYE | T39: bye | U39: bye | W39: 9999 | AA39: =$O39-max($O39:$O$392) -> -6 | AB39: =countif($O38:$O$2,"<"&$O39) -> 9 | AC39: =IFERROR(__xludf.DUMMYFUNCTION("iferror(COUNT(filter($O40:$O$392,$O40:$O$392>$O39)))"),38.0) -> 38 | AD39: =if(AA39=0,1,0) -> 0 | AE39: =$O39-min($O$2:$O39) -> 4 | AF39: =IFERROR(__xludf.DUMMYFUNCTION("iferror(join("","",index(sort(filter($F40:$F$393,$O40:$O$393>$O39),2,false),0,1)))"),"Temple,Hawaii,Buffalo,SMU,Miami-OH,Navy,Iowa State,Virginia Tech,LSU,Marshall,Wisconsin,Penn State,Georgia State,USC,Oklahoma State,Auburn,Louisiana Tech,Southern Mississippi,Florida,Baylor,UAB,Arizona State,California,BYU,Iowa,Texas A&M,Minnesota,Kansas "&"State,Indiana,Wake Forest,Western Kentucky,Virginia,Charlotte,Pittsburgh,Tennessee,Kentucky,Central Michigan,Louisville") -> Temple,Hawaii,Buffalo,SMU,Miami-OH,Navy,Iowa State,Virginia Tech,LSU,Marshall,Wisconsin,Penn State,Georgia State,USC,Oklahoma State,Auburn,Louisiana Tech,Southern Mississippi,Florida,Baylor,UAB,Arizona State,California,BYU,Iowa,Texas A&M,Minnesota,Kansas State,Indiana,Wake Forest,Western Kentucky,Virginia,Charlotte,Pittsburgh,Tennessee,Kentucky,Central Michigan,Louisville | AG39: =IFERROR(__xludf.DUMMYFUNCTION("iferror($O39-max(filter($O39:$O$392,$E39:$E$392=$E$2)))"),-6.0) -> -6 | AH39: =countifs($O38:$O$2,"<"&$O39,$E38:$E$2,$E$2) -> 0 | AI39: =IFERROR(__xludf.DUMMYFUNCTION("iferror(COUNT(filter($O40:$O$392,$O40:$O$392>$O39,$E39:$E$392=$E$2)))"),0.0) -> 0 | AJ39: =if(AG39=0,1,0) -> 0 | AK39: =IFERROR(__xludf.DUMMYFUNCTION("iferror($O39-min(filter($O39:$O$392,$E39:$E$392=$E$2)))"),4.0) -> 4 | AL39: =IFERROR(__xludf.DUMMYFUNCTION("iferror(join("","",index(sort(filter($F40:$F$392,$O40:$O$392>$O39,$E40:$E$392=$E$2),2,false),0,1)))"),"LSU,Auburn,Florida,Texas A&M,Tennessee,Kentucky") -> LSU,Auburn,Florida,Texas A&M,Tennessee,Kentucky | AM39: =IFERROR(__xludf.DUMMYFUNCTION("REGEXREPLACE(join("","",unique({let(conf_picked,filter(E$1:E38,D$1:D38=D39), byrow(unique(TRANSPOSe(Teams!$1:$1)),lambda(rw,if(ISERROR(match(rw,conf_picked,0)),rw,))));iferror(if(#REF!,,transpose(split(#REF!,"","",1,1))))})), ""^,"", """")"),"Big 12,Big Ten,CUSA,MAC,MWC,SEC,Sun Belt,Independent") -> Big 12,Big Ten,CUSA,MAC,MWC,SEC,Sun Belt,Independent | AN39: =IFERROR(__xludf.DUMMYFUNCTION("iferror($O39-max(filter($O39:$O$392,arrayformula(isnumber(FIND($E39:$E$392,AM39))))))"),-6.0) -> -6 | AO39: {=countifs($O$2:$O38,"<"&$O39,isnumber(FIND($E$2:$E38,AM39)),TRUE)} -> 7 | AP39: =IFERROR(__xludf.DUMMYFUNCTION("iferror(COUNT(filter($O40:$O$392,$O40:$O$392>$O39,arrayformula(isnumber(FIND($E40:$E$392,AM39))))))"),27.0) -> 27 | AQ39: =if(AN39=0,1,0) -> 0 | AR39: =IFERROR(__xludf.DUMMYFUNCTION("iferror($O39-min(filter($O39:$O$392,arrayformula(isnumber(FIND($E39:$E$392,AM39))))))"),6.0) -> 6 | AS39: =IFERROR(__xludf.DUMMYFUNCTION("iferror(join("","",index(sort(filter($F40:$F$392,$O40:$O$392>$O39,arrayformula(isnumber(FIND($E40:$E$392,AM39)))),2,false),0,1)))"),"Hawaii,Buffalo,Miami-OH,Iowa State,LSU,Marshall,Wisconsin,Penn State,Georgia State,Oklahoma State,Auburn,Louisiana Tech,Southern Mississippi,Florida,Baylor,UAB,BYU,Iowa,Texas A&M,Minnesota,Kansas State,Indiana,Western Kentucky,Charlotte,Tennessee,Kentucky"&",Central Michigan") -> Hawaii,Buffalo,Miami-OH,Iowa State,LSU,Marshall,Wisconsin,Penn State,Georgia State,Oklahoma State,Auburn,Louisiana Tech,Southern Mississippi,Florida,Baylor,UAB,BYU,Iowa,Texas A&M,Minnesota,Kansas State,Indiana,Western Kentucky,Charlotte,Tennessee,Kentucky,Central Michigan
A40: =A39+1 -> 39 | B40: =B28+1 -> 4 | C40: 3 | D40: =D35 -> Josh R. | E40: =if(F40<>"",VLOOKUP(F40,offset('Teams-Conference'!A:B,0,(counta('Draft Order'!B$2:B129)-10)*2),2,0),"") -> AAC | F40: Temple | H40: =countif(E41:E50,E40) -> 3 | I40: =countif(E41:E62,E40) -> 3 | J40: =countif(E30:E39,E40) -> 3 | M40: =IFERROR(__xludf.DUMMYFUNCTION("counta(iferror(filter(L$2:L39,E$2:E39=E40,L$2:L39<L40)))"),0.0) -> 0 | N40: =IFERROR(__xludf.DUMMYFUNCTION("counta(iferror(filter(L41:L$129,E41:E$129=E40,L41:L$131>L40)))"),0.0) -> 0 | O40: {=XLOOKUP(F40,'Current Week'!B:B,'Current Week'!C:N)} -> 8 | P40: 4 | Q40: ESPNU | R40: BYE | T40: bye | U40: bye | W40: 9999 | AA40: =$O40-max($O40:$O$392) -> -4 | AB40: =countif($O39:$O$2,"<"&$O40) -> 21 | AC40: =IFERROR(__xludf.DUMMYFUNCTION("iferror(COUNT(filter($O41:$O$392,$O41:$O$392>$O40)))"),14.0) -> 14 | AD40: =if(AA40=0,1,0) -> 0 | AE40: =$O40-min($O$2:$O40) -> 6 | AF40: =IFERROR(__xludf.DUMMYFUNCTION("iferror(join("","",index(sort(filter($F41:$F$393,$O41:$O$393>$O40),2,false),0,1)))"),"Hawaii,SMU,Navy,LSU,Wisconsin,Penn State,Auburn,Louisiana Tech,Florida,Baylor,UAB,Iowa,Minnesota,Virginia") -> Hawaii,SMU,Navy,LSU,Wisconsin,Penn State,Auburn,Louisiana Tech,Florida,Baylor,UAB,Iowa,Minnesota,Virginia | AG40: =IFERROR(__xludf.DUMMYFUNCTION("iferror($O40-max(filter($O40:$O$392,$E40:$E$392=$E$2)))"),-4.0) -> -4 | AH40: =countifs($O39:$O$2,"<"&$O40,$E39:$E$2,$E$2) -> 0 | AI40: =IFERROR(__xludf.DUMMYFUNCTION("iferror(COUNT(filter($O41:$O$392,$O41:$O$392>$O40,$E40:$E$392=$E$2)))"),0.0) -> 0 | AJ40: =if(AG40=0,1,0) -> 0 | AK40: =IFERROR(__xludf.DUMMYFUNCTION("iferror($O40-min(filter($O40:$O$392,$E40:$E$392=$E$2)))"),6.0) -> 6 | AL40: =IFERROR(__xludf.DUMMYFUNCTION("iferror(join("","",index(sort(filter($F41:$F$392,$O41:$O$392>$O40,$E41:$E$392=$E$2),2,false),0,1)))"),"LSU,Auburn,Florida") -> LSU,Auburn,Florida | AM40: =IFERROR(__xludf.DUMMYFUNCTION("REGEXREPLACE(join("","",unique({let(conf_picked,filter(E$1:E39,D$1:D39=D40), byrow(unique(TRANSPOSe(Teams!$1:$1)),lambda(rw,if(ISERROR(match(rw,conf_picked,0)),rw,))));iferror(if(#REF!,,transpose(split(#REF!,"","",1,1))))})), ""^,"", """")"),"AAC,ACC,Big 12,Big Ten,CUSA,,Pac12,SEC,Independent") -> AAC,ACC,Big 12,Big Ten,CUSA,,Pac12,SEC,Independent | AN40: =IFERROR(__xludf.DUMMYFUNCTION("iferror($O40-max(filter($O40:$O$392,arrayformula(isnumber(FIND($E40:$E$392,AM40))))))"),-4.0) -> -4 | AO40: {=countifs($O$2:$O39,"<"&$O40,isnumber(FIND($E$2:$E39,AM40)),TRUE)} -> 6 | AP40: =IFERROR(__xludf.DUMMYFUNCTION("iferror(COUNT(filter($O41:$O$392,$O41:$O$392>$O40,arrayformula(isnumber(FIND($E41:$E$392,AM40))))))"),13.0) -> 13 | AQ40: =if(AN40=0,1,0) -> 0 | AR40: =IFERROR(__xludf.DUMMYFUNCTION("iferror($O40-min(filter($O40:$O$392,arrayformula(isnumber(FIND($E40:$E$392,AM40))))))"),7.0) -> 7 | AS40: =IFERROR(__xludf.DUMMYFUNCTION("iferror(join("","",index(sort(filter($F41:$F$392,$O41:$O$392>$O40,arrayformula(isnumber(FIND($E41:$E$392,AM40)))),2,false),0,1)))"),"SMU,Navy,LSU,Wisconsin,Penn State,Auburn,Louisiana Tech,Florida,Baylor,UAB,Iowa,Minnesota,Virginia") -> SMU,Navy,LSU,Wisconsin,Penn State,Auburn,Louisiana Tech,Florida,Baylor,UAB,Iowa,Minnesota,Virginia
A41: =A40+1 -> 40 | B41: =B29+1 -> 4 | C41: 4 | D41: =D34 -> Vu | E41: =if(F41<>"",VLOOKUP(F41,offset('Teams-Conference'!A:B,0,(counta('Draft Order'!B$2:B129)-10)*2),2,0),"") -> MWC | F41: Hawaii | H41: =countif(E42:E51,E41) -> 0 | I41: =countif(E42:E63,E41) -> 2 | J41: =countif(E31:E40,E41) -> 3 | K41: =countif(E21:E41,E42) -> 1 | M41: =IFERROR(__xludf.DUMMYFUNCTION("counta(iferror(filter(L$2:L40,E$2:E40=E41,L$2:L40<L41)))"),0.0) -> 0 | N41: =IFERROR(__xludf.DUMMYFUNCTION("counta(iferror(filter(L42:L$129,E42:E$129=E41,L42:L$131>L41)))"),0.0) -> 0 | O41: {=XLOOKUP(F41,'Current Week'!B:B,'Current Week'!C:N)} -> 9 | P41: 4 | Q41: Facebook Video | R41: Hawaii at (17) Boise State | S41: SAT, DEC 7 4:00 PM ET | T41: 13½ | U41: 64 | V41: Janice/Mike | W41: SAT, DEC 7 4:00 PM ET | AA41: =$O41-max($O41:$O$392) -> -3 | AB41: =countif($O40:$O$2,"<"&$O41) -> 22 | AC41: =IFERROR(__xludf.DUMMYFUNCTION("iferror(COUNT(filter($O42:$O$392,$O42:$O$392>$O41)))"),8.0) -> 8 | AD41: =if(AA41=0,1,0) -> 0 | AE41: =$O41-min($O$2:$O41) -> 7 | AF41: =IFERROR(__xludf.DUMMYFUNCTION("iferror(join("","",index(sort(filter($F42:$F$393,$O42:$O$393>$O41),2,false),0,1)))"),"SMU,Navy,LSU,Wisconsin,Penn State,Florida,Baylor,Minnesota") -> SMU,Navy,LSU,Wisconsin,Penn State,Florida,Baylor,Minnesota | AG41: =IFERROR(__xludf.DUMMYFUNCTION("iferror($O41-max(filter($O41:$O$392,$E41:$E$392=$E$2)))"),-3.0) -> -3 | AH41: =countifs($O40:$O$2,"<"&$O41,$E40:$E$2,$E$2) -> 0 | AI41: =IFERROR(__xludf.DUMMYFUNCTION("iferror(COUNT(filter($O42:$O$392,$O42:$O$392>$O41,$E41:$E$392=$E$2)))"),0.0) -> 0 | AJ41: =if(AG41=0,1,0) -> 0 | AK41: =IFERROR(__xludf.DUMMYFUNCTION("iferror($O41-min(filter($O41:$O$392,$E41:$E$392=$E$2)))"),7.0) -> 7 | AL41: =IFERROR(__xludf.DUMMYFUNCTION("iferror(join("","",index(sort(filter($F42:$F$392,$O42:$O$392>$O41,$E42:$E$392=$E$2),2,false),0,1)))"),"LSU,Florida") -> LSU,Florida | AM41: =IFERROR(__xludf.DUMMYFUNCTION("REGEXREPLACE(join("","",unique({let(conf_picked,filter(E$1:E40,D$1:D40=D41), byrow(unique(TRANSPOSe(Teams!$1:$1)),lambda(rw,if(ISERROR(match(rw,conf_picked,0)),rw,))));iferror(if(#REF!,,transpose(split(#REF!,"","",1,1))))})), ""^,"", """")"),"ACC,Big 12,CUSA,MAC,MWC,SEC,Sun Belt,Independent") -> ACC,Big 12,CUSA,MAC,MWC,SEC,Sun Belt,Independent | AN41: =IFERROR(__xludf.DUMMYFUNCTION("iferror($O41-max(filter($O41:$O$392,arrayformula(isnumber(FIND($E41:$E$392,AM41))))))"),-3.0) -> -3 | AO41: {=countifs($O$2:$O40,"<"&$O41,isnumber(FIND($E$2:$E40,AM41)),TRUE)} -> 17 | AP41: =IFERROR(__xludf.DUMMYFUNCTION("iferror(COUNT(filter($O42:$O$392,$O42:$O$392>$O41,arrayformula(isnumber(FIND($E42:$E$392,AM41))))))"),3.0) -> 3 | AQ41: =if(AN41=0,1,0) -> 0 | AR41: =IFERROR(__xludf.DUMMYFUNCTION("iferror($O41-min(filter($O41:$O$392,arrayformula(isnumber(FIND($E41:$E$392,AM41))))))"),9.0) -> 9 | AS41: =IFERROR(__xludf.DUMMYFUNCTION("iferror(join("","",index(sort(filter($F42:$F$392,$O42:$O$392>$O41,arrayformula(isnumber(FIND($E42:$E$392,AM41)))),2,false),0,1)))"),"LSU,Florida,Baylor") -> LSU,Florida,Baylor
A42: =A41+1 -> 41 | B42: =B30+1 -> 4 | C42: 5 | D42: =D33 -> Adam | E42: =if(F42<>"",VLOOKUP(F42,offset('Teams-Conference'!A:B,0,(counta('Draft Order'!B$2:B129)-10)*2),2,0),"") -> CUSA | F42: Florida Intl | H42: =countif(E43:E52,E42) -> 1 | I42: =countif(E43:E64,E42) -> 4 | J42: =countif(E32:E41,E42) -> 1 | K42: =countif(E22:E42,E43) -> 2 | M42: =IFERROR(__xludf.DUMMYFUNCTION("counta(iferror(filter(L$2:L41,E$2:E41=E42,L$2:L41<L42)))"),0.0) -> 0 | N42: =IFERROR(__xludf.DUMMYFUNCTION("counta(iferror(filter(L43:L$129,E43:E$129=E42,L43:L$131>L42)))"),0.0) -> 0 | O42: {=XLOOKUP(F42,'Current Week'!B:B,'Current Week'!C:N)} -> 6 | P42: 6 | Q42: NA | R42: BYE | T42: bye | U42: bye | W42: 9999 | AA42: =$O42-max($O42:$O$392) -> -6 | AB42: =countif($O41:$O$2,"<"&$O42) -> 9 | AC42: =IFERROR(__xludf.DUMMYFUNCTION("iferror(COUNT(filter($O43:$O$392,$O43:$O$392>$O42)))"),36.0) -> 36 | AD42: =if(AA42=0,1,0) -> 0 | AE42: =$O42-min($O$2:$O42) -> 4 | AF42: =IFERROR(__xludf.DUMMYFUNCTION("iferror(join("","",index(sort(filter($F43:$F$393,$O43:$O$393>$O42),2,false),0,1)))"),"Buffalo,SMU,Miami-OH,Navy,Iowa State,Virginia Tech,LSU,Marshall,Wisconsin,Penn State,Georgia State,USC,Oklahoma State,Auburn,Louisiana Tech,Southern Mississippi,Florida,Baylor,UAB,Arizona State,California,BYU,Iowa,Texas A&M,Minnesota,Kansas State,Indiana,"&"Wake Forest,Western Kentucky,Virginia,Charlotte,Pittsburgh,Tennessee,Kentucky,Central Michigan,Louisville") -> Buffalo,SMU,Miami-OH,Navy,Iowa State,Virginia Tech,LSU,Marshall,Wisconsin,Penn State,Georgia State,USC,Oklahoma State,Auburn,Louisiana Tech,Southern Mississippi,Florida,Baylor,UAB,Arizona State,California,BYU,Iowa,Texas A&M,Minnesota,Kansas State,Indiana,Wake Forest,Western Kentucky,Virginia,Charlotte,Pittsburgh,Tennessee,Kentucky,Central Michigan,Louisville | AG42: =IFERROR(__xludf.DUMMYFUNCTION("iferror($O42-max(filter($O42:$O$392,$E42:$E$392=$E$2)))"),-6.0) -> -6 | AH42: =countifs($O41:$O$2,"<"&$O42,$E41:$E$2,$E$2) -> 0 | AI42: =IFERROR(__xludf.DUMMYFUNCTION("iferror(COUNT(filter($O43:$O$392,$O43:$O$392>$O42,$E42:$E$392=$E$2)))"),0.0) -> 0 | AJ42: =if(AG42=0,1,0) -> 0 | AK42: =IFERROR(__xludf.DUMMYFUNCTION("iferror($O42-min(filter($O42:$O$392,$E42:$E$392=$E$2)))"),4.0) -> 4 | AL42: =IFERROR(__xludf.DUMMYFUNCTION("iferror(join("","",index(sort(filter($F43:$F$392,$O43:$O$392>$O42,$E43:$E$392=$E$2),2,false),0,1)))"),"LSU,Auburn,Florida,Texas A&M,Tennessee,Kentucky") -> LSU,Auburn,Florida,Texas A&M,Tennessee,Kentucky | AM42: =IFERROR(__xludf.DUMMYFUNCTION("REGEXREPLACE(join("","",unique({let(conf_picked,filter(E$1:E41,D$1:D41=D42), byrow(unique(TRANSPOSe(Teams!$1:$1)),lambda(rw,if(ISERROR(match(rw,conf_picked,0)),rw,))));iferror(if(#REF!,,transpose(split(#REF!,"","",1,1))))})), ""^,"", """")"),"ACC,Big Ten,CUSA,MAC,Pac12,SEC,Sun Belt,Independent") -> ACC,Big Ten,CUSA,MAC,Pac12,SEC,Sun Belt,Independent | AN42: =IFERROR(__xludf.DUMMYFUNCTION("iferror($O42-max(filter($O42:$O$392,arrayformula(isnumber(FIND($E42:$E$392,AM42))))))"),-6.0) -> -6 | AO42: {=countifs($O$2:$O41,"<"&$O42,isnumber(FIND($E$2:$E41,AM42)),TRUE)} -> 6 | AP42: =IFERROR(__xludf.DUMMYFUNCTION("iferror(COUNT(filter($O43:$O$392,$O43:$O$392>$O42,arrayformula(isnumber(FIND($E43:$E$392,AM42))))))"),29.0) -> 29 | AQ42: =if(AN42=0,1,0) -> 0 | AR42: =IFERROR(__xludf.DUMMYFUNCTION("iferror($O42-min(filter($O42:$O$392,arrayformula(isnumber(FIND($E42:$E$392,AM42))))))"),6.0) -> 6 | AS42: =IFERROR(__xludf.DUMMYFUNCTION("iferror(join("","",index(sort(filter($F43:$F$392,$O43:$O$392>$O42,arrayformula(isnumber(FIND($E43:$E$392,AM42)))),2,false),0,1)))"),"Buffalo,Miami-OH,Virginia Tech,LSU,Marshall,Wisconsin,Penn State,Georgia State,USC,Auburn,Louisiana Tech,Southern Mississippi,Florida,UAB,Arizona State,California,Iowa,Texas A&M,Minnesota,Indiana,Wake Forest,Western Kentucky,Virginia,Charlotte,Pittsburgh,"&"Tennessee,Kentucky,Central Michigan,Louisville") -> Buffalo,Miami-OH,Virginia Tech,LSU,Marshall,Wisconsin,Penn State,Georgia State,USC,Auburn,Louisiana Tech,Southern Mississippi,Florida,UAB,Arizona State,California,Iowa,Texas A&M,Minnesota,Indiana,Wake Forest,Western Kentucky,Virginia,Charlotte,Pittsburgh,Tennessee,Kentucky,Central Michigan,Louisville
A43: =A42+1 -> 42 | B43: =B31+1 -> 4 | C43: 6 | D43: =D32 -> Justin | E43: =if(F43<>"",VLOOKUP(F43,offset('Teams-Conference'!A:B,0,(counta('Draft Order'!B$2:B129)-10)*2),2,0),"") -> MAC | F43: Buffalo | H43: =countif(E44:E53,E43) -> 1 | I43: =countif(E44:E65,E43) -> 1 | J43: =countif(E33:E42,E43) -> 1 | K43: =countif(E23:E43,E44) -> 4 | M43: =IFERROR(__xludf.DUMMYFUNCTION("counta(iferror(filter(L$2:L42,E$2:E42=E43,L$2:L42<L43)))"),0.0) -> 0 | N43: =IFERROR(__xludf.DUMMYFUNCTION("counta(iferror(filter(L44:L$129,E44:E$129=E43,L44:L$131>L43)))"),0.0) -> 0 | O43: {=XLOOKUP(F43,'Current Week'!B:B,'Current Week'!C:N)} -> 7 | P43: 5 | Q43: CBSSN | R43: BYE | T43: bye | U43: bye | W43: 9999 | AA43: =$O43-max($O43:$O$392) -> -5 | AB43: =countif($O42:$O$2,"<"&$O43) -> 15 | AC43: =IFERROR(__xludf.DUMMYFUNCTION("iferror(COUNT(filter($O44:$O$392,$O44:$O$392>$O43)))"),23.0) -> 23 | AD43: =if(AA43=0,1,0) -> 0 | AE43: =$O43-min($O$2:$O43) -> 5 | AF43: =IFERROR(__xludf.DUMMYFUNCTION("iferror(join("","",index(sort(filter($F44:$F$393,$O44:$O$393>$O43),2,false),0,1)))"),"SMU,Navy,Virginia Tech,LSU,Marshall,Wisconsin,Penn State,USC,Oklahoma State,Auburn,Louisiana Tech,Florida,Baylor,UAB,Iowa,Minnesota,Kansas State,Indiana,Wake Forest,Western Kentucky,Virginia,Central Michigan,Louisville") -> SMU,Navy,Virginia Tech,LSU,Marshall,Wisconsin,Penn State,USC,Oklahoma State,Auburn,Louisiana Tech,Florida,Baylor,UAB,Iowa,Minnesota,Kansas State,Indiana,Wake Forest,Western Kentucky,Virginia,Central Michigan,Louisville | AG43: =IFERROR(__xludf.DUMMYFUNCTION("iferror($O43-max(filter($O43:$O$392,$E43:$E$392=$E$2)))"),-5.0) -> -5 | AH43: =countifs($O42:$O$2,"<"&$O43,$E42:$E$2,$E$2) -> 0 | AI43: =IFERROR(__xludf.DUMMYFUNCTION("iferror(COUNT(filter($O44:$O$392,$O44:$O$392>$O43,$E43:$E$392=$E$2)))"),0.0) -> 0 | AJ43: =if(AG43=0,1,0) -> 0 | AK43: =IFERROR(__xludf.DUMMYFUNCTION("iferror($O43-min(filter($O43:$O$392,$E43:$E$392=$E$2)))"),5.0) -> 5 | AL43: =IFERROR(__xludf.DUMMYFUNCTION("iferror(join("","",index(sort(filter($F44:$F$392,$O44:$O$392>$O43,$E44:$E$392=$E$2),2,false),0,1)))"),"LSU,Auburn,Florida") -> LSU,Auburn,Florida | AM43: =IFERROR(__xludf.DUMMYFUNCTION("REGEXREPLACE(join("","",unique({let(conf_picked,filter(E$1:E42,D$1:D42=D43), byrow(unique(TRANSPOSe(Teams!$1:$1)),lambda(rw,if(ISERROR(match(rw,conf_picked,0)),rw,))));iferror(if(#REF!,,transpose(split(#REF!,"","",1,1))))})), ""^,"", """")"),"ACC,Big 12,Big Ten,CUSA,MAC,MWC,SEC,Independent") -> ACC,Big 12,Big Ten,CUSA,MAC,MWC,SEC,Independent | AN43: =IFERROR(__xludf.DUMMYFUNCTION("iferror($O43-max(filter($O43:$O$392,arrayformula(isnumber(FIND($E43:$E$392,AM43))))))"),-5.0) -> -5 | AO43: {=countifs($O$2:$O42,"<"&$O43,isnumber(FIND($E$2:$E42,AM43)),TRUE)} -> 7 | AP43: =IFERROR(__xludf.DUMMYFUNCTION("iferror(COUNT(filter($O44:$O$392,$O44:$O$392>$O43,arrayformula(isnumber(FIND($E44:$E$392,AM43))))))"),20.0) -> 20 | AQ43: =if(AN43=0,1,0) -> 0 | AR43: =IFERROR(__xludf.DUMMYFUNCTION("iferror($O43-min(filter($O43:$O$392,arrayformula(isnumber(FIND($E43:$E$392,AM43))))))"),7.0) -> 7 | AS43: =IFERROR(__xludf.DUMMYFUNCTION("iferror(join("","",index(sort(filter($F44:$F$392,$O44:$O$392>$O43,arrayformula(isnumber(FIND($E44:$E$392,AM43)))),2,false),0,1)))"),"Virginia Tech,LSU,Marshall,Wisconsin,Penn State,Oklahoma State,Auburn,Louisiana Tech,Florida,Baylor,UAB,Iowa,Minnesota,Kansas State,Indiana,Wake Forest,Western Kentucky,Virginia,Central Michigan,Louisville") -> Virginia Tech,LSU,Marshall,Wisconsin,Penn State,Oklahoma State,Auburn,Louisiana Tech,Florida,Baylor,UAB,Iowa,Minnesota,Kansas State,Indiana,Wake Forest,Western Kentucky,Virginia,Central Michigan,Louisville
A44: =A43+1 -> 43 | B44: =B32+1 -> 4 | C44: 7 | D44: =D31 -> Jeannine | E44: =if(F44<>"",VLOOKUP(F44,offset('Teams-Conference'!A:B,0,(counta('Draft Order'!B$2:B129)-10)*2),2,0),"") -> AAC | F44: SMU | H44: =countif(E45:E54,E44) -> 2 | I44: =countif(E45:E66,E44) -> 2 | J44: =countif(E34:E43,E44) -> 2 | K44: =countif(E24:E44,E45) -> 3 | M44: =IFERROR(__xludf.DUMMYFUNCTION("counta(iferror(filter(L$2:L43,E$2:E43=E44,L$2:L43<L44)))"),0.0) -> 0 | N44: =IFERROR(__xludf.DUMMYFUNCTION("counta(iferror(filter(L45:L$129,E45:E$129=E44,L45:L$131>L44)))"),0.0) -> 0 | O44: {=XLOOKUP(F44,'Current Week'!B:B,'Current Week'!C:N)} -> 10 | P44: 2 | Q44: NA | R44: BYE | T44: bye | U44: bye | W44: 9999 | AA44: =$O44-max($O44:$O$392) -> -2 | AB44: =countif($O43:$O$2,"<"&$O44) -> 29 | AC44: =IFERROR(__xludf.DUMMYFUNCTION("iferror(COUNT(filter($O45:$O$392,$O45:$O$392>$O44)))"),2.0) -> 2 | AD44: =if(AA44=0,1,0) -> 0 | AE44: =$O44-min($O$2:$O44) -> 8 | AF44: =IFERROR(__xludf.DUMMYFUNCTION("iferror(join("","",index(sort(filter($F45:$F$393,$O45:$O$393>$O44),2,false),0,1)))"),"LSU,Baylor") -> LSU,Baylor | AG44: =IFERROR(__xludf.DUMMYFUNCTION("iferror($O44-max(filter($O44:$O$392,$E44:$E$392=$E$2)))"),-2.0) -> -2 | AH44: =countifs($O43:$O$2,"<"&$O44,$E43:$E$2,$E$2) -> 0 | AI44: =IFERROR(__xludf.DUMMYFUNCTION("iferror(COUNT(filter($O45:$O$392,$O45:$O$392>$O44,$E44:$E$392=$E$2)))"),0.0) -> 0 | AJ44: =if(AG44=0,1,0) -> 0 | AK44: =IFERROR(__xludf.DUMMYFUNCTION("iferror($O44-min(filter($O44:$O$392,$E44:$E$392=$E$2)))"),8.0) -> 8 | AL44: =IFERROR(__xludf.DUMMYFUNCTION("iferror(join("","",index(sort(filter($F45:$F$392,$O45:$O$392>$O44,$E45:$E$392=$E$2),2,false),0,1)))"),"LSU") -> LSU | AM44: =IFERROR(__xludf.DUMMYFUNCTION("REGEXREPLACE(join("","",unique({let(conf_picked,filter(E$1:E43,D$1:D43=D44), byrow(unique(TRANSPOSe(Teams!$1:$1)),lambda(rw,if(ISERROR(match(rw,conf_picked,0)),rw,))));iferror(if(#REF!,,transpose(split(#REF!,"","",1,1))))})), ""^,"", """")"),"AAC,ACC,,Big Ten,CUSA,MWC,Pac12,SEC,Independent") -> AAC,ACC,,Big Ten,CUSA,MWC,Pac12,SEC,Independent | AN44: =IFERROR(__xludf.DUMMYFUNCTION("iferror($O44-max(filter($O44:$O$392,arrayformula(isnumber(FIND($E44:$E$392,AM44))))))"),-2.0) -> -2 | AO44: {=countifs($O$2:$O43,"<"&$O44,isnumber(FIND($E$2:$E43,AM44)),TRUE)} -> 16 | AP44: =IFERROR(__xludf.DUMMYFUNCTION("iferror(COUNT(filter($O45:$O$392,$O45:$O$392>$O44,arrayformula(isnumber(FIND($E45:$E$392,AM44))))))"),1.0) -> 1 | AQ44: =if(AN44=0,1,0) -> 0 | AR44: =IFERROR(__xludf.DUMMYFUNCTION("iferror($O44-min(filter($O44:$O$392,arrayformula(isnumber(FIND($E44:$E$392,AM44))))))"),9.0) -> 9 | AS44: =IFERROR(__xludf.DUMMYFUNCTION("iferror(join("","",index(sort(filter($F45:$F$392,$O45:$O$392>$O44,arrayformula(isnumber(FIND($E45:$E$392,AM44)))),2,false),0,1)))"),"LSU") -> LSU
A45: =A44+1 -> 44 | B45: =B33+1 -> 4 | C45: 8 | D45: =D30 -> Nico | E45: =if(F45<>"",VLOOKUP(F45,offset('Teams-Conference'!A:B,0,(counta('Draft Order'!B$2:B129)-10)*2),2,0),"") -> MAC | F45: Miami-OH | H45: =countif(E46:E55,E45) -> 0 | I45: =countif(E46:E67,E45) -> 0 | J45: =countif(E35:E44,E45) -> 2 | K45: =countif(E25:E45,E46) -> 5 | M45: =IFERROR(__xludf.DUMMYFUNCTION("counta(iferror(filter(L$2:L44,E$2:E44=E45,L$2:L44<L45)))"),0.0) -> 0 | N45: =IFERROR(__xludf.DUMMYFUNCTION("counta(iferror(filter(L46:L$129,E46:E$129=E45,L46:L$131>L45)))"),0.0) -> 0 | O45: {=XLOOKUP(F45,'Current Week'!B:B,'Current Week'!C:N)} -> 7 | P45: 5 | Q45: NA | R45: Miami-OH at Central Michigan | S45: SAT, DEC 7 12:00 PM ET | T45: 6½ | U45: 54 | V45: Nick G. | W45: SAT, DEC 7 12:00 PM ET | AA45: =$O45-max($O45:$O$392) -> -5 | AB45: =countif($O44:$O$2,"<"&$O45) -> 15 | AC45: =IFERROR(__xludf.DUMMYFUNCTION("iferror(COUNT(filter($O46:$O$392,$O46:$O$392>$O45)))"),22.0) -> 22 | AD45: =if(AA45=0,1,0) -> 0 | AE45: =$O45-min($O$2:$O45) -> 5 | AF45: =IFERROR(__xludf.DUMMYFUNCTION("iferror(join("","",index(sort(filter($F46:$F$393,$O46:$O$393>$O45),2,false),0,1)))"),"Navy,Virginia Tech,LSU,Marshall,Wisconsin,Penn State,USC,Oklahoma State,Auburn,Louisiana Tech,Florida,Baylor,UAB,Iowa,Minnesota,Kansas State,Indiana,Wake Forest,Western Kentucky,Virginia,Central Michigan,Louisville") -> Navy,Virginia Tech,LSU,Marshall,Wisconsin,Penn State,USC,Oklahoma State,Auburn,Louisiana Tech,Florida,Baylor,UAB,Iowa,Minnesota,Kansas State,Indiana,Wake Forest,Western Kentucky,Virginia,Central Michigan,Louisville | AG45: =IFERROR(__xludf.DUMMYFUNCTION("iferror($O45-max(filter($O45:$O$392,$E45:$E$392=$E$2)))"),-5.0) -> -5 | AH45: =countifs($O44:$O$2,"<"&$O45,$E44:$E$2,$E$2) -> 0 | AI45: =IFERROR(__xludf.DUMMYFUNCTION("iferror(COUNT(filter($O46:$O$392,$O46:$O$392>$O45,$E45:$E$392=$E$2)))"),0.0) -> 0 | AJ45: =if(AG45=0,1,0) -> 0 | AK45: =IFERROR(__xludf.DUMMYFUNCTION("iferror($O45-min(filter($O45:$O$392,$E45:$E$392=$E$2)))"),5.0) -> 5 | AL45: =IFERROR(__xludf.DUMMYFUNCTION("iferror(join("","",index(sort(filter($F46:$F$392,$O46:$O$392>$O45,$E46:$E$392=$E$2),2,false),0,1)))"),"LSU,Auburn,Florida") -> LSU,Auburn,Florida | AM45: =IFERROR(__xludf.DUMMYFUNCTION("REGEXREPLACE(join("","",unique({let(conf_picked,filter(E$1:E44,D$1:D44=D45), byrow(unique(TRANSPOSe(Teams!$1:$1)),lambda(rw,if(ISERROR(match(rw,conf_picked,0)),rw,))));iferror(if(#REF!,,transpose(split(#REF!,"","",1,1))))})), ""^,"", """")"),"ACC,Big 12,Big Ten,CUSA,MAC,MWC,Pac12,Independent") -> ACC,Big 12,Big Ten,CUSA,MAC,MWC,Pac12,Independent | AN45: =IFERROR(__xludf.DUMMYFUNCTION("iferror($O45-max(filter($O45:$O$392,arrayformula(isnumber(FIND($E45:$E$392,AM45))))))"),-4.0) -> -4 | AO45: {=countifs($O$2:$O44,"<"&$O45,isnumber(FIND($E$2:$E44,AM45)),TRUE)} -> 8 | AP45: =IFERROR(__xludf.DUMMYFUNCTION("iferror(COUNT(filter($O46:$O$392,$O46:$O$392>$O45,arrayformula(isnumber(FIND($E46:$E$392,AM45))))))"),18.0) -> 18 | AQ45: =if(AN45=0,1,0) -> 0 | AR45: =IFERROR(__xludf.DUMMYFUNCTION("iferror($O45-min(filter($O45:$O$392,arrayformula(isnumber(FIND($E45:$E$392,AM45))))))"),7.0) -> 7 | AS45: =IFERROR(__xludf.DUMMYFUNCTION("iferror(join("","",index(sort(filter($F46:$F$392,$O46:$O$392>$O45,arrayformula(isnumber(FIND($E46:$E$392,AM45)))),2,false),0,1)))"),"Virginia Tech,Marshall,Wisconsin,Penn State,USC,Oklahoma State,Louisiana Tech,Baylor,UAB,Iowa,Minnesota,Kansas State,Indiana,Wake Forest,Western Kentucky,Virginia,Central Michigan,Louisville") -> Virginia Tech,Marshall,Wisconsin,Penn State,USC,Oklahoma State,Louisiana Tech,Baylor,UAB,Iowa,Minnesota,Kansas State,Indiana,Wake Forest,Western Kentucky,Virginia,Central Michigan,Louisville
A46: =A45+1 -> 45 | B46: =B34+1 -> 4 | C46: 9 | D46: =D29 -> Janice/Mike | E46: =if(F46<>"",VLOOKUP(F46,offset('Teams-Conference'!A:B,0,(counta('Draft Order'!B$2:B129)-10)*2),2,0),"") -> AAC | F46: Navy | H46: =countif(E47:E56,E46) -> 1 | I46: =countif(E47:E68,E46) -> 1 | J46: =countif(E36:E45,E46) -> 2 | K46: =countif(E26:E46,E47) -> 6 | M46: =IFERROR(__xludf.DUMMYFUNCTION("counta(iferror(filter(L$2:L45,E$2:E45=E46,L$2:L45<L46)))"),0.0) -> 0 | N46: =IFERROR(__xludf.DUMMYFUNCTION("counta(iferror(filter(L47:L$129,E47:E$129=E46,L47:L$131>L46)))"),0.0) -> 0 | O46: {=XLOOKUP(F46,'Current Week'!B:B,'Current Week'!C:N)} -> 10 | P46: 2 | Q46: NBC | R46: Army at (23) Navy | S46: SAT, DEC 14 3:00 PM ET | T46: bye | U46: bye | V46: Josh R. | W46: SAT, DEC 14 3:00 PM ET | AA46: =$O46-max($O46:$O$392) -> -2 | AB46: =countif($O45:$O$2,"<"&$O46) -> 30 | AC46: =IFERROR(__xludf.DUMMYFUNCTION("iferror(COUNT(filter($O47:$O$392,$O47:$O$392>$O46)))"),2.0) -> 2 | AD46: =if(AA46=0,1,0) -> 0 | AE46: =$O46-min($O$2:$O46) -> 8 | AF46: =IFERROR(__xludf.DUMMYFUNCTION("iferror(join("","",index(sort(filter($F47:$F$393,$O47:$O$393>$O46),2,false),0,1)))"),"LSU,Baylor") -> LSU,Baylor | AG46: =IFERROR(__xludf.DUMMYFUNCTION("iferror($O46-max(filter($O46:$O$392,$E46:$E$392=$E$2)))"),-2.0) -> -2 | AH46: =countifs($O45:$O$2,"<"&$O46,$E45:$E$2,$E$2) -> 0 | AI46: =IFERROR(__xludf.DUMMYFUNCTION("iferror(COUNT(filter($O47:$O$392,$O47:$O$392>$O46,$E46:$E$392=$E$2)))"),0.0) -> 0 | AJ46: =if(AG46=0,1,0) -> 0 | AK46: =IFERROR(__xludf.DUMMYFUNCTION("iferror($O46-min(filter($O46:$O$392,$E46:$E$392=$E$2)))"),8.0) -> 8 | AL46: =IFERROR(__xludf.DUMMYFUNCTION("iferror(join("","",index(sort(filter($F47:$F$392,$O47:$O$392>$O46,$E47:$E$392=$E$2),2,false),0,1)))"),"LSU") -> LSU | AM46: =IFERROR(__xludf.DUMMYFUNCTION("REGEXREPLACE(join("","",unique({let(conf_picked,filter(E$1:E45,D$1:D45=D46), byrow(unique(TRANSPOSe(Teams!$1:$1)),lambda(rw,if(ISERROR(match(rw,conf_picked,0)),rw,))));iferror(if(#REF!,,transpose(split(#REF!,"","",1,1))))})), ""^,"", """")"),"AAC,ACC,Big 12,Big Ten,CUSA,,Pac12,SEC,Independent") -> AAC,ACC,Big 12,Big Ten,CUSA,,Pac12,SEC,Independent | AN46: =IFERROR(__xludf.DUMMYFUNCTION("iferror($O46-max(filter($O46:$O$392,arrayformula(isnumber(FIND($E46:$E$392,AM46))))))"),-2.0) -> -2 | AO46: {=countifs($O$2:$O45,"<"&$O46,isnumber(FIND($E$2:$E45,AM46)),TRUE)} -> 11 | AP46: =IFERROR(__xludf.DUMMYFUNCTION("iferror(COUNT(filter($O47:$O$392,$O47:$O$392>$O46,arrayformula(isnumber(FIND($E47:$E$392,AM46))))))"),2.0) -> 2 | AQ46: =if(AN46=0,1,0) -> 0 | AR46: =IFERROR(__xludf.DUMMYFUNCTION("iferror($O46-min(filter($O46:$O$392,arrayformula(isnumber(FIND($E46:$E$392,AM46))))))"),9.0) -> 9 | AS46: =IFERROR(__xludf.DUMMYFUNCTION("iferror(join("","",index(sort(filter($F47:$F$392,$O47:$O$392>$O46,arrayformula(isnumber(FIND($E47:$E$392,AM46)))),2,false),0,1)))"),"LSU,Baylor") -> LSU,Baylor
A47: =A46+1 -> 46 | B47: =B35+1 -> 4 | C47: 10 | D47: =D28 -> Gary | E47: =if(F47<>"",VLOOKUP(F47,offset('Teams-Conference'!A:B,0,(counta('Draft Order'!B$2:B129)-10)*2),2,0),"") -> AAC | F47: Tulane | H47: =countif(E48:E57,E47) -> 0 | I47: =countif(E48:E69,E47) -> 0 | J47: =countif(E37:E46,E47) -> 3 | K47: =countif(E28:E47,E48) -> 0 | M47: =IFERROR(__xludf.DUMMYFUNCTION("counta(iferror(filter(L$2:L46,E$2:E46=E47,L$2:L46<L47)))"),0.0) -> 0 | N47: =IFERROR(__xludf.DUMMYFUNCTION("counta(iferror(filter(L48:L$129,E48:E$129=E47,L48:L$131>L47)))"),0.0) -> 0 | O47: {=XLOOKUP(F47,'Current Week'!B:B,'Current Week'!C:N)} -> 6 | P47: 6 | Q47: ESPNU | R47: BYE | T47: bye | U47: bye | W47: 9999 | AA47: =$O47-max($O47:$O$392) -> -6 | AB47: =countif($O46:$O$2,"<"&$O47) -> 9 | AC47: =IFERROR(__xludf.DUMMYFUNCTION("iferror(COUNT(filter($O48:$O$392,$O48:$O$392>$O47)))"),32.0) -> 32 | AD47: =if(AA47=0,1,0) -> 0 | AE47: =$O47-min($O$2:$O47) -> 4 | AF47: =IFERROR(__xludf.DUMMYFUNCTION("iferror(join("","",index(sort(filter($F48:$F$393,$O48:$O$393>$O47),2,false),0,1)))"),"Iowa State,Virginia Tech,LSU,Marshall,Wisconsin,Penn State,Georgia State,USC,Oklahoma State,Auburn,Louisiana Tech,Southern Mississippi,Florida,Baylor,UAB,Arizona State,California,BYU,Iowa,Texas A&M,Minnesota,Kansas State,Indiana,Wake Forest,Western Kentuc"&"ky,Virginia,Charlotte,Pittsburgh,Tennessee,Kentucky,Central Michigan,Louisville") -> Iowa State,Virginia Tech,LSU,Marshall,Wisconsin,Penn State,Georgia State,USC,Oklahoma State,Auburn,Louisiana Tech,Southern Mississippi,Florida,Baylor,UAB,Arizona State,California,BYU,Iowa,Texas A&M,Minnesota,Kansas State,Indiana,Wake Forest,Western Kentucky,Virginia,Charlotte,Pittsburgh,Tennessee,Kentucky,Central Michigan,Louisville | AG47: =IFERROR(__xludf.DUMMYFUNCTION("iferror($O47-max(filter($O47:$O$392,$E47:$E$392=$E$2)))"),-6.0) -> -6 | AH47: =countifs($O46:$O$2,"<"&$O47,$E46:$E$2,$E$2) -> 0 | AI47: =IFERROR(__xludf.DUMMYFUNCTION("iferror(COUNT(filter($O48:$O$392,$O48:$O$392>$O47,$E47:$E$392=$E$2)))"),0.0) -> 0 | AJ47: =if(AG47=0,1,0) -> 0 | AK47: =IFERROR(__xludf.DUMMYFUNCTION("iferror($O47-min(filter($O47:$O$392,$E47:$E$392=$E$2)))"),4.0) -> 4 | AL47: =IFERROR(__xludf.DUMMYFUNCTION("iferror(join("","",index(sort(filter($F48:$F$392,$O48:$O$392>$O47,$E48:$E$392=$E$2),2,false),0,1)))"),"LSU,Auburn,Florida,Texas A&M,Tennessee,Kentucky") -> LSU,Auburn,Florida,Texas A&M,Tennessee,Kentucky | AM47: =IFERROR(__xludf.DUMMYFUNCTION("REGEXREPLACE(join("","",unique({let(conf_picked,filter(E$1:E46,D$1:D46=D47), byrow(unique(TRANSPOSe(Teams!$1:$1)),lambda(rw,if(ISERROR(match(rw,conf_picked,0)),rw,))));iferror(if(#REF!,,transpose(split(#REF!,"","",1,1))))})), ""^,"", """")"),"AAC,ACC,Big 12,Big Ten,CUSA,,Pac12,SEC,Independent") -> AAC,ACC,Big 12,Big Ten,CUSA,,Pac12,SEC,Independent | AN47: =IFERROR(__xludf.DUMMYFUNCTION("iferror($O47-max(filter($O47:$O$392,arrayformula(isnumber(FIND($E47:$E$392,AM47))))))"),-6.0) -> -6 | AO47: {=countifs($O$2:$O46,"<"&$O47,isnumber(FIND($E$2:$E46,AM47)),TRUE)} -> 2 | AP47: =IFERROR(__xludf.DUMMYFUNCTION("iferror(COUNT(filter($O48:$O$392,$O48:$O$392>$O47,arrayformula(isnumber(FIND($E48:$E$392,AM47))))))"),30.0) -> 30 | AQ47: =if(AN47=0,1,0) -> 0 | AR47: =IFERROR(__xludf.DUMMYFUNCTION("iferror($O47-min(filter($O47:$O$392,arrayformula(isnumber(FIND($E47:$E$392,AM47))))))"),5.0) -> 5 | AS47: =IFERROR(__xludf.DUMMYFUNCTION("iferror(join("","",index(sort(filter($F48:$F$392,$O48:$O$392>$O47,arrayformula(isnumber(FIND($E48:$E$392,AM47)))),2,false),0,1)))"),"Iowa State,Virginia Tech,LSU,Marshall,Wisconsin,Penn State,USC,Oklahoma State,Auburn,Louisiana Tech,Southern Mississippi,Florida,Baylor,UAB,Arizona State,California,BYU,Iowa,Texas A&M,Minnesota,Kansas State,Indiana,Wake Forest,Western Kentucky,Virginia,Ch"&"arlotte,Pittsburgh,Tennessee,Kentucky,Louisville") -> Iowa State,Virginia Tech,LSU,Marshall,Wisconsin,Penn State,USC,Oklahoma State,Auburn,Louisiana Tech,Southern Mississippi,Florida,Baylor,UAB,Arizona State,California,BYU,Iowa,Texas A&M,Minnesota,Kansas State,Indiana,Wake Forest,Western Kentucky,Virginia,Charlotte,Pittsburgh,Tennessee,Kentucky,Louisville
A48: =A47+1 -> 47 | B48: =B36+1 -> 4 | C48: 11 | D48: =D27 -> Nick A. | E48: =if(F48<>"",VLOOKUP(F48,offset('Teams-Conference'!A:B,0,(counta('Draft Order'!B$2:B129)-10)*2),2,0),"") -> Big 12 | F48: Iowa State | H48: =countif(E49:E58,E48) -> 0 | I48: =countif(E49:E70,E48) -> 3 | J48: =countif(E38:E47,E48) -> 0 | K48: =countif(E29:E48,E49) -> 1 | M48: =IFERROR(__xludf.DUMMYFUNCTION("counta(iferror(filter(L$2:L47,E$2:E47=E48,L$2:L47<L48)))"),0.0) -> 0 | N48: =IFERROR(__xludf.DUMMYFUNCTION("counta(iferror(filter(L49:L$129,E49:E$129=E48,L49:L$131>L48)))"),0.0) -> 0 | O48: {=XLOOKUP(F48,'Current Week'!B:B,'Current Week'!C:N)} -> 7 | P48: 5 | Q48: FS1 | R48: BYE | T48: bye | U48: bye | W48: 9999 | AA48: =$O48-max($O48:$O$392) -> -5 | AB48: =countif($O47:$O$2,"<"&$O48) -> 16 | AC48: =IFERROR(__xludf.DUMMYFUNCTION("iferror(COUNT(filter($O49:$O$392,$O49:$O$392>$O48)))"),21.0) -> 21 | AD48: =if(AA48=0,1,0) -> 0 | AE48: =$O48-min($O$2:$O48) -> 5 | AF48: =IFERROR(__xludf.DUMMYFUNCTION("iferror(join("","",index(sort(filter($F49:$F$393,$O49:$O$393>$O48),2,false),0,1)))"),"Virginia Tech,LSU,Marshall,Wisconsin,Penn State,USC,Oklahoma State,Auburn,Louisiana Tech,Florida,Baylor,UAB,Iowa,Minnesota,Kansas State,Indiana,Wake Forest,Western Kentucky,Virginia,Central Michigan,Louisville") -> Virginia Tech,LSU,Marshall,Wisconsin,Penn State,USC,Oklahoma State,Auburn,Louisiana Tech,Florida,Baylor,UAB,Iowa,Minnesota,Kansas State,Indiana,Wake Forest,Western Kentucky,Virginia,Central Michigan,Louisville | AG48: =IFERROR(__xludf.DUMMYFUNCTION("iferror($O48-max(filter($O48:$O$392,$E48:$E$392=$E$2)))"),-5.0) -> -5 | AH48: =countifs($O47:$O$2,"<"&$O48,$E47:$E$2,$E$2) -> 0 | AI48: =IFERROR(__xludf.DUMMYFUNCTION("iferror(COUNT(filter($O49:$O$392,$O49:$O$392>$O48,$E48:$E$392=$E$2)))"),0.0) -> 0 | AJ48: =if(AG48=0,1,0) -> 0 | AK48: =IFERROR(__xludf.DUMMYFUNCTION("iferror($O48-min(filter($O48:$O$392,$E48:$E$392=$E$2)))"),5.0) -> 5 | AL48: =IFERROR(__xludf.DUMMYFUNCTION("iferror(join("","",index(sort(filter($F49:$F$392,$O49:$O$392>$O48,$E49:$E$392=$E$2),2,false),0,1)))"),"LSU,Auburn,Florida") -> LSU,Auburn,Florida | AM48: =IFERROR(__xludf.DUMMYFUNCTION("REGEXREPLACE(join("","",unique({let(conf_picked,filter(E$1:E47,D$1:D47=D48), byrow(unique(TRANSPOSe(Teams!$1:$1)),lambda(rw,if(ISERROR(match(rw,conf_picked,0)),rw,))));iferror(if(#REF!,,transpose(split(#REF!,"","",1,1))))})), ""^,"", """")"),"AAC,,Big 12,Big Ten,CUSA,MAC,SEC,Sun Belt,Independent") -> AAC,,Big 12,Big Ten,CUSA,MAC,SEC,Sun Belt,Independent | AN48: =IFERROR(__xludf.DUMMYFUNCTION("iferror($O48-max(filter($O48:$O$392,arrayformula(isnumber(FIND($E48:$E$392,AM48))))))"),-5.0) -> -5 | AO48: {=countifs($O$2:$O47,"<"&$O48,isnumber(FIND($E$2:$E47,AM48)),TRUE)} -> 13 | AP48: =IFERROR(__xludf.DUMMYFUNCTION("iferror(COUNT(filter($O49:$O$392,$O49:$O$392>$O48,arrayformula(isnumber(FIND($E49:$E$392,AM48))))))"),16.0) -> 16 | AQ48: =if(AN48=0,1,0) -> 0 | AR48: =IFERROR(__xludf.DUMMYFUNCTION("iferror($O48-min(filter($O48:$O$392,arrayformula(isnumber(FIND($E48:$E$392,AM48))))))"),7.0) -> 7 | AS48: =IFERROR(__xludf.DUMMYFUNCTION("iferror(join("","",index(sort(filter($F49:$F$392,$O49:$O$392>$O48,arrayformula(isnumber(FIND($E49:$E$392,AM48)))),2,false),0,1)))"),"LSU,Marshall,Wisconsin,Penn State,Oklahoma State,Auburn,Louisiana Tech,Florida,Baylor,UAB,Iowa,Minnesota,Kansas State,Indiana,Western Kentucky,Central Michigan") -> LSU,Marshall,Wisconsin,Penn State,Oklahoma State,Auburn,Louisiana Tech,Florida,Baylor,UAB,Iowa,Minnesota,Kansas State,Indiana,Western Kentucky,Central Michigan
A49: =A48+1 -> 48 | B49: =B37+1 -> 4 | C49: 12 | D49: =D26 -> DavEmily | E49: =if(F49<>"",VLOOKUP(F49,offset('Teams-Conference'!A:B,0,(counta('Draft Order'!B$2:B129)-10)*2),2,0),"") -> ACC | F49: Virginia Tech | H49: =countif(E50:E59,E49) -> 0 | I49: =countif(E50:E71,E49) -> 0 | J49: =countif(E39:E48,E49) -> 0 | K49: =countif(E30:E49,E50) -> 0 | M49: =IFERROR(__xludf.DUMMYFUNCTION("counta(iferror(filter(L$2:L48,E$2:E48=E49,L$2:L48<L49)))"),0.0) -> 0 | N49: =IFERROR(__xludf.DUMMYFUNCTION("counta(iferror(filter(L50:L$129,E50:E$129=E49,L50:L$131>L49)))"),0.0) -> 0 | O49: {=XLOOKUP(F49,'Current Week'!B:B,'Current Week'!C:N)} -> 8 | P49: 4 | Q49: ACC RSN | R49: BYE | T49: bye | U49: bye | W49: 9999 | AA49: =$O49-max($O49:$O$392) -> -4 | AB49: =countif($O48:$O$2,"<"&$O49) -> 26 | AC49: =IFERROR(__xludf.DUMMYFUNCTION("iferror(COUNT(filter($O50:$O$392,$O50:$O$392>$O49)))"),11.0) -> 11 | AD49: =if(AA49=0,1,0) -> 0 | AE49: =$O49-min($O$2:$O49) -> 6 | AF49: =IFERROR(__xludf.DUMMYFUNCTION("iferror(join("","",index(sort(filter($F50:$F$393,$O50:$O$393>$O49),2,false),0,1)))"),"LSU,Wisconsin,Penn State,Auburn,Louisiana Tech,Florida,Baylor,UAB,Iowa,Minnesota,Virginia") -> LSU,Wisconsin,Penn State,Auburn,Louisiana Tech,Florida,Baylor,UAB,Iowa,Minnesota,Virginia | AG49: =IFERROR(__xludf.DUMMYFUNCTION("iferror($O49-max(filter($O49:$O$392,$E49:$E$392=$E$2)))"),-4.0) -> -4 | AH49: =countifs($O48:$O$2,"<"&$O49,$E48:$E$2,$E$2) -> 0 | AI49: =IFERROR(__xludf.DUMMYFUNCTION("iferror(COUNT(filter($O50:$O$392,$O50:$O$392>$O49,$E49:$E$392=$E$2)))"),0.0) -> 0 | AJ49: =if(AG49=0,1,0) -> 0 | AK49: =IFERROR(__xludf.DUMMYFUNCTION("iferror($O49-min(filter($O49:$O$392,$E49:$E$392=$E$2)))"),6.0) -> 6 | AL49: =IFERROR(__xludf.DUMMYFUNCTION("iferror(join("","",index(sort(filter($F50:$F$392,$O50:$O$392>$O49,$E50:$E$392=$E$2),2,false),0,1)))"),"LSU,Auburn,Florida") -> LSU,Auburn,Florida | AM49: =IFERROR(__xludf.DUMMYFUNCTION("REGEXREPLACE(join("","",unique({let(conf_picked,filter(E$1:E48,D$1:D48=D49), byrow(unique(TRANSPOSe(Teams!$1:$1)),lambda(rw,if(ISERROR(match(rw,conf_picked,0)),rw,))));iferror(if(#REF!,,transpose(split(#REF!,"","",1,1))))})), ""^,"", """")"),"AAC,ACC,,Big Ten,CUSA,MAC,Pac12,Sun Belt,Independent") -> AAC,ACC,,Big Ten,CUSA,MAC,Pac12,Sun Belt,Independent | AN49: =IFERROR(__xludf.DUMMYFUNCTION("iferror($O49-max(filter($O49:$O$392,arrayformula(isnumber(FIND($E49:$E$392,AM49))))))"),-2.0) -> -2 | AO49: {=countifs($O$2:$O48,"<"&$O49,isnumber(FIND($E$2:$E48,AM49)),TRUE)} -> 20 | AP49: =IFERROR(__xludf.DUMMYFUNCTION("iferror(COUNT(filter($O50:$O$392,$O50:$O$392>$O49,arrayformula(isnumber(FIND($E50:$E$392,AM49))))))"),7.0) -> 7 | AQ49: =if(AN49=0,1,0) -> 0 | AR49: =IFERROR(__xludf.DUMMYFUNCTION("iferror($O49-min(filter($O49:$O$392,arrayformula(isnumber(FIND($E49:$E$392,AM49))))))"),8.0) -> 8 | AS49: =IFERROR(__xludf.DUMMYFUNCTION("iferror(join("","",index(sort(filter($F50:$F$392,$O50:$O$392>$O49,arrayformula(isnumber(FIND($E50:$E$392,AM49)))),2,false),0,1)))"),"Wisconsin,Penn State,Louisiana Tech,UAB,Iowa,Minnesota,Virginia") -> Wisconsin,Penn State,Louisiana Tech,UAB,Iowa,Minnesota,Virginia
A50: =A49+1 -> 49 | B50: =B38+1 -> 5 | C50: 1 | D50: =D26 -> DavEmily | E50: =if(F50<>"",VLOOKUP(F50,offset('Teams-Conference'!A:B,0,(counta('Draft Order'!B$2:B129)-10)*2),2,0),"") -> Big Ten | F50: Nebraska | H50: =countif(E51:E60,E50) -> 2 | I50: =countif(E51:E72,E50) -> 2 | J50: =countif(E40:E49,E50) -> 0 | K50: =countif(E31:E50,E51) -> 0 | M50: =IFERROR(__xludf.DUMMYFUNCTION("counta(iferror(filter(L$2:L49,E$2:E49=E50,L$2:L49<L50)))"),0.0) -> 0 | N50: =IFERROR(__xludf.DUMMYFUNCTION("counta(iferror(filter(L51:L$129,E51:E$129=E50,L51:L$131>L50)))"),0.0) -> 0 | O50: {=XLOOKUP(F50,'Current Week'!B:B,'Current Week'!C:N)} -> 5 | P50: 7 | Q50: BTN | R50: BYE | T50: bye | U50: bye | W50: 9999 | AA50: =$O50-max($O50:$O$392) -> -7 | AB50: =countif($O49:$O$2,"<"&$O50) -> 5 | AC50: =IFERROR(__xludf.DUMMYFUNCTION("iferror(COUNT(filter($O51:$O$392,$O51:$O$392>$O50)))"),38.0) -> 38 | AD50: =if(AA50=0,1,0) -> 0 | AE50: =$O50-min($O$2:$O50) -> 3 | AF50: =IFERROR(__xludf.DUMMYFUNCTION("iferror(join("","",index(sort(filter($F51:$F$393,$O51:$O$393>$O50),2,false),0,1)))"),"LSU,Marshall,Wisconsin,Penn State,Georgia State,USC,Oklahoma State,Auburn,Louisiana Tech,Southern Mississippi,Florida,Baylor,UAB,Arizona State,California,Michigan State,BYU,Iowa,Texas A&M,Minnesota,Kansas State,Indiana,Florida State,Wake Forest,Western Ke"&"ntucky,Virginia,Charlotte,Pittsburgh,Missouri,Boston College,Mississippi State,Tennessee,Kent State,Kentucky,Central Michigan,North Carolina,Louisville,Illinois") -> LSU,Marshall,Wisconsin,Penn State,Georgia State,USC,Oklahoma State,Auburn,Louisiana Tech,Southern Mississippi,Florida,Baylor,UAB,Arizona State,California,Michigan State,BYU,Iowa,Texas A&M,Minnesota,Kansas State,Indiana,Florida State,Wake Forest,Western Kentucky,Virginia,Charlotte,Pittsburgh,Missouri,Boston College,Mississippi State,Tennessee,Kent State,Kentucky,Central Michigan,North Carolina,Louisville,Illinois | AG50: =IFERROR(__xludf.DUMMYFUNCTION("iferror($O50-max(filter($O50:$O$392,$E50:$E$392=$E$2)))"),-7.0) -> -7 | AH50: =countifs($O49:$O$2,"<"&$O50,$E49:$E$2,$E$2) -> 0 | AI50: =IFERROR(__xludf.DUMMYFUNCTION("iferror(COUNT(filter($O51:$O$392,$O51:$O$392>$O50,$E50:$E$392=$E$2)))"),0.0) -> 0 | AJ50: =if(AG50=0,1,0) -> 0 | AK50: =IFERROR(__xludf.DUMMYFUNCTION("iferror($O50-min(filter($O50:$O$392,$E50:$E$392=$E$2)))"),3.0) -> 3 | AL50: =IFERROR(__xludf.DUMMYFUNCTION("iferror(join("","",index(sort(filter($F51:$F$392,$O51:$O$392>$O50,$E51:$E$392=$E$2),2,false),0,1)))"),"LSU,Auburn,Florida,Texas A&M,Missouri,Mississippi State,Tennessee,Kentucky") -> LSU,Auburn,Florida,Texas A&M,Missouri,Mississippi State,Tennessee,Kentucky | AM50: =IFERROR(__xludf.DUMMYFUNCTION("REGEXREPLACE(join("","",unique({let(conf_picked,filter(E$1:E49,D$1:D49=D50), byrow(unique(TRANSPOSe(Teams!$1:$1)),lambda(rw,if(ISERROR(match(rw,conf_picked,0)),rw,))));iferror(if(#REF!,,transpose(split(#REF!,"","",1,1))))})), ""^,"", """")"),"AAC,,Big Ten,CUSA,MAC,Pac12,Sun Belt,Independent") -> AAC,,Big Ten,CUSA,MAC,Pac12,Sun Belt,Independent | AN50: =IFERROR(__xludf.DUMMYFUNCTION("iferror($O50-max(filter($O50:$O$392,arrayformula(isnumber(FIND($E50:$E$392,AM50))))))"),-5.0) -> -5 | AO50: {=countifs($O$2:$O49,"<"&$O50,isnumber(FIND($E$2:$E49,AM50)),TRUE)} -> 4 | AP50: =IFERROR(__xludf.DUMMYFUNCTION("iferror(COUNT(filter($O51:$O$392,$O51:$O$392>$O50,arrayformula(isnumber(FIND($E51:$E$392,AM50))))))"),19.0) -> 19 | AQ50: =if(AN50=0,1,0) -> 0 | AR50: =IFERROR(__xludf.DUMMYFUNCTION("iferror($O50-min(filter($O50:$O$392,arrayformula(isnumber(FIND($E50:$E$392,AM50))))))"),5.0) -> 5 | AS50: =IFERROR(__xludf.DUMMYFUNCTION("iferror(join("","",index(sort(filter($F51:$F$392,$O51:$O$392>$O50,arrayformula(isnumber(FIND($E51:$E$392,AM50)))),2,false),0,1)))"),"Marshall,Wisconsin,Penn State,Georgia State,USC,Louisiana Tech,Southern Mississippi,UAB,Arizona State,California,Michigan State,Iowa,Minnesota,Indiana,Western Kentucky,Charlotte,Kent State,Central Michigan,Illinois") -> Marshall,Wisconsin,Penn State,Georgia State,USC,Louisiana Tech,Southern Mississippi,UAB,Arizona State,California,Michigan State,Iowa,Minnesota,Indiana,Western Kentucky,Charlotte,Kent State,Central Michigan,Illinois
A51: =A50+1 -> 50 | B51: =B39+1 -> 5 | C51: 2 | D51: =D27 -> Nick A. | E51: =if(F51<>"",VLOOKUP(F51,offset('Teams-Conference'!A:B,0,(counta('Draft Order'!B$2:B129)-10)*2),2,0),"") -> SEC | F51: LSU | H51: =countif(E52:E61,E51) -> 0 | I51: =countif(E52:E73,E51) -> 2 | J51: =countif(E41:E50,E51) -> 0 | K51: =countif(E32:E51,E52) -> 2 | M51: =IFERROR(__xludf.DUMMYFUNCTION("counta(iferror(filter(L$2:L50,E$2:E50=E51,L$2:L50<L51)))"),0.0) -> 0 | N51: =IFERROR(__xludf.DUMMYFUNCTION("counta(iferror(filter(L52:L$129,E52:E$129=E51,L52:L$131>L51)))"),0.0) -> 0 | O51: {=XLOOKUP(F51,'Current Week'!B:B,'Current Week'!C:N)} -> 12 | P51: 0 | Q51: ESPN | R51: (4) Georgia at (1) LSU | S51: SAT, DEC 7 4:00 PM ET | T51: -7½ +0 | U51: 54½ | V51: Nico | W51: SAT, DEC 7 4:00 PM ET | AA51: =$O51-max($O51:$O$392) -> 0 | AB51: =countif($O50:$O$2,"<"&$O51) -> 47 | AC51: =IFERROR(__xludf.DUMMYFUNCTION("iferror(COUNT(filter($O52:$O$392,$O52:$O$392>$O51)))"),0.0) -> 0 | AD51: =if(AA51=0,1,0) -> 1 | AE51: =$O51-min($O$2:$O51) -> 10 | AF51: =IFERROR(__xludf.DUMMYFUNCTION("iferror(join("","",index(sort(filter($F52:$F$393,$O52:$O$393>$O51),2,false),0,1)))"),"") | AG51: =IFERROR(__xludf.DUMMYFUNCTION("iferror($O51-max(filter($O51:$O$392,$E51:$E$392=$E$2)))"),0.0) -> 0 | AH51: =countifs($O50:$O$2,"<"&$O51,$E50:$E$2,$E$2) -> 2 | AI51: =IFERROR(__xludf.DUMMYFUNCTION("iferror(COUNT(filter($O52:$O$392,$O52:$O$392>$O51,$E51:$E$392=$E$2)))"),0.0) -> 0 | AJ51: =if(AG51=0,1,0) -> 1 | AK51: =IFERROR(__xludf.DUMMYFUNCTION("iferror($O51-min(filter($O51:$O$392,$E51:$E$392=$E$2)))"),10.0) -> 10 | AL51: =IFERROR(__xludf.DUMMYFUNCTION("iferror(join("","",index(sort(filter($F52:$F$392,$O52:$O$392>$O51,$E52:$E$392=$E$2),2,false),0,1)))"),"") | AM51: =IFERROR(__xludf.DUMMYFUNCTION("REGEXREPLACE(join("","",unique({let(conf_picked,filter(E$1:E50,D$1:D50=D51), byrow(unique(TRANSPOSe(Teams!$1:$1)),lambda(rw,if(ISERROR(match(rw,conf_picked,0)),rw,))));iferror(if(#REF!,,transpose(split(#REF!,"","",1,1))))})), ""^,"", """")"),"AAC,,Big Ten,CUSA,MAC,SEC,Sun Belt,Independent") -> AAC,,Big Ten,CUSA,MAC,SEC,Sun Belt,Independent | AN51: =IFERROR(__xludf.DUMMYFUNCTION("iferror($O51-max(filter($O51:$O$392,arrayformula(isnumber(FIND($E51:$E$392,AM51))))))"),0.0) -> 0 | AO51: {=countifs($O$2:$O50,"<"&$O51,isnumber(FIND($E$2:$E50,AM51)),TRUE)} -> 29 | AP51: =IFERROR(__xludf.DUMMYFUNCTION("iferror(COUNT(filter($O52:$O$392,$O52:$O$392>$O51,arrayformula(isnumber(FIND($E52:$E$392,AM51))))))"),0.0) -> 0 | AQ51: =if(AN51=0,1,0) -> 1 | AR51: =IFERROR(__xludf.DUMMYFUNCTION("iferror($O51-min(filter($O51:$O$392,arrayformula(isnumber(FIND($E51:$E$392,AM51))))))"),12.0) -> 12 | AS51: =IFERROR(__xludf.DUMMYFUNCTION("iferror(join("","",index(sort(filter($F52:$F$392,$O52:$O$392>$O51,arrayformula(isnumber(FIND($E52:$E$392,AM51)))),2,false),0,1)))"),"")
A52: =A51+1 -> 51 | B52: =B40+1 -> 5 | C52: 3 | D52: =D28 -> Gary | E52: =if(F52<>"",VLOOKUP(F52,offset('Teams-Conference'!A:B,0,(counta('Draft Order'!B$2:B129)-10)*2),2,0),"") -> CUSA | F52: Marshall | H52: =countif(E53:E62,E52) -> 1 | I52: =countif(E53:E74,E52) -> 4 | J52: =countif(E42:E51,E52) -> 1 | K52: =countif(E33:E52,E54) -> 4 | M52: =IFERROR(__xludf.DUMMYFUNCTION("counta(iferror(filter(L$2:L51,E$2:E51=E52,L$2:L51<L52)))"),0.0) -> 0 | N52: =IFERROR(__xludf.DUMMYFUNCTION("counta(iferror(filter(L53:L$129,E53:E$129=E52,L53:L$131>L52)))"),0.0) -> 0 | O52: {=XLOOKUP(F52,'Current Week'!B:B,'Current Week'!C:N)} -> 8 | P52: 4 | Q52: CBSSN | R52: BYE | T52: bye | U52: bye | W52: 9999 | AA52: =$O52-max($O52:$O$392) -> -3 | AB52: =countif($O51:$O$2,"<"&$O52) -> 27 | AC52: =IFERROR(__xludf.DUMMYFUNCTION("iferror(COUNT(filter($O53:$O$392,$O53:$O$392>$O52)))"),10.0) -> 10 | AD52: =if(AA52=0,1,0) -> 0 | AE52: =$O52-min($O$2:$O52) -> 6 | AF52: =IFERROR(__xludf.DUMMYFUNCTION("iferror(join("","",index(sort(filter($F53:$F$393,$O53:$O$393>$O52),2,false),0,1)))"),"Wisconsin,Penn State,Auburn,Louisiana Tech,Florida,Baylor,UAB,Iowa,Minnesota,Virginia") -> Wisconsin,Penn State,Auburn,Louisiana Tech,Florida,Baylor,UAB,Iowa,Minnesota,Virginia | AG52: =IFERROR(__xludf.DUMMYFUNCTION("iferror($O52-max(filter($O52:$O$392,$E52:$E$392=$E$2)))"),-2.0) -> -2 | AH52: =countifs($O51:$O$2,"<"&$O52,$E51:$E$2,$E$2) -> 0 | AI52: =IFERROR(__xludf.DUMMYFUNCTION("iferror(COUNT(filter($O53:$O$392,$O53:$O$392>$O52,$E52:$E$392=$E$2)))"),0.0) -> 0 | AJ52: =if(AG52=0,1,0) -> 0 | AK52: =IFERROR(__xludf.DUMMYFUNCTION("iferror($O52-min(filter($O52:$O$392,$E52:$E$392=$E$2)))"),6.0) -> 6 | AL52: =IFERROR(__xludf.DUMMYFUNCTION("iferror(join("","",index(sort(filter($F53:$F$392,$O53:$O$392>$O52,$E53:$E$392=$E$2),2,false),0,1)))"),"Auburn,Florida") -> Auburn,Florida | AM52: =IFERROR(__xludf.DUMMYFUNCTION("REGEXREPLACE(join("","",unique({let(conf_picked,filter(E$1:E51,D$1:D51=D52), byrow(unique(TRANSPOSe(Teams!$1:$1)),lambda(rw,if(ISERROR(match(rw,conf_picked,0)),rw,))));iferror(if(#REF!,,transpose(split(#REF!,"","",1,1))))})), ""^,"", """")"),"ACC,Big 12,Big Ten,CUSA,Pac12,SEC,Independent") -> ACC,Big 12,Big Ten,CUSA,Pac12,SEC,Independent | AN52: =IFERROR(__xludf.DUMMYFUNCTION("iferror($O52-max(filter($O52:$O$392,arrayformula(isnumber(FIND($E52:$E$392,AM52))))))"),-3.0) -> -3 | AO52: {=countifs($O$2:$O51,"<"&$O52,isnumber(FIND($E$2:$E51,AM52)),TRUE)} -> 7 | AP52: =IFERROR(__xludf.DUMMYFUNCTION("iferror(COUNT(filter($O53:$O$392,$O53:$O$392>$O52,arrayformula(isnumber(FIND($E53:$E$392,AM52))))))"),10.0) -> 10 | AQ52: =if(AN52=0,1,0) -> 0 | AR52: =IFERROR(__xludf.DUMMYFUNCTION("iferror($O52-min(filter($O52:$O$392,arrayformula(isnumber(FIND($E52:$E$392,AM52))))))"),7.0) -> 7 | AS52: =IFERROR(__xludf.DUMMYFUNCTION("iferror(join("","",index(sort(filter($F53:$F$392,$O53:$O$392>$O52,arrayformula(isnumber(FIND($E53:$E$392,AM52)))),2,false),0,1)))"),"Wisconsin,Penn State,Auburn,Louisiana Tech,Florida,Baylor,UAB,Iowa,Minnesota,Virginia") -> Wisconsin,Penn State,Auburn,Louisiana Tech,Florida,Baylor,UAB,Iowa,Minnesota,Virginia
